starting generic LSP server
 INFO Reading messages
 INFO Handling non-canceled request pyrefly/textDocument/typeErrorDisplayStatus (1)
 INFO Language server processed event `LspRequest(pyrefly/textDocument/typeErrorDisplayStatus)` in 0.05s (0.00s waiting)
 INFO Handling non-canceled request pyrefly/textDocument/typeErrorDisplayStatus (2)
 INFO Language server processed event `LspRequest(pyrefly/textDocument/typeErrorDisplayStatus)` in 0.00s (0.05s waiting)
 INFO Handling non-canceled request pyrefly/textDocument/typeErrorDisplayStatus (3)
 INFO Language server processed event `LspRequest(pyrefly/textDocument/typeErrorDisplayStatus)` in 0.00s (0.05s waiting)
 INFO Cleared 2 dropped configs from config cache
 INFO Language server processed event `DidOpenTextDocument` in 0.00s (0.05s waiting)
 INFO Ran task on sourcedb_queue heavy task queue. Queue time: 0.00, task time: 0.00
 INFO Unhandled notification: Notification { method: "$/setTrace", params: Object {"value": String("off")}, activity_key: None }
 INFO Unhandled notification: Notification { method: "$/setTrace", params: Object {"value": String("off")}, activity_key: None }
 INFO Handling non-canceled request pyrefly/textDocument/typeErrorDisplayStatus (4)
 INFO Language server processed event `LspRequest(pyrefly/textDocument/typeErrorDisplayStatus)` in 0.23s (0.05s waiting)
 INFO We should cancel request RequestId(I32(5))
 INFO Language server processed event `CancelRequest` in 0.00s (0.10s waiting)
 INFO Request textDocument/codeAction (5) is canceled due to explicit cancellation
 INFO Language server processed event `LspRequest(textDocument/codeAction)` in 0.00s (0.28s waiting)
 INFO Language server processed event `LspResponse` in 0.00s (0.27s waiting)
 INFO Request textDocument/inlayHint (6) is canceled due to subsequent mutation
 INFO Language server processed event `LspRequest(textDocument/inlayHint)` in 0.00s (0.17s waiting)
 INFO Handling non-canceled request pyrefly/textDocument/typeErrorDisplayStatus (7)
 INFO Language server processed event `LspRequest(pyrefly/textDocument/typeErrorDisplayStatus)` in 0.00s (0.17s waiting)
 INFO Handling non-canceled request pyrefly/textDocument/typeErrorDisplayStatus (8)
 INFO Language server processed event `LspRequest(pyrefly/textDocument/typeErrorDisplayStatus)` in 0.00s (0.17s waiting)
 INFO Handling non-canceled request pyrefly/textDocument/typeErrorDisplayStatus (9)
 INFO Language server processed event `LspRequest(pyrefly/textDocument/typeErrorDisplayStatus)` in 0.00s (0.15s waiting)
 INFO Language server processed event `LspResponse` in 0.00s (0.13s waiting)
 INFO Handling non-canceled request textDocument/codeAction (10)
 INFO Language server processed event `LspRequest(textDocument/codeAction)` in 0.00s (0.10s waiting)
 INFO Handling non-canceled request textDocument/foldingRange (11)
 INFO Language server processed event `LspRequest(textDocument/foldingRange)` in 0.00s (0.00s waiting)
 INFO We should cancel request RequestId(I32(11))
 INFO Language server processed event `CancelRequest` in 0.00s (0.00s waiting)
 INFO Handling non-canceled request textDocument/documentSymbol (12)
 INFO Language server processed event `LspRequest(textDocument/documentSymbol)` in 0.00s (0.00s waiting)
 INFO Handling non-canceled request textDocument/codeLens (13)
 INFO Language server processed event `LspRequest(textDocument/codeLens)` in 0.00s (0.00s waiting)
 INFO We should cancel request RequestId(I32(12))
 INFO Language server processed event `CancelRequest` in 0.00s (0.00s waiting)
 INFO Unhandled notification: Notification { method: "$/setTrace", params: Object {"value": String("off")}, activity_key: None }
 INFO We should cancel request RequestId(I32(10))
 INFO Language server processed event `CancelRequest` in 0.00s (0.00s waiting)
 INFO Handling non-canceled request textDocument/codeAction (14)
 INFO Language server processed event `LspRequest(textDocument/codeAction)` in 0.00s (0.00s waiting)
 INFO Handling non-canceled request pyrefly/textDocument/typeErrorDisplayStatus (15)
 INFO Language server processed event `LspRequest(pyrefly/textDocument/typeErrorDisplayStatus)` in 0.00s (0.00s waiting)
 INFO We should cancel request RequestId(I32(14))
 INFO Language server processed event `CancelRequest` in 0.00s (0.00s waiting)
 INFO Handling non-canceled request textDocument/codeAction (16)
 INFO Language server processed event `LspRequest(textDocument/codeAction)` in 0.00s (0.00s waiting)
 INFO Handling non-canceled request textDocument/semanticTokens/range (17)
 INFO Language server processed event `LspRequest(textDocument/semanticTokens/range)` in 0.00s (0.00s waiting)
 INFO We should cancel request RequestId(I32(16))
 INFO Language server processed event `CancelRequest` in 0.00s (0.00s waiting)
 INFO We should cancel request RequestId(I32(13))
 INFO Language server processed event `CancelRequest` in 0.00s (0.00s waiting)
 INFO Handling non-canceled request textDocument/codeAction (18)
 INFO Language server processed event `LspRequest(textDocument/codeAction)` in 0.00s (0.00s waiting)
 INFO Handling non-canceled request textDocument/documentSymbol (19)
 INFO Language server processed event `LspRequest(textDocument/documentSymbol)` in 0.00s (0.00s waiting)
 INFO Handling non-canceled request textDocument/inlayHint (20)
 INFO Language server processed event `LspRequest(textDocument/inlayHint)` in 0.03s (0.00s waiting)
 INFO Handling non-canceled request textDocument/foldingRange (21)
 INFO Language server processed event `LspRequest(textDocument/foldingRange)` in 0.00s (0.00s waiting)
 INFO Handling non-canceled request textDocument/documentSymbol (22)
 INFO Language server processed event `LspRequest(textDocument/documentSymbol)` in 0.00s (0.00s waiting)
 INFO Handling non-canceled request textDocument/codeLens (23)
 INFO Language server processed event `LspRequest(textDocument/codeLens)` in 0.00s (0.00s waiting)
 INFO Handling non-canceled request textDocument/semanticTokens/full (24)
 INFO Language server processed event `LspRequest(textDocument/semanticTokens/full)` in 0.00s (0.00s waiting)
 INFO Unhandled notification: Notification { method: "$/setTrace", params: Object {"value": String("off")}, activity_key: None }
 INFO Handling non-canceled request pyrefly/textDocument/typeErrorDisplayStatus (25)
 INFO Language server processed event `LspRequest(pyrefly/textDocument/typeErrorDisplayStatus)` in 0.00s (0.00s waiting)
 INFO File /home/juan/projects/TermChat/termchat/__init__.py opened, prepare to validate open files.
 INFO Ran task on sourcedb_queue heavy task queue. Queue time: 0.00, task time: 0.00
 INFO Published 0 diagnostics for file:///home/juan/projects/TermChat/termchat/__init__.py
 INFO Published 0 diagnostics for file:///home/juan/projects/TermChat/termchat/history.py
 INFO Validated open files and committed transaction.
 INFO Language server processed event `DidOpenTextDocument` in 0.12s (0.00s waiting)
 INFO Language server processed event `DidOpenTextDocument` in 0.00s (0.11s waiting)
 INFO File /home/juan/projects/TermChat/termchat/config.py opened, prepare to validate open files.
 INFO Ran task on sourcedb_queue heavy task queue. Queue time: 0.00, task time: 0.00
 INFO Ran task on sourcedb_queue heavy task queue. Queue time: 0.00, task time: 0.00
 INFO Published 0 diagnostics for file:///home/juan/projects/TermChat/termchat/__init__.py
 INFO Published 0 diagnostics for file:///home/juan/projects/TermChat/main.py
 INFO Published 0 diagnostics for file:///home/juan/projects/TermChat/termchat/config.py
 INFO Published 0 diagnostics for file:///home/juan/projects/TermChat/termchat/history.py
 INFO Validated open files and committed transaction.
 INFO Language server processed event `DidOpenTextDocument` in 0.01s (0.11s waiting)
 INFO Language server processed event `LspResponse` in 0.00s (0.01s waiting)
 INFO Language server processed event `LspResponse` in 0.00s (0.01s waiting)
 INFO Language server processed event `LspResponse` in 0.00s (0.01s waiting)
 INFO Handling non-canceled request textDocument/semanticTokens/full (26)
 INFO Language server processed event `LspRequest(textDocument/semanticTokens/full)` in 0.00s (0.01s waiting)
 INFO Language server processed event `LspResponse` in 0.00s (0.00s waiting)
 INFO Language server processed event `LspResponse` in 0.00s (0.00s waiting)
 INFO Handling non-canceled request textDocument/semanticTokens/full (27)
 INFO Language server processed event `LspRequest(textDocument/semanticTokens/full)` in 0.00s (0.00s waiting)
 INFO Handling non-canceled request textDocument/codeLens (28)
 INFO Language server processed event `LspRequest(textDocument/codeLens)` in 0.00s (0.00s waiting)
 INFO Handling non-canceled request textDocument/hover (29)
 INFO Language server processed event `LspRequest(textDocument/hover)` in 0.00s (0.00s waiting)
 INFO Handling non-canceled request textDocument/inlayHint (30)
 INFO Language server processed event `LspRequest(textDocument/inlayHint)` in 0.00s (0.00s waiting)
 INFO Language server processed event `LspResponse` in 0.00s (0.00s waiting)
 INFO Handling non-canceled request textDocument/inlayHint (31)
 INFO Language server processed event `LspRequest(textDocument/inlayHint)` in 0.00s (0.00s waiting)
 INFO Handling non-canceled request textDocument/hover (32)
 INFO Language server processed event `LspRequest(textDocument/hover)` in 0.00s (0.00s waiting)
 INFO Handling non-canceled request textDocument/hover (33)
 INFO Language server processed event `LspRequest(textDocument/hover)` in 0.00s (0.00s waiting)
 INFO Handling non-canceled request textDocument/inlayHint (34)
 INFO Language server processed event `LspRequest(textDocument/inlayHint)` in 0.00s (0.00s waiting)
 INFO Handling non-canceled request textDocument/inlayHint (35)
 INFO Language server processed event `LspRequest(textDocument/inlayHint)` in 0.00s (0.00s waiting)
 INFO Handling non-canceled request pyrefly/textDocument/typeErrorDisplayStatus (36)
 INFO Language server processed event `LspRequest(pyrefly/textDocument/typeErrorDisplayStatus)` in 0.00s (0.00s waiting)
 INFO Handling non-canceled request textDocument/codeAction (37)
 INFO Language server processed event `LspRequest(textDocument/codeAction)` in 0.00s (0.00s waiting)
 INFO Handling non-canceled request textDocument/documentSymbol (38)
 INFO Language server processed event `LspRequest(textDocument/documentSymbol)` in 0.00s (0.00s waiting)
 INFO Handling non-canceled request textDocument/inlayHint (39)
 INFO Language server processed event `LspRequest(textDocument/inlayHint)` in 0.00s (0.00s waiting)
 INFO Handling non-canceled request textDocument/codeLens (40)
 INFO Language server processed event `LspRequest(textDocument/codeLens)` in 0.00s (0.00s waiting)
 INFO Handling non-canceled request textDocument/semanticTokens/full (41)
 INFO Language server processed event `LspRequest(textDocument/semanticTokens/full)` in 0.00s (0.00s waiting)
 INFO Handling non-canceled request textDocument/documentSymbol (42)
 INFO Language server processed event `LspRequest(textDocument/documentSymbol)` in 0.00s (0.00s waiting)
 INFO Handling non-canceled request textDocument/foldingRange (43)
 INFO Language server processed event `LspRequest(textDocument/foldingRange)` in 0.00s (0.00s waiting)
 INFO Handling non-canceled request textDocument/inlayHint (44)
 INFO Language server processed event `LspRequest(textDocument/inlayHint)` in 0.00s (0.00s waiting)
 INFO Handling non-canceled request textDocument/inlayHint (45)
 INFO Language server processed event `LspRequest(textDocument/inlayHint)` in 0.00s (0.00s waiting)
 INFO Handling non-canceled request textDocument/inlayHint (46)
 INFO Language server processed event `LspRequest(textDocument/inlayHint)` in 0.00s (0.00s waiting)
 INFO Handling non-canceled request textDocument/inlayHint (47)
 INFO Language server processed event `LspRequest(textDocument/inlayHint)` in 0.00s (0.00s waiting)
 INFO Handling non-canceled request textDocument/inlayHint (48)
 INFO Language server processed event `LspRequest(textDocument/inlayHint)` in 0.00s (0.00s waiting)
 INFO Handling non-canceled request textDocument/inlayHint (49)
 INFO Language server processed event `LspRequest(textDocument/inlayHint)` in 0.00s (0.00s waiting)
 INFO Handling non-canceled request textDocument/hover (50)
 INFO Language server processed event `LspRequest(textDocument/hover)` in 0.00s (0.00s waiting)
 INFO Handling non-canceled request textDocument/inlayHint (51)
 INFO Language server processed event `LspRequest(textDocument/inlayHint)` in 0.00s (0.00s waiting)
 INFO Handling non-canceled request textDocument/inlayHint (52)
 INFO Language server processed event `LspRequest(textDocument/inlayHint)` in 0.00s (0.00s waiting)
 INFO Handling non-canceled request textDocument/inlayHint (53)
 INFO Language server processed event `LspRequest(textDocument/inlayHint)` in 0.00s (0.00s waiting)
 INFO Handling non-canceled request textDocument/inlayHint (54)
 INFO Language server processed event `LspRequest(textDocument/inlayHint)` in 0.00s (0.00s waiting)
 INFO Handling non-canceled request textDocument/hover (55)
 INFO Language server processed event `LspRequest(textDocument/hover)` in 0.00s (0.00s waiting)
 INFO Handling non-canceled request pyrefly/textDocument/typeErrorDisplayStatus (56)
 INFO Language server processed event `LspRequest(pyrefly/textDocument/typeErrorDisplayStatus)` in 0.00s (0.00s waiting)
 INFO Handling non-canceled request textDocument/codeAction (57)
 INFO Language server processed event `LspRequest(textDocument/codeAction)` in 0.00s (0.00s waiting)
 INFO Handling non-canceled request textDocument/documentSymbol (58)
 INFO Language server processed event `LspRequest(textDocument/documentSymbol)` in 0.00s (0.00s waiting)
 INFO Handling non-canceled request textDocument/inlayHint (59)
 INFO Language server processed event `LspRequest(textDocument/inlayHint)` in 0.00s (0.00s waiting)
 INFO Handling non-canceled request textDocument/foldingRange (60)
 INFO Language server processed event `LspRequest(textDocument/foldingRange)` in 0.00s (0.00s waiting)
 INFO Handling non-canceled request textDocument/codeLens (61)
 INFO Language server processed event `LspRequest(textDocument/codeLens)` in 0.00s (0.00s waiting)
 INFO Handling non-canceled request textDocument/semanticTokens/full (62)
 INFO Language server processed event `LspRequest(textDocument/semanticTokens/full)` in 0.00s (0.00s waiting)
 INFO Handling non-canceled request textDocument/documentSymbol (63)
 INFO Language server processed event `LspRequest(textDocument/documentSymbol)` in 0.00s (0.00s waiting)
 INFO Handling non-canceled request pyrefly/textDocument/typeErrorDisplayStatus (64)
 INFO Language server processed event `LspRequest(pyrefly/textDocument/typeErrorDisplayStatus)` in 0.00s (0.00s waiting)
 INFO Handling non-canceled request textDocument/codeAction (65)
 INFO Language server processed event `LspRequest(textDocument/codeAction)` in 0.00s (0.00s waiting)
 INFO Handling non-canceled request textDocument/inlayHint (66)
 INFO Language server processed event `LspRequest(textDocument/inlayHint)` in 0.00s (0.00s waiting)
 INFO Handling non-canceled request textDocument/codeLens (67)
 INFO Language server processed event `LspRequest(textDocument/codeLens)` in 0.00s (0.00s waiting)
 INFO Handling non-canceled request textDocument/semanticTokens/full (68)
 INFO Language server processed event `LspRequest(textDocument/semanticTokens/full)` in 0.00s (0.00s waiting)
 INFO Handling non-canceled request textDocument/documentSymbol (69)
 INFO Language server processed event `LspRequest(textDocument/documentSymbol)` in 0.00s (0.00s waiting)
 INFO Handling non-canceled request textDocument/foldingRange (70)
 INFO Language server processed event `LspRequest(textDocument/foldingRange)` in 0.00s (0.00s waiting)
 INFO Handling non-canceled request pyrefly/textDocument/typeErrorDisplayStatus (71)
 INFO Language server processed event `LspRequest(pyrefly/textDocument/typeErrorDisplayStatus)` in 0.00s (0.00s waiting)
 INFO Handling non-canceled request textDocument/codeAction (72)
 INFO Language server processed event `LspRequest(textDocument/codeAction)` in 0.00s (0.00s waiting)
 INFO Handling non-canceled request textDocument/inlayHint (73)
 INFO Language server processed event `LspRequest(textDocument/inlayHint)` in 0.00s (0.00s waiting)
 INFO Handling non-canceled request textDocument/foldingRange (74)
 INFO Language server processed event `LspRequest(textDocument/foldingRange)` in 0.00s (0.00s waiting)
 INFO Handling non-canceled request textDocument/codeLens (75)
 INFO Language server processed event `LspRequest(textDocument/codeLens)` in 0.00s (0.00s waiting)
 INFO Handling non-canceled request textDocument/semanticTokens/full (76)
 INFO Language server processed event `LspRequest(textDocument/semanticTokens/full)` in 0.00s (0.00s waiting)
 INFO Handling non-canceled request textDocument/documentSymbol (77)
 INFO Language server processed event `LspRequest(textDocument/documentSymbol)` in 0.00s (0.00s waiting)
 INFO Published 0 diagnostics for file:///home/juan/projects/TermChat/termchat/__init__.py
 INFO Language server processed event `DidCloseTextDocument` in 0.00s (0.00s waiting)
 INFO Ran task on sourcedb_queue heavy task queue. Queue time: 0.00, task time: 0.00
 INFO Ran task on recheck_queue heavy task queue. Queue time: 0.00, task time: 0.00
 INFO Unhandled notification: Notification { method: "$/setTrace", params: Object {"value": String("off")}, activity_key: None }
 INFO Handling non-canceled request pyrefly/textDocument/typeErrorDisplayStatus (78)
 INFO Language server processed event `LspRequest(pyrefly/textDocument/typeErrorDisplayStatus)` in 0.00s (0.00s waiting)
 INFO Handling non-canceled request textDocument/codeAction (79)
 INFO Language server processed event `LspRequest(textDocument/codeAction)` in 0.00s (0.00s waiting)
 INFO Handling non-canceled request textDocument/inlayHint (80)
 INFO Language server processed event `LspRequest(textDocument/inlayHint)` in 0.00s (0.00s waiting)
 INFO Handling non-canceled request textDocument/inlayHint (81)
 INFO Language server processed event `LspRequest(textDocument/inlayHint)` in 0.00s (0.00s waiting)
 INFO Handling non-canceled request textDocument/foldingRange (82)
 INFO Language server processed event `LspRequest(textDocument/foldingRange)` in 0.00s (0.00s waiting)
 INFO Handling non-canceled request textDocument/codeLens (83)
 INFO Language server processed event `LspRequest(textDocument/codeLens)` in 0.00s (0.00s waiting)
 INFO Handling non-canceled request textDocument/semanticTokens/full (84)
 INFO Language server processed event `LspRequest(textDocument/semanticTokens/full)` in 0.00s (0.00s waiting)
 INFO Handling non-canceled request textDocument/documentSymbol (85)
 INFO Language server processed event `LspRequest(textDocument/documentSymbol)` in 0.00s (0.00s waiting)
 INFO Handling non-canceled request pyrefly/textDocument/typeErrorDisplayStatus (86)
 INFO Language server processed event `LspRequest(pyrefly/textDocument/typeErrorDisplayStatus)` in 0.00s (0.00s waiting)
 INFO Handling non-canceled request textDocument/codeAction (87)
 INFO Language server processed event `LspRequest(textDocument/codeAction)` in 0.00s (0.00s waiting)
 INFO Handling non-canceled request textDocument/inlayHint (88)
 INFO Language server processed event `LspRequest(textDocument/inlayHint)` in 0.00s (0.00s waiting)
 INFO Handling non-canceled request textDocument/codeLens (89)
 INFO Language server processed event `LspRequest(textDocument/codeLens)` in 0.00s (0.00s waiting)
 INFO Handling non-canceled request textDocument/semanticTokens/full (90)
 INFO Language server processed event `LspRequest(textDocument/semanticTokens/full)` in 0.00s (0.00s waiting)
 INFO Handling non-canceled request textDocument/documentSymbol (91)
 INFO Language server processed event `LspRequest(textDocument/documentSymbol)` in 0.00s (0.00s waiting)
 INFO Handling non-canceled request textDocument/foldingRange (92)
 INFO Language server processed event `LspRequest(textDocument/foldingRange)` in 0.00s (0.00s waiting)
 INFO Handling non-canceled request textDocument/inlayHint (93)
 INFO Language server processed event `LspRequest(textDocument/inlayHint)` in 0.00s (0.00s waiting)
 INFO File /home/juan/projects/TermChat/termchat/__init__.py opened, prepare to validate open files.
 INFO Ran task on sourcedb_queue heavy task queue. Queue time: 0.00, task time: 0.00
 INFO Published 0 diagnostics for file:///home/juan/projects/TermChat/termchat/__init__.py
 INFO Published 0 diagnostics for file:///home/juan/projects/TermChat/main.py
 INFO Published 0 diagnostics for file:///home/juan/projects/TermChat/termchat/config.py
 INFO Published 0 diagnostics for file:///home/juan/projects/TermChat/termchat/history.py
 INFO Validated open files and committed transaction.
 INFO Language server processed event `DidOpenTextDocument` in 0.00s (0.00s waiting)
 INFO Language server processed event `LspResponse` in 0.00s (0.00s waiting)
 INFO Language server processed event `LspResponse` in 0.00s (0.00s waiting)
 INFO Handling non-canceled request textDocument/semanticTokens/full (94)
 INFO Language server processed event `LspRequest(textDocument/semanticTokens/full)` in 0.00s (0.00s waiting)
 INFO Published 0 diagnostics for file:///home/juan/projects/TermChat/termchat/__init__.py
 INFO Language server processed event `DidCloseTextDocument` in 0.00s (0.00s waiting)
 INFO Ran task on sourcedb_queue heavy task queue. Queue time: 0.00, task time: 0.00
 INFO Ran task on recheck_queue heavy task queue. Queue time: 0.00, task time: 0.00
 INFO Handling non-canceled request textDocument/codeAction (95)
 INFO Language server processed event `LspRequest(textDocument/codeAction)` in 0.00s (0.00s waiting)
 INFO Handling non-canceled request textDocument/codeAction (96)
 INFO Language server processed event `LspRequest(textDocument/codeAction)` in 0.00s (0.00s waiting)
 INFO Handling non-canceled request textDocument/codeAction (97)
 INFO Language server processed event `LspRequest(textDocument/codeAction)` in 0.00s (0.00s waiting)
 INFO Handling non-canceled request textDocument/foldingRange (98)
 INFO Language server processed event `LspRequest(textDocument/foldingRange)` in 0.00s (0.00s waiting)
 INFO Handling non-canceled request textDocument/documentSymbol (99)
 INFO Language server processed event `LspRequest(textDocument/documentSymbol)` in 0.00s (0.00s waiting)
 INFO File /home/juan/projects/TermChat/termchat/chat.py opened, prepare to validate open files.
 INFO Ran task on sourcedb_queue heavy task queue. Queue time: 0.00, task time: 0.00
 INFO Published 2 diagnostics for file:///home/juan/projects/TermChat/termchat/chat.py
 INFO Published 0 diagnostics for file:///home/juan/projects/TermChat/main.py
 INFO Published 0 diagnostics for file:///home/juan/projects/TermChat/termchat/config.py
 INFO Published 0 diagnostics for file:///home/juan/projects/TermChat/termchat/history.py
 INFO Validated open files and committed transaction.
 INFO Language server processed event `DidOpenTextDocument` in 0.01s (0.00s waiting)
 INFO Language server processed event `LspResponse` in 0.00s (0.00s waiting)
 INFO Language server processed event `LspResponse` in 0.00s (0.00s waiting)
 INFO [Pyrefly] DidChangeWatchedFiles: 1 file(s) changed (1 created, 0 modified, 0 removed, 0 unknown)
 INFO [Pyrefly] Re-registering file watchers
 INFO Language server processed event `DidChangeWatchedFiles` in 0.00s (0.00s waiting)
 INFO Language server processed event `LspResponse` in 0.00s (0.00s waiting)
 INFO Language server processed event `LspResponse` in 0.00s (0.00s waiting)
 INFO Invalidated state, prepare to recheck open files.
 INFO Ran task on recheck_queue heavy task queue. Queue time: 0.00, task time: 0.06
 INFO Published 2 diagnostics for file:///home/juan/projects/TermChat/termchat/chat.py
 INFO Published 0 diagnostics for file:///home/juan/projects/TermChat/main.py
 INFO Published 0 diagnostics for file:///home/juan/projects/TermChat/termchat/config.py
 INFO Published 0 diagnostics for file:///home/juan/projects/TermChat/termchat/history.py
 INFO Validated open files and committed transaction.
 INFO Language server processed event `RecheckFinished` in 0.00s (0.00s waiting)
 INFO Language server processed event `LspResponse` in 0.00s (0.00s waiting)
 INFO File /home/juan/projects/TermChat/termchat/skills/base.py opened, prepare to validate open files.
 INFO Ran task on sourcedb_queue heavy task queue. Queue time: 0.00, task time: 0.00
 INFO Published 2 diagnostics for file:///home/juan/projects/TermChat/termchat/chat.py
 INFO Published 0 diagnostics for file:///home/juan/projects/TermChat/termchat/skills/base.py
 INFO Published 0 diagnostics for file:///home/juan/projects/TermChat/main.py
 INFO Published 0 diagnostics for file:///home/juan/projects/TermChat/termchat/config.py
 INFO Published 0 diagnostics for file:///home/juan/projects/TermChat/termchat/history.py
 INFO Validated open files and committed transaction.
 INFO Language server processed event `DidOpenTextDocument` in 0.00s (0.00s waiting)
 INFO Language server processed event `LspResponse` in 0.00s (0.00s waiting)
 INFO Language server processed event `LspResponse` in 0.00s (0.00s waiting)
 INFO File /home/juan/projects/TermChat/termchat/skills/parser.py opened, prepare to validate open files.
 INFO Ran task on sourcedb_queue heavy task queue. Queue time: 0.00, task time: 0.00
 INFO Published 2 diagnostics for file:///home/juan/projects/TermChat/termchat/chat.py
 INFO Published 0 diagnostics for file:///home/juan/projects/TermChat/termchat/skills/base.py
 INFO Published 0 diagnostics for file:///home/juan/projects/TermChat/main.py
 INFO Published 0 diagnostics for file:///home/juan/projects/TermChat/termchat/skills/parser.py
 INFO Published 0 diagnostics for file:///home/juan/projects/TermChat/termchat/config.py
 INFO Published 0 diagnostics for file:///home/juan/projects/TermChat/termchat/history.py
 INFO Validated open files and committed transaction.
 INFO Language server processed event `DidOpenTextDocument` in 0.01s (0.00s waiting)
 INFO Language server processed event `LspResponse` in 0.00s (0.00s waiting)
 INFO Language server processed event `LspResponse` in 0.00s (0.00s waiting)
 INFO [Pyrefly] DidChangeWatchedFiles: 1 file(s) changed (1 created, 0 modified, 0 removed, 0 unknown)
 INFO [Pyrefly] Re-registering file watchers
 INFO Language server processed event `DidChangeWatchedFiles` in 0.00s (0.00s waiting)
 INFO Language server processed event `LspResponse` in 0.00s (0.00s waiting)
 INFO Language server processed event `LspResponse` in 0.00s (0.00s waiting)
 INFO Invalidated state, prepare to recheck open files.
 INFO Ran task on recheck_queue heavy task queue. Queue time: 0.00, task time: 0.05
 INFO Published 2 diagnostics for file:///home/juan/projects/TermChat/termchat/chat.py
 INFO Published 0 diagnostics for file:///home/juan/projects/TermChat/termchat/skills/base.py
 INFO Published 0 diagnostics for file:///home/juan/projects/TermChat/main.py
 INFO Published 0 diagnostics for file:///home/juan/projects/TermChat/termchat/skills/parser.py
 INFO Published 0 diagnostics for file:///home/juan/projects/TermChat/termchat/config.py
 INFO Published 0 diagnostics for file:///home/juan/projects/TermChat/termchat/history.py
 INFO Validated open files and committed transaction.
 INFO Language server processed event `RecheckFinished` in 0.00s (0.00s waiting)
 INFO Language server processed event `LspResponse` in 0.00s (0.00s waiting)
 INFO File /home/juan/projects/TermChat/termchat/skills/__init__.py opened, prepare to validate open files.
 INFO Ran task on sourcedb_queue heavy task queue. Queue time: 0.00, task time: 0.00
 INFO Published 2 diagnostics for file:///home/juan/projects/TermChat/termchat/chat.py
 INFO Published 0 diagnostics for file:///home/juan/projects/TermChat/termchat/skills/__init__.py
 INFO Published 0 diagnostics for file:///home/juan/projects/TermChat/termchat/skills/base.py
 INFO Published 0 diagnostics for file:///home/juan/projects/TermChat/main.py
 INFO Published 0 diagnostics for file:///home/juan/projects/TermChat/termchat/skills/parser.py
 INFO Published 0 diagnostics for file:///home/juan/projects/TermChat/termchat/config.py
 INFO Published 0 diagnostics for file:///home/juan/projects/TermChat/termchat/history.py
 INFO Validated open files and committed transaction.
 INFO Language server processed event `DidOpenTextDocument` in 0.01s (0.00s waiting)
 INFO Language server processed event `LspResponse` in 0.00s (0.00s waiting)
 INFO Language server processed event `LspResponse` in 0.00s (0.00s waiting)
 INFO [Pyrefly] DidChangeWatchedFiles: 1 file(s) changed (1 created, 0 modified, 0 removed, 0 unknown)
 INFO [Pyrefly] Re-registering file watchers
 INFO Language server processed event `DidChangeWatchedFiles` in 0.00s (0.00s waiting)
 INFO Language server processed event `LspResponse` in 0.00s (0.00s waiting)
 INFO Language server processed event `LspResponse` in 0.00s (0.00s waiting)
 INFO Invalidated state, prepare to recheck open files.
 INFO Ran task on recheck_queue heavy task queue. Queue time: 0.00, task time: 0.02
 INFO Published 2 diagnostics for file:///home/juan/projects/TermChat/termchat/chat.py
 INFO Published 0 diagnostics for file:///home/juan/projects/TermChat/termchat/skills/__init__.py
 INFO Published 0 diagnostics for file:///home/juan/projects/TermChat/termchat/skills/base.py
 INFO Published 0 diagnostics for file:///home/juan/projects/TermChat/main.py
 INFO Published 0 diagnostics for file:///home/juan/projects/TermChat/termchat/skills/parser.py
 INFO Published 0 diagnostics for file:///home/juan/projects/TermChat/termchat/config.py
 INFO Published 0 diagnostics for file:///home/juan/projects/TermChat/termchat/history.py
 INFO Validated open files and committed transaction.
 INFO Language server processed event `RecheckFinished` in 0.00s (0.00s waiting)
 INFO Language server processed event `LspResponse` in 0.00s (0.00s waiting)
 INFO Published 0 diagnostics for file:///home/juan/projects/TermChat/termchat/chat.py
 INFO Language server processed event `DidCloseTextDocument` in 0.00s (0.00s waiting)
 INFO Ran task on sourcedb_queue heavy task queue. Queue time: 0.00, task time: 0.00
 INFO Ran task on recheck_queue heavy task queue. Queue time: 0.00, task time: 0.00
 INFO Handling non-canceled request pyrefly/textDocument/typeErrorDisplayStatus (100)
 INFO Language server processed event `LspRequest(pyrefly/textDocument/typeErrorDisplayStatus)` in 0.00s (0.00s waiting)
 INFO Handling non-canceled request textDocument/codeAction (101)
 INFO Language server processed event `LspRequest(textDocument/codeAction)` in 0.00s (0.00s waiting)
 INFO Handling non-canceled request textDocument/documentSymbol (102)
 INFO Language server processed event `LspRequest(textDocument/documentSymbol)` in 0.00s (0.00s waiting)
 INFO Handling non-canceled request textDocument/inlayHint (103)
 INFO Language server processed event `LspRequest(textDocument/inlayHint)` in 0.00s (0.00s waiting)
 INFO Handling non-canceled request textDocument/foldingRange (104)
 INFO Language server processed event `LspRequest(textDocument/foldingRange)` in 0.00s (0.00s waiting)
 INFO Handling non-canceled request textDocument/inlayHint (105)
 INFO Language server processed event `LspRequest(textDocument/inlayHint)` in 0.00s (0.00s waiting)
 INFO Handling non-canceled request textDocument/semanticTokens/full (106)
 INFO Language server processed event `LspRequest(textDocument/semanticTokens/full)` in 0.00s (0.00s waiting)
 INFO Handling non-canceled request textDocument/documentSymbol (107)
 INFO Language server processed event `LspRequest(textDocument/documentSymbol)` in 0.00s (0.00s waiting)
 INFO Handling non-canceled request textDocument/hover (108)
 INFO Language server processed event `LspRequest(textDocument/hover)` in 0.00s (0.00s waiting)
 INFO Handling non-canceled request textDocument/hover (109)
 INFO Language server processed event `LspRequest(textDocument/hover)` in 0.00s (0.00s waiting)
 INFO Handling non-canceled request textDocument/hover (110)
 INFO Language server processed event `LspRequest(textDocument/hover)` in 0.01s (0.00s waiting)
 INFO Handling non-canceled request textDocument/inlayHint (111)
 INFO Language server processed event `LspRequest(textDocument/inlayHint)` in 0.00s (0.00s waiting)
 INFO File /home/juan/projects/TermChat/termchat/chat.py opened, prepare to validate open files.
 INFO Ran task on sourcedb_queue heavy task queue. Queue time: 0.00, task time: 0.00
 INFO Published 2 diagnostics for file:///home/juan/projects/TermChat/termchat/chat.py
 INFO Published 0 diagnostics for file:///home/juan/projects/TermChat/termchat/skills/__init__.py
 INFO Published 0 diagnostics for file:///home/juan/projects/TermChat/termchat/skills/base.py
 INFO Published 0 diagnostics for file:///home/juan/projects/TermChat/main.py
 INFO Published 0 diagnostics for file:///home/juan/projects/TermChat/termchat/skills/parser.py
 INFO Published 0 diagnostics for file:///home/juan/projects/TermChat/termchat/config.py
 INFO Published 0 diagnostics for file:///home/juan/projects/TermChat/termchat/history.py
 INFO Validated open files and committed transaction.
 INFO Language server processed event `DidOpenTextDocument` in 0.01s (0.00s waiting)
 INFO Language server processed event `LspResponse` in 0.00s (0.00s waiting)
 INFO Language server processed event `LspResponse` in 0.00s (0.00s waiting)
 INFO Handling non-canceled request textDocument/semanticTokens/full (112)
 INFO Language server processed event `LspRequest(textDocument/semanticTokens/full)` in 0.00s (0.00s waiting)
 INFO Published 0 diagnostics for file:///home/juan/projects/TermChat/termchat/skills/parser.py
 INFO Language server processed event `DidCloseTextDocument` in 0.00s (0.00s waiting)
 INFO Ran task on sourcedb_queue heavy task queue. Queue time: 0.00, task time: 0.00
 INFO Ran task on recheck_queue heavy task queue. Queue time: 0.00, task time: 0.00
 INFO Published 0 diagnostics for file:///home/juan/projects/TermChat/termchat/skills/__init__.py
 INFO Language server processed event `DidCloseTextDocument` in 0.00s (0.00s waiting)
 INFO Ran task on sourcedb_queue heavy task queue. Queue time: 0.00, task time: 0.00
 INFO Ran task on recheck_queue heavy task queue. Queue time: 0.00, task time: 0.00
 INFO Published 0 diagnostics for file:///home/juan/projects/TermChat/termchat/chat.py
 INFO Language server processed event `DidCloseTextDocument` in 0.00s (0.00s waiting)
 INFO Ran task on sourcedb_queue heavy task queue. Queue time: 0.00, task time: 0.00
 INFO Ran task on recheck_queue heavy task queue. Queue time: 0.00, task time: 0.00
 INFO [Pyrefly] DidChangeWatchedFiles: 1 file(s) changed (0 created, 1 modified, 0 removed, 0 unknown)
 INFO [Pyrefly] Re-registering file watchers
 INFO Language server processed event `DidChangeWatchedFiles` in 0.00s (0.00s waiting)
 INFO Ran task on sourcedb_queue heavy task queue. Queue time: 0.00, task time: 0.00
 INFO Language server processed event `LspResponse` in 0.00s (0.00s waiting)
 INFO Language server processed event `LspResponse` in 0.00s (0.00s waiting)
 INFO Invalidated state, prepare to recheck open files.
 INFO Ran task on recheck_queue heavy task queue. Queue time: 0.00, task time: 0.02
 INFO Published 0 diagnostics for file:///home/juan/projects/TermChat/termchat/skills/base.py
 INFO Published 0 diagnostics for file:///home/juan/projects/TermChat/main.py
 INFO Published 0 diagnostics for file:///home/juan/projects/TermChat/termchat/config.py
 INFO Published 0 diagnostics for file:///home/juan/projects/TermChat/termchat/history.py
 INFO Validated open files and committed transaction.
 INFO Language server processed event `RecheckFinished` in 0.00s (0.00s waiting)
 INFO Language server processed event `LspResponse` in 0.00s (0.00s waiting)
 INFO Handling non-canceled request textDocument/semanticTokens/full (113)
 INFO Language server processed event `LspRequest(textDocument/semanticTokens/full)` in 0.00s (0.00s waiting)
 INFO Handling non-canceled request textDocument/inlayHint (114)
 INFO Language server processed event `LspRequest(textDocument/inlayHint)` in 0.00s (0.00s waiting)
 INFO Handling non-canceled request pyrefly/textDocument/typeErrorDisplayStatus (115)
 INFO Language server processed event `LspRequest(pyrefly/textDocument/typeErrorDisplayStatus)` in 0.00s (0.00s waiting)
 INFO Handling non-canceled request textDocument/codeAction (116)
 INFO Language server processed event `LspRequest(textDocument/codeAction)` in 0.00s (0.00s waiting)
 INFO Handling non-canceled request textDocument/inlayHint (117)
 INFO Language server processed event `LspRequest(textDocument/inlayHint)` in 0.00s (0.00s waiting)
 INFO Handling non-canceled request textDocument/foldingRange (118)
 INFO Language server processed event `LspRequest(textDocument/foldingRange)` in 0.00s (0.00s waiting)
 INFO Handling non-canceled request textDocument/codeLens (119)
 INFO Language server processed event `LspRequest(textDocument/codeLens)` in 0.00s (0.00s waiting)
 INFO Handling non-canceled request textDocument/semanticTokens/full (120)
 INFO Language server processed event `LspRequest(textDocument/semanticTokens/full)` in 0.00s (0.00s waiting)
 INFO Handling non-canceled request textDocument/documentSymbol (121)
 INFO Language server processed event `LspRequest(textDocument/documentSymbol)` in 0.00s (0.00s waiting)
 INFO File /home/juan/projects/TermChat/termchat/ui/chat_view.py opened, prepare to validate open files.
 INFO Ran task on sourcedb_queue heavy task queue. Queue time: 0.00, task time: 0.00
 INFO Published 3 diagnostics for file:///home/juan/projects/TermChat/termchat/ui/chat_view.py
 INFO Published 0 diagnostics for file:///home/juan/projects/TermChat/termchat/skills/base.py
 INFO Published 0 diagnostics for file:///home/juan/projects/TermChat/main.py
 INFO Published 0 diagnostics for file:///home/juan/projects/TermChat/termchat/config.py
 INFO Published 0 diagnostics for file:///home/juan/projects/TermChat/termchat/history.py
 INFO Validated open files and committed transaction.
 INFO Cleared 4 dropped configs from config cache
 INFO Language server processed event `DidOpenTextDocument` in 0.01s (0.00s waiting)
 INFO Language server processed event `LspResponse` in 0.00s (0.00s waiting)
 INFO Language server processed event `LspResponse` in 0.00s (0.00s waiting)
 INFO Handling non-canceled request textDocument/semanticTokens/full (122)
 INFO Language server processed event `LspRequest(textDocument/semanticTokens/full)` in 0.00s (0.00s waiting)
 INFO File /home/juan/projects/TermChat/termchat/ui/app.py opened, prepare to validate open files.
 INFO Ran task on sourcedb_queue heavy task queue. Queue time: 0.00, task time: 0.00
 INFO Published 3 diagnostics for file:///home/juan/projects/TermChat/termchat/ui/chat_view.py
 INFO Published 4 diagnostics for file:///home/juan/projects/TermChat/termchat/ui/app.py
 INFO Published 0 diagnostics for file:///home/juan/projects/TermChat/termchat/skills/base.py
 INFO Published 0 diagnostics for file:///home/juan/projects/TermChat/main.py
 INFO Published 0 diagnostics for file:///home/juan/projects/TermChat/termchat/config.py
 INFO Published 0 diagnostics for file:///home/juan/projects/TermChat/termchat/history.py
 INFO Validated open files and committed transaction.
 INFO Language server processed event `DidOpenTextDocument` in 0.02s (0.00s waiting)
 INFO Language server processed event `LspResponse` in 0.00s (0.00s waiting)
 INFO Language server processed event `LspResponse` in 0.00s (0.00s waiting)
 INFO Handling non-canceled request textDocument/semanticTokens/full (123)
 INFO Language server processed event `LspRequest(textDocument/semanticTokens/full)` in 0.00s (0.00s waiting)
 INFO [Pyrefly] DidChangeWatchedFiles: 1 file(s) changed (1 created, 0 modified, 0 removed, 0 unknown)
 INFO [Pyrefly] Re-registering file watchers
 INFO Language server processed event `DidChangeWatchedFiles` in 0.00s (0.00s waiting)
 INFO Language server processed event `LspResponse` in 0.00s (0.00s waiting)
 INFO Language server processed event `LspResponse` in 0.00s (0.00s waiting)
 INFO Invalidated state, prepare to recheck open files.
 INFO Ran task on recheck_queue heavy task queue. Queue time: 0.00, task time: 0.04
 INFO Published 3 diagnostics for file:///home/juan/projects/TermChat/termchat/ui/chat_view.py
 INFO Published 4 diagnostics for file:///home/juan/projects/TermChat/termchat/ui/app.py
 INFO Published 0 diagnostics for file:///home/juan/projects/TermChat/termchat/skills/base.py
 INFO Published 0 diagnostics for file:///home/juan/projects/TermChat/main.py
 INFO Published 0 diagnostics for file:///home/juan/projects/TermChat/termchat/config.py
 INFO Published 0 diagnostics for file:///home/juan/projects/TermChat/termchat/history.py
 INFO Validated open files and committed transaction.
 INFO Language server processed event `RecheckFinished` in 0.00s (0.00s waiting)
 INFO Language server processed event `LspResponse` in 0.00s (0.00s waiting)
 INFO Handling non-canceled request textDocument/semanticTokens/full (124)
 INFO Language server processed event `LspRequest(textDocument/semanticTokens/full)` in 0.00s (0.00s waiting)
 INFO File /home/juan/projects/TermChat/termchat/main.py opened, prepare to validate open files.
 INFO Ran task on sourcedb_queue heavy task queue. Queue time: 0.00, task time: 0.00
 INFO Published 3 diagnostics for file:///home/juan/projects/TermChat/termchat/ui/chat_view.py
 INFO Published 4 diagnostics for file:///home/juan/projects/TermChat/termchat/ui/app.py
 INFO Published 0 diagnostics for file:///home/juan/projects/TermChat/termchat/main.py
 INFO Published 0 diagnostics for file:///home/juan/projects/TermChat/termchat/skills/base.py
 INFO Published 0 diagnostics for file:///home/juan/projects/TermChat/main.py
 INFO Published 0 diagnostics for file:///home/juan/projects/TermChat/termchat/config.py
 INFO Published 0 diagnostics for file:///home/juan/projects/TermChat/termchat/history.py
 INFO Validated open files and committed transaction.
 INFO Language server processed event `DidOpenTextDocument` in 0.01s (0.00s waiting)
 INFO Language server processed event `LspResponse` in 0.00s (0.00s waiting)
 INFO Language server processed event `LspResponse` in 0.00s (0.00s waiting)
 INFO Handling non-canceled request textDocument/semanticTokens/full (125)
 INFO Language server processed event `LspRequest(textDocument/semanticTokens/full)` in 0.00s (0.00s waiting)
 INFO [Pyrefly] DidChangeWatchedFiles: 1 file(s) changed (1 created, 0 modified, 0 removed, 0 unknown)
 INFO [Pyrefly] Re-registering file watchers
 INFO Language server processed event `DidChangeWatchedFiles` in 0.00s (0.00s waiting)
 INFO Language server processed event `LspResponse` in 0.00s (0.00s waiting)
 INFO Language server processed event `LspResponse` in 0.00s (0.00s waiting)
 INFO Invalidated state, prepare to recheck open files.
 INFO Ran task on recheck_queue heavy task queue. Queue time: 0.00, task time: 0.03
 INFO Published 3 diagnostics for file:///home/juan/projects/TermChat/termchat/ui/chat_view.py
 INFO Published 4 diagnostics for file:///home/juan/projects/TermChat/termchat/ui/app.py
 INFO Published 0 diagnostics for file:///home/juan/projects/TermChat/termchat/main.py
 INFO Published 0 diagnostics for file:///home/juan/projects/TermChat/termchat/skills/base.py
 INFO Published 0 diagnostics for file:///home/juan/projects/TermChat/main.py
 INFO Published 0 diagnostics for file:///home/juan/projects/TermChat/termchat/config.py
 INFO Published 0 diagnostics for file:///home/juan/projects/TermChat/termchat/history.py
 INFO Validated open files and committed transaction.
 INFO Language server processed event `RecheckFinished` in 0.00s (0.00s waiting)
 INFO Language server processed event `LspResponse` in 0.00s (0.00s waiting)
 INFO Handling non-canceled request textDocument/semanticTokens/full (126)
 INFO Language server processed event `LspRequest(textDocument/semanticTokens/full)` in 0.00s (0.00s waiting)
 INFO File /home/juan/projects/TermChat/termchat/ui/__init__.py opened, prepare to validate open files.
 INFO Ran task on sourcedb_queue heavy task queue. Queue time: 0.00, task time: 0.00
 INFO Published 0 diagnostics for file:///home/juan/projects/TermChat/termchat/main.py
 INFO Published 0 diagnostics for file:///home/juan/projects/TermChat/termchat/history.py
 INFO Published 0 diagnostics for file:///home/juan/projects/TermChat/termchat/ui/__init__.py
 INFO Published 0 diagnostics for file:///home/juan/projects/TermChat/termchat/skills/base.py
 INFO Published 4 diagnostics for file:///home/juan/projects/TermChat/termchat/ui/app.py
 INFO Published 0 diagnostics for file:///home/juan/projects/TermChat/main.py
 INFO Published 0 diagnostics for file:///home/juan/projects/TermChat/termchat/config.py
 INFO Published 3 diagnostics for file:///home/juan/projects/TermChat/termchat/ui/chat_view.py
 INFO Validated open files and committed transaction.
 INFO Language server processed event `DidOpenTextDocument` in 0.00s (0.00s waiting)
 INFO Language server processed event `LspResponse` in 0.00s (0.00s waiting)
 INFO Language server processed event `LspResponse` in 0.00s (0.00s waiting)
 INFO Handling non-canceled request textDocument/semanticTokens/full (127)
 INFO Language server processed event `LspRequest(textDocument/semanticTokens/full)` in 0.00s (0.00s waiting)
 INFO [Pyrefly] DidChangeWatchedFiles: 1 file(s) changed (1 created, 0 modified, 0 removed, 0 unknown)
 INFO [Pyrefly] Re-registering file watchers
 INFO Language server processed event `DidChangeWatchedFiles` in 0.00s (0.00s waiting)
 INFO Language server processed event `LspResponse` in 0.00s (0.00s waiting)
 INFO Language server processed event `LspResponse` in 0.00s (0.00s waiting)
 INFO Invalidated state, prepare to recheck open files.
 INFO Ran task on recheck_queue heavy task queue. Queue time: 0.00, task time: 0.01
 INFO Published 0 diagnostics for file:///home/juan/projects/TermChat/termchat/main.py
 INFO Published 0 diagnostics for file:///home/juan/projects/TermChat/termchat/history.py
 INFO Published 0 diagnostics for file:///home/juan/projects/TermChat/termchat/ui/__init__.py
 INFO Published 0 diagnostics for file:///home/juan/projects/TermChat/termchat/skills/base.py
 INFO Published 4 diagnostics for file:///home/juan/projects/TermChat/termchat/ui/app.py
 INFO Published 0 diagnostics for file:///home/juan/projects/TermChat/main.py
 INFO Published 0 diagnostics for file:///home/juan/projects/TermChat/termchat/config.py
 INFO Published 3 diagnostics for file:///home/juan/projects/TermChat/termchat/ui/chat_view.py
 INFO Validated open files and committed transaction.
 INFO Language server processed event `RecheckFinished` in 0.00s (0.00s waiting)
 INFO Language server processed event `LspResponse` in 0.00s (0.00s waiting)
 INFO Handling non-canceled request textDocument/semanticTokens/full (128)
 INFO Language server processed event `LspRequest(textDocument/semanticTokens/full)` in 0.00s (0.00s waiting)
 INFO [Pyrefly] DidChangeWatchedFiles: 1 file(s) changed (1 created, 0 modified, 0 removed, 0 unknown)
 INFO [Pyrefly] Re-registering file watchers
 INFO Language server processed event `DidChangeWatchedFiles` in 0.00s (0.00s waiting)
 INFO Language server processed event `LspResponse` in 0.00s (0.00s waiting)
 INFO Language server processed event `LspResponse` in 0.00s (0.00s waiting)
 INFO Invalidated state, prepare to recheck open files.
 INFO Ran task on recheck_queue heavy task queue. Queue time: 0.00, task time: 0.01
 INFO Published 0 diagnostics for file:///home/juan/projects/TermChat/termchat/main.py
 INFO Published 0 diagnostics for file:///home/juan/projects/TermChat/termchat/history.py
 INFO Published 0 diagnostics for file:///home/juan/projects/TermChat/termchat/ui/__init__.py
 INFO Published 0 diagnostics for file:///home/juan/projects/TermChat/termchat/skills/base.py
 INFO Published 4 diagnostics for file:///home/juan/projects/TermChat/termchat/ui/app.py
 INFO Published 0 diagnostics for file:///home/juan/projects/TermChat/main.py
 INFO Published 0 diagnostics for file:///home/juan/projects/TermChat/termchat/config.py
 INFO Published 3 diagnostics for file:///home/juan/projects/TermChat/termchat/ui/chat_view.py
 INFO Validated open files and committed transaction.
 INFO Language server processed event `RecheckFinished` in 0.00s (0.00s waiting)
 INFO Language server processed event `LspResponse` in 0.00s (0.00s waiting)
 INFO Handling non-canceled request textDocument/semanticTokens/full (129)
 INFO Language server processed event `LspRequest(textDocument/semanticTokens/full)` in 0.00s (0.00s waiting)
 INFO Published 0 diagnostics for file:///home/juan/projects/TermChat/termchat/ui/chat_view.py
 INFO Language server processed event `DidCloseTextDocument` in 0.00s (0.00s waiting)
 INFO Ran task on sourcedb_queue heavy task queue. Queue time: 0.00, task time: 0.00
 INFO Ran task on recheck_queue heavy task queue. Queue time: 0.00, task time: 0.00
 INFO Published 0 diagnostics for file:///home/juan/projects/TermChat/termchat/ui/app.py
 INFO Language server processed event `DidCloseTextDocument` in 0.00s (0.00s waiting)
 INFO Ran task on sourcedb_queue heavy task queue. Queue time: 0.00, task time: 0.00
 INFO Ran task on recheck_queue heavy task queue. Queue time: 0.00, task time: 0.00
 INFO Published 0 diagnostics for file:///home/juan/projects/TermChat/termchat/main.py
 INFO Language server processed event `DidCloseTextDocument` in 0.00s (0.00s waiting)
 INFO Ran task on sourcedb_queue heavy task queue. Queue time: 0.00, task time: 0.00
 INFO Ran task on recheck_queue heavy task queue. Queue time: 0.00, task time: 0.00
 INFO Published 0 diagnostics for file:///home/juan/projects/TermChat/termchat/ui/__init__.py
 INFO Language server processed event `DidCloseTextDocument` in 0.00s (0.00s waiting)
 INFO Ran task on sourcedb_queue heavy task queue. Queue time: 0.00, task time: 0.00
 INFO Ran task on recheck_queue heavy task queue. Queue time: 0.00, task time: 0.00
 INFO [Pyrefly] DidChangeWatchedFiles: 1 file(s) changed (0 created, 1 modified, 0 removed, 0 unknown)
 INFO [Pyrefly] Re-registering file watchers
 INFO Language server processed event `DidChangeWatchedFiles` in 0.00s (0.00s waiting)
 INFO Ran task on sourcedb_queue heavy task queue. Queue time: 0.00, task time: 0.00
 INFO Language server processed event `LspResponse` in 0.00s (0.00s waiting)
 INFO Language server processed event `LspResponse` in 0.00s (0.00s waiting)
 INFO Invalidated state, prepare to recheck open files.
 INFO Ran task on recheck_queue heavy task queue. Queue time: 0.00, task time: 0.53
 INFO Published 0 diagnostics for file:///home/juan/projects/TermChat/termchat/history.py
 INFO Published 0 diagnostics for file:///home/juan/projects/TermChat/termchat/skills/base.py
 INFO Published 0 diagnostics for file:///home/juan/projects/TermChat/main.py
 INFO Published 0 diagnostics for file:///home/juan/projects/TermChat/termchat/config.py
 INFO Validated open files and committed transaction.
 INFO Language server processed event `RecheckFinished` in 0.01s (0.00s waiting)
 INFO Language server processed event `LspResponse` in 0.00s (0.00s waiting)
 INFO Language server processed event `DidChangeWatchedFiles` in 0.00s (0.00s waiting)
 INFO Language server processed event `DidChangeWatchedFiles` in 0.00s (0.00s waiting)
 INFO Language server processed event `DidChangeWatchedFiles` in 0.00s (0.00s waiting)
 INFO File /home/juan/projects/TermChat/termchat/ui/app.py opened, prepare to validate open files.
 INFO Ran task on sourcedb_queue heavy task queue. Queue time: 0.00, task time: 0.00
 INFO Published 0 diagnostics for file:///home/juan/projects/TermChat/termchat/history.py
 INFO Published 0 diagnostics for file:///home/juan/projects/TermChat/termchat/skills/base.py
 INFO Published 0 diagnostics for file:///home/juan/projects/TermChat/termchat/ui/app.py
 INFO Published 0 diagnostics for file:///home/juan/projects/TermChat/main.py
 INFO Published 0 diagnostics for file:///home/juan/projects/TermChat/termchat/config.py
 INFO Validated open files and committed transaction.
 INFO Cleared 4 dropped configs from config cache
 INFO Language server processed event `DidOpenTextDocument` in 0.41s (0.00s waiting)
 INFO [Pyrefly] DidChangeWatchedFiles: 1 file(s) changed (0 created, 1 modified, 0 removed, 0 unknown)
 INFO Language server processed event `DidChangeWatchedFiles` in 0.00s (0.05s waiting)
 INFO Language server processed event `LspResponse` in 0.00s (0.00s waiting)
 INFO Language server processed event `LspResponse` in 0.00s (0.00s waiting)
 INFO Language server processed event `LspResponse` in 0.00s (0.00s waiting)
 INFO Invalidated state, prepare to recheck open files.
 INFO Ran task on recheck_queue heavy task queue. Queue time: 0.00, task time: 0.02
 INFO Published 0 diagnostics for file:///home/juan/projects/TermChat/termchat/history.py
 INFO Published 0 diagnostics for file:///home/juan/projects/TermChat/termchat/skills/base.py
 INFO Published 0 diagnostics for file:///home/juan/projects/TermChat/termchat/ui/app.py
 INFO Published 0 diagnostics for file:///home/juan/projects/TermChat/main.py
 INFO Published 0 diagnostics for file:///home/juan/projects/TermChat/termchat/config.py
 INFO Validated open files and committed transaction.
 INFO Language server processed event `RecheckFinished` in 0.00s (0.00s waiting)
 INFO Language server processed event `LspResponse` in 0.00s (0.00s waiting)
 INFO Handling non-canceled request pyrefly/textDocument/typeErrorDisplayStatus (130)
 INFO Language server processed event `LspRequest(pyrefly/textDocument/typeErrorDisplayStatus)` in 0.00s (0.00s waiting)
 INFO Handling non-canceled request textDocument/codeAction (131)
 INFO Language server processed event `LspRequest(textDocument/codeAction)` in 0.00s (0.00s waiting)
 INFO Handling non-canceled request textDocument/inlayHint (132)
 INFO Language server processed event `LspRequest(textDocument/inlayHint)` in 0.00s (0.00s waiting)
 INFO Handling non-canceled request textDocument/foldingRange (133)
 INFO Language server processed event `LspRequest(textDocument/foldingRange)` in 0.00s (0.00s waiting)
 INFO Handling non-canceled request textDocument/codeLens (134)
 INFO Language server processed event `LspRequest(textDocument/codeLens)` in 0.00s (0.00s waiting)
 INFO Handling non-canceled request textDocument/semanticTokens/full (135)
 INFO Language server processed event `LspRequest(textDocument/semanticTokens/full)` in 0.00s (0.00s waiting)
 INFO Handling non-canceled request textDocument/documentSymbol (136)
 INFO Language server processed event `LspRequest(textDocument/documentSymbol)` in 0.00s (0.00s waiting)
 INFO File /home/juan/projects/TermChat/termchat/main.py opened, prepare to validate open files.
 INFO Ran task on sourcedb_queue heavy task queue. Queue time: 0.00, task time: 0.00
 INFO Published 0 diagnostics for file:///home/juan/projects/TermChat/termchat/history.py
 INFO Published 0 diagnostics for file:///home/juan/projects/TermChat/termchat/skills/base.py
 INFO Published 0 diagnostics for file:///home/juan/projects/TermChat/termchat/ui/app.py
 INFO Published 0 diagnostics for file:///home/juan/projects/TermChat/main.py
 INFO Published 0 diagnostics for file:///home/juan/projects/TermChat/termchat/config.py
 INFO Published 0 diagnostics for file:///home/juan/projects/TermChat/termchat/main.py
 INFO Validated open files and committed transaction.
 INFO Language server processed event `DidOpenTextDocument` in 0.04s (0.00s waiting)
 INFO Handling non-canceled request pyrefly/textDocument/typeErrorDisplayStatus (137)
 INFO Language server processed event `LspRequest(pyrefly/textDocument/typeErrorDisplayStatus)` in 0.00s (0.02s waiting)
 INFO Handling non-canceled request textDocument/codeAction (138)
 INFO Language server processed event `LspRequest(textDocument/codeAction)` in 0.00s (0.01s waiting)
 INFO Handling non-canceled request textDocument/documentSymbol (139)
 INFO Language server processed event `LspRequest(textDocument/documentSymbol)` in 0.00s (0.01s waiting)
 INFO Language server processed event `LspResponse` in 0.00s (0.00s waiting)
 INFO Language server processed event `LspResponse` in 0.00s (0.00s waiting)
 INFO Handling non-canceled request textDocument/semanticTokens/full (140)
 INFO Language server processed event `LspRequest(textDocument/semanticTokens/full)` in 0.00s (0.00s waiting)
 INFO Handling non-canceled request textDocument/inlayHint (141)
 INFO Language server processed event `LspRequest(textDocument/inlayHint)` in 0.00s (0.00s waiting)
 INFO Handling non-canceled request textDocument/foldingRange (142)
 INFO Language server processed event `LspRequest(textDocument/foldingRange)` in 0.00s (0.00s waiting)
 INFO Handling non-canceled request textDocument/codeLens (143)
 INFO Language server processed event `LspRequest(textDocument/codeLens)` in 0.00s (0.00s waiting)
 INFO Handling non-canceled request textDocument/documentSymbol (144)
 INFO Language server processed event `LspRequest(textDocument/documentSymbol)` in 0.00s (0.00s waiting)
 INFO Handling non-canceled request textDocument/semanticTokens/full (145)
 INFO Language server processed event `LspRequest(textDocument/semanticTokens/full)` in 0.00s (0.00s waiting)
 INFO Handling non-canceled request pyrefly/textDocument/typeErrorDisplayStatus (146)
 INFO Language server processed event `LspRequest(pyrefly/textDocument/typeErrorDisplayStatus)` in 0.00s (0.00s waiting)
 INFO Handling non-canceled request textDocument/codeAction (147)
 INFO Language server processed event `LspRequest(textDocument/codeAction)` in 0.00s (0.00s waiting)
 INFO Handling non-canceled request textDocument/inlayHint (148)
 INFO Language server processed event `LspRequest(textDocument/inlayHint)` in 0.00s (0.00s waiting)
 INFO Handling non-canceled request textDocument/foldingRange (149)
 INFO Language server processed event `LspRequest(textDocument/foldingRange)` in 0.00s (0.00s waiting)
 INFO Handling non-canceled request textDocument/codeLens (150)
 INFO Language server processed event `LspRequest(textDocument/codeLens)` in 0.00s (0.00s waiting)
 INFO Handling non-canceled request textDocument/semanticTokens/full (151)
 INFO Language server processed event `LspRequest(textDocument/semanticTokens/full)` in 0.00s (0.00s waiting)
 INFO Handling non-canceled request textDocument/documentSymbol (152)
 INFO Language server processed event `LspRequest(textDocument/documentSymbol)` in 0.00s (0.00s waiting)
 INFO Handling non-canceled request pyrefly/textDocument/typeErrorDisplayStatus (153)
 INFO Language server processed event `LspRequest(pyrefly/textDocument/typeErrorDisplayStatus)` in 0.00s (0.00s waiting)
 INFO Handling non-canceled request textDocument/codeAction (154)
 INFO Language server processed event `LspRequest(textDocument/codeAction)` in 0.00s (0.00s waiting)
 INFO Handling non-canceled request textDocument/inlayHint (155)
 INFO Language server processed event `LspRequest(textDocument/inlayHint)` in 0.00s (0.00s waiting)
 INFO Handling non-canceled request textDocument/foldingRange (156)
 INFO Language server processed event `LspRequest(textDocument/foldingRange)` in 0.00s (0.00s waiting)
 INFO Handling non-canceled request textDocument/codeLens (157)
 INFO Language server processed event `LspRequest(textDocument/codeLens)` in 0.00s (0.00s waiting)
 INFO Handling non-canceled request textDocument/semanticTokens/full (158)
 INFO Language server processed event `LspRequest(textDocument/semanticTokens/full)` in 0.00s (0.00s waiting)
 INFO Handling non-canceled request textDocument/documentSymbol (159)
 INFO Language server processed event `LspRequest(textDocument/documentSymbol)` in 0.00s (0.00s waiting)
 INFO File /home/juan/projects/TermChat/termchat/skills/parser.py opened, prepare to validate open files.
 INFO Ran task on sourcedb_queue heavy task queue. Queue time: 0.00, task time: 0.00
 INFO Published 0 diagnostics for file:///home/juan/projects/TermChat/termchat/history.py
 INFO Published 0 diagnostics for file:///home/juan/projects/TermChat/termchat/skills/base.py
 INFO Published 0 diagnostics for file:///home/juan/projects/TermChat/termchat/ui/app.py
 INFO Published 0 diagnostics for file:///home/juan/projects/TermChat/main.py
 INFO Published 0 diagnostics for file:///home/juan/projects/TermChat/termchat/skills/parser.py
 INFO Published 0 diagnostics for file:///home/juan/projects/TermChat/termchat/config.py
 INFO Published 0 diagnostics for file:///home/juan/projects/TermChat/termchat/main.py
 INFO Validated open files and committed transaction.
 INFO Language server processed event `DidOpenTextDocument` in 0.04s (0.00s waiting)
 INFO Handling non-canceled request pyrefly/textDocument/typeErrorDisplayStatus (160)
 INFO Language server processed event `LspRequest(pyrefly/textDocument/typeErrorDisplayStatus)` in 0.00s (0.02s waiting)
 INFO Handling non-canceled request textDocument/codeAction (161)
 INFO Language server processed event `LspRequest(textDocument/codeAction)` in 0.00s (0.01s waiting)
 INFO Handling non-canceled request textDocument/documentSymbol (162)
 INFO Language server processed event `LspRequest(textDocument/documentSymbol)` in 0.00s (0.01s waiting)
 INFO Language server processed event `LspResponse` in 0.00s (0.00s waiting)
 INFO Language server processed event `LspResponse` in 0.00s (0.00s waiting)
 INFO Handling non-canceled request textDocument/semanticTokens/full (163)
 INFO Language server processed event `LspRequest(textDocument/semanticTokens/full)` in 0.00s (0.00s waiting)
 INFO Handling non-canceled request textDocument/inlayHint (164)
 INFO Language server processed event `LspRequest(textDocument/inlayHint)` in 0.00s (0.00s waiting)
 INFO Handling non-canceled request textDocument/foldingRange (165)
 INFO Language server processed event `LspRequest(textDocument/foldingRange)` in 0.00s (0.00s waiting)
 INFO Handling non-canceled request textDocument/codeLens (166)
 INFO Language server processed event `LspRequest(textDocument/codeLens)` in 0.00s (0.00s waiting)
 INFO Handling non-canceled request textDocument/documentSymbol (167)
 INFO Language server processed event `LspRequest(textDocument/documentSymbol)` in 0.00s (0.00s waiting)
 INFO Handling non-canceled request textDocument/semanticTokens/full (168)
 INFO Language server processed event `LspRequest(textDocument/semanticTokens/full)` in 0.00s (0.00s waiting)
 INFO Handling non-canceled request pyrefly/textDocument/typeErrorDisplayStatus (169)
 INFO Language server processed event `LspRequest(pyrefly/textDocument/typeErrorDisplayStatus)` in 0.00s (0.00s waiting)
 INFO Handling non-canceled request textDocument/codeAction (170)
 INFO Language server processed event `LspRequest(textDocument/codeAction)` in 0.00s (0.00s waiting)
 INFO Handling non-canceled request textDocument/inlayHint (171)
 INFO Language server processed event `LspRequest(textDocument/inlayHint)` in 0.00s (0.00s waiting)
 INFO Handling non-canceled request textDocument/foldingRange (172)
 INFO Language server processed event `LspRequest(textDocument/foldingRange)` in 0.00s (0.00s waiting)
 INFO Handling non-canceled request textDocument/codeLens (173)
 INFO Language server processed event `LspRequest(textDocument/codeLens)` in 0.00s (0.00s waiting)
 INFO Handling non-canceled request textDocument/semanticTokens/full (174)
 INFO Language server processed event `LspRequest(textDocument/semanticTokens/full)` in 0.00s (0.00s waiting)
 INFO Handling non-canceled request textDocument/documentSymbol (175)
 INFO Language server processed event `LspRequest(textDocument/documentSymbol)` in 0.00s (0.00s waiting)
 INFO Handling non-canceled request pyrefly/textDocument/typeErrorDisplayStatus (176)
 INFO Language server processed event `LspRequest(pyrefly/textDocument/typeErrorDisplayStatus)` in 0.00s (0.00s waiting)
 INFO Handling non-canceled request textDocument/codeAction (177)
 INFO Language server processed event `LspRequest(textDocument/codeAction)` in 0.00s (0.00s waiting)
 INFO File /__pyrefly_virtual__/inmemory/41-0.py opened, prepare to validate open files.
 INFO Ran task on sourcedb_queue heavy task queue. Queue time: 0.00, task time: 0.00
 INFO Published 0 diagnostics for file:///home/juan/projects/TermChat/termchat/history.py
 INFO Published 0 diagnostics for file:///home/juan/projects/TermChat/termchat/skills/base.py
 INFO Published 3 diagnostics for file:///__pyrefly_virtual__/inmemory/41-0.py
 INFO Published 0 diagnostics for file:///home/juan/projects/TermChat/termchat/ui/app.py
 INFO Published 0 diagnostics for file:///home/juan/projects/TermChat/main.py
 INFO Published 0 diagnostics for file:///home/juan/projects/TermChat/termchat/skills/parser.py
 INFO Published 0 diagnostics for file:///home/juan/projects/TermChat/termchat/config.py
 INFO Published 0 diagnostics for file:///home/juan/projects/TermChat/termchat/main.py
 INFO Validated open files and committed transaction.
 INFO Language server processed event `DidOpenTextDocument` in 0.01s (0.00s waiting)
 INFO Handling non-canceled request textDocument/documentSymbol (178)
 INFO Language server processed event `LspRequest(textDocument/documentSymbol)` in 0.00s (0.00s waiting)
 INFO Language server processed event `LspResponse` in 0.00s (0.00s waiting)
 INFO Language server processed event `LspResponse` in 0.00s (0.00s waiting)
 INFO Handling non-canceled request textDocument/inlayHint (179)
 INFO Language server processed event `LspRequest(textDocument/inlayHint)` in 0.00s (0.00s waiting)
 INFO Handling non-canceled request textDocument/semanticTokens/full (180)
 INFO Language server processed event `LspRequest(textDocument/semanticTokens/full)` in 0.00s (0.00s waiting)
 INFO Published 0 diagnostics for inmemory://model/41
 INFO Language server processed event `DidCloseTextDocument` in 0.00s (0.00s waiting)
 INFO Ran task on sourcedb_queue heavy task queue. Queue time: 0.00, task time: 0.00
 INFO File /__pyrefly_virtual__/inmemory/42-1.py opened, prepare to validate open files.
 INFO Ran task on recheck_queue heavy task queue. Queue time: 0.00, task time: 0.00
 INFO Ran task on sourcedb_queue heavy task queue. Queue time: 0.00, task time: 0.00
 INFO Published 0 diagnostics for file:///home/juan/projects/TermChat/termchat/history.py
 INFO Published 0 diagnostics for file:///home/juan/projects/TermChat/termchat/skills/base.py
 INFO Published 3 diagnostics for file:///__pyrefly_virtual__/inmemory/42-1.py
 INFO Published 0 diagnostics for file:///home/juan/projects/TermChat/termchat/ui/app.py
 INFO Published 0 diagnostics for file:///home/juan/projects/TermChat/main.py
 INFO Published 0 diagnostics for file:///home/juan/projects/TermChat/termchat/skills/parser.py
 INFO Published 0 diagnostics for file:///home/juan/projects/TermChat/termchat/config.py
 INFO Published 0 diagnostics for file:///home/juan/projects/TermChat/termchat/main.py
 INFO Validated open files and saved non-committable transaction.
 INFO Language server processed event `DidOpenTextDocument` in 0.00s (0.00s waiting)
 INFO Language server processed event `LspResponse` in 0.00s (0.00s waiting)
 INFO Language server processed event `LspResponse` in 0.00s (0.00s waiting)
 INFO Handling non-canceled request textDocument/foldingRange (181)
 INFO Language server processed event `LspRequest(textDocument/foldingRange)` in 0.00s (0.00s waiting)
 INFO Handling non-canceled request textDocument/inlayHint (182)
 INFO Language server processed event `LspRequest(textDocument/inlayHint)` in 0.00s (0.00s waiting)
 INFO Handling non-canceled request textDocument/codeLens (183)
 INFO Language server processed event `LspRequest(textDocument/codeLens)` in 0.00s (0.00s waiting)
 INFO Handling non-canceled request textDocument/documentSymbol (184)
 INFO Language server processed event `LspRequest(textDocument/documentSymbol)` in 0.00s (0.00s waiting)
 INFO Handling non-canceled request textDocument/semanticTokens/full (185)
 INFO Language server processed event `LspRequest(textDocument/semanticTokens/full)` in 0.00s (0.00s waiting)
 INFO Handling non-canceled request textDocument/semanticTokens/full (186)
 INFO Language server processed event `LspRequest(textDocument/semanticTokens/full)` in 0.00s (0.00s waiting)
 INFO Handling non-canceled request textDocument/hover (187)
 INFO Language server processed event `LspRequest(textDocument/hover)` in 0.00s (0.00s waiting)
 INFO Handling non-canceled request textDocument/inlayHint (188)
 INFO Language server processed event `LspRequest(textDocument/inlayHint)` in 0.00s (0.00s waiting)
 INFO Handling non-canceled request textDocument/inlayHint (189)
 INFO Language server processed event `LspRequest(textDocument/inlayHint)` in 0.00s (0.00s waiting)
 INFO Handling non-canceled request textDocument/inlayHint (190)
 INFO Language server processed event `LspRequest(textDocument/inlayHint)` in 0.00s (0.00s waiting)
 INFO Handling non-canceled request textDocument/inlayHint (191)
 INFO Language server processed event `LspRequest(textDocument/inlayHint)` in 0.00s (0.00s waiting)
 INFO Handling non-canceled request textDocument/inlayHint (192)
 INFO Language server processed event `LspRequest(textDocument/inlayHint)` in 0.00s (0.00s waiting)
 INFO Handling non-canceled request textDocument/inlayHint (193)
 INFO Language server processed event `LspRequest(textDocument/inlayHint)` in 0.00s (0.00s waiting)
 INFO Handling non-canceled request textDocument/inlayHint (194)
 INFO Language server processed event `LspRequest(textDocument/inlayHint)` in 0.00s (0.00s waiting)
 INFO Handling non-canceled request textDocument/inlayHint (195)
 INFO Language server processed event `LspRequest(textDocument/inlayHint)` in 0.00s (0.00s waiting)
 INFO Published 0 diagnostics for inmemory://model/42
 INFO Language server processed event `DidCloseTextDocument` in 0.00s (0.00s waiting)
 INFO Ran task on sourcedb_queue heavy task queue. Queue time: 0.00, task time: 0.00
 INFO Ran task on recheck_queue heavy task queue. Queue time: 0.00, task time: 0.00
 INFO Handling non-canceled request textDocument/inlayHint (196)
 INFO Language server processed event `LspRequest(textDocument/inlayHint)` in 0.00s (0.00s waiting)
 INFO File /home/juan/projects/TermChat/termchat/ui/app.py changed, prepare to validate open files.
 INFO Published 0 diagnostics for file:///home/juan/projects/TermChat/termchat/history.py
 INFO Published 0 diagnostics for file:///home/juan/projects/TermChat/termchat/skills/base.py
 INFO Published 0 diagnostics for file:///home/juan/projects/TermChat/termchat/ui/app.py
 INFO Published 0 diagnostics for file:///home/juan/projects/TermChat/main.py
 INFO Published 0 diagnostics for file:///home/juan/projects/TermChat/termchat/skills/parser.py
 INFO Published 0 diagnostics for file:///home/juan/projects/TermChat/termchat/config.py
 INFO Published 0 diagnostics for file:///home/juan/projects/TermChat/termchat/main.py
 INFO Validated open files and committed transaction.
 INFO Language server processed event `DidChangeTextDocument` in 0.05s (0.00s waiting)
 INFO Language server processed event `LspResponse` in 0.00s (0.00s waiting)
 INFO File /__pyrefly_virtual__/inmemory/43-2.py opened, prepare to validate open files.
 INFO Ran task on sourcedb_queue heavy task queue. Queue time: 0.00, task time: 0.00
 INFO Published 0 diagnostics for file:///home/juan/projects/TermChat/termchat/history.py
 INFO Published 0 diagnostics for file:///home/juan/projects/TermChat/termchat/skills/base.py
 INFO Published 3 diagnostics for file:///__pyrefly_virtual__/inmemory/43-2.py
 INFO Published 0 diagnostics for file:///home/juan/projects/TermChat/termchat/ui/app.py
 INFO Published 0 diagnostics for file:///home/juan/projects/TermChat/main.py
 INFO Published 0 diagnostics for file:///home/juan/projects/TermChat/termchat/skills/parser.py
 INFO Published 0 diagnostics for file:///home/juan/projects/TermChat/termchat/config.py
 INFO Published 0 diagnostics for file:///home/juan/projects/TermChat/termchat/main.py
 INFO Validated open files and committed transaction.
 INFO Language server processed event `DidOpenTextDocument` in 0.00s (0.00s waiting)
 INFO Language server processed event `LspResponse` in 0.00s (0.00s waiting)
 INFO Language server processed event `LspResponse` in 0.00s (0.00s waiting)
 INFO Handling non-canceled request textDocument/semanticTokens/full (197)
 INFO Language server processed event `LspRequest(textDocument/semanticTokens/full)` in 0.00s (0.00s waiting)
 INFO [Pyrefly] DidChangeWatchedFiles: 1 file(s) changed (0 created, 1 modified, 0 removed, 0 unknown)
 INFO Language server processed event `DidChangeWatchedFiles` in 0.00s (0.00s waiting)
 INFO Language server processed event `LspResponse` in 0.00s (0.00s waiting)
 INFO Invalidated state, prepare to recheck open files.
 INFO Ran task on recheck_queue heavy task queue. Queue time: 0.00, task time: 0.01
 INFO Published 0 diagnostics for file:///home/juan/projects/TermChat/termchat/history.py
 INFO Published 0 diagnostics for file:///home/juan/projects/TermChat/termchat/skills/base.py
 INFO Published 3 diagnostics for file:///__pyrefly_virtual__/inmemory/43-2.py
 INFO Published 0 diagnostics for file:///home/juan/projects/TermChat/termchat/ui/app.py
 INFO Published 0 diagnostics for file:///home/juan/projects/TermChat/main.py
 INFO Published 0 diagnostics for file:///home/juan/projects/TermChat/termchat/skills/parser.py
 INFO Published 0 diagnostics for file:///home/juan/projects/TermChat/termchat/config.py
 INFO Published 0 diagnostics for file:///home/juan/projects/TermChat/termchat/main.py
 INFO Validated open files and committed transaction.
 INFO Language server processed event `RecheckFinished` in 0.00s (0.00s waiting)
 INFO Language server processed event `LspResponse` in 0.00s (0.00s waiting)
 INFO Handling non-canceled request textDocument/semanticTokens/full (198)
 INFO Language server processed event `LspRequest(textDocument/semanticTokens/full)` in 0.00s (0.00s waiting)
 INFO Handling non-canceled request textDocument/inlayHint (199)
 INFO Language server processed event `LspRequest(textDocument/inlayHint)` in 0.00s (0.00s waiting)
 INFO Handling non-canceled request textDocument/foldingRange (200)
 INFO Language server processed event `LspRequest(textDocument/foldingRange)` in 0.00s (0.00s waiting)
 INFO Handling non-canceled request textDocument/codeLens (201)
 INFO Language server processed event `LspRequest(textDocument/codeLens)` in 0.00s (0.00s waiting)
 INFO Handling non-canceled request textDocument/semanticTokens/full (202)
 INFO Language server processed event `LspRequest(textDocument/semanticTokens/full)` in 0.00s (0.00s waiting)
 INFO Handling non-canceled request textDocument/documentSymbol (203)
 INFO Language server processed event `LspRequest(textDocument/documentSymbol)` in 0.00s (0.00s waiting)
 INFO Handling non-canceled request textDocument/documentSymbol (204)
 INFO Language server processed event `LspRequest(textDocument/documentSymbol)` in 0.00s (0.00s waiting)
 INFO Handling non-canceled request textDocument/semanticTokens/full (205)
 INFO Language server processed event `LspRequest(textDocument/semanticTokens/full)` in 0.00s (0.00s waiting)
 INFO Handling non-canceled request textDocument/inlayHint (206)
 INFO Language server processed event `LspRequest(textDocument/inlayHint)` in 0.00s (0.00s waiting)
 INFO Handling non-canceled request textDocument/codeLens (207)
 INFO Language server processed event `LspRequest(textDocument/codeLens)` in 0.00s (0.00s waiting)
 INFO Published 0 diagnostics for inmemory://model/43
 INFO Ran task on sourcedb_queue heavy task queue. Queue time: 0.00, task time: 0.00
 INFO Language server processed event `DidCloseTextDocument` in 0.00s (0.00s waiting)
 INFO File /__pyrefly_virtual__/inmemory/44-3.py opened, prepare to validate open files.
 INFO Ran task on sourcedb_queue heavy task queue. Queue time: 0.00, task time: 0.00
 INFO Published 3 diagnostics for file:///__pyrefly_virtual__/inmemory/44-3.py
 INFO Published 0 diagnostics for file:///home/juan/projects/TermChat/termchat/history.py
 INFO Published 0 diagnostics for file:///home/juan/projects/TermChat/termchat/skills/base.py
 INFO Published 0 diagnostics for file:///home/juan/projects/TermChat/termchat/ui/app.py
 INFO Published 0 diagnostics for file:///home/juan/projects/TermChat/main.py
 INFO Published 0 diagnostics for file:///home/juan/projects/TermChat/termchat/skills/parser.py
 INFO Published 0 diagnostics for file:///home/juan/projects/TermChat/termchat/config.py
 INFO Published 0 diagnostics for file:///home/juan/projects/TermChat/termchat/main.py
 INFO Validated open files and saved non-committable transaction.
 INFO Language server processed event `DidOpenTextDocument` in 0.00s (0.00s waiting)
 INFO Ran task on recheck_queue heavy task queue. Queue time: 0.00, task time: 0.01
 INFO Language server processed event `LspResponse` in 0.00s (0.00s waiting)
 INFO Language server processed event `LspResponse` in 0.00s (0.00s waiting)
 INFO Handling non-canceled request textDocument/semanticTokens/full (208)
 INFO Language server processed event `LspRequest(textDocument/semanticTokens/full)` in 0.00s (0.00s waiting)
 INFO Handling non-canceled request textDocument/semanticTokens/full (209)
 INFO Language server processed event `LspRequest(textDocument/semanticTokens/full)` in 0.00s (0.00s waiting)
 INFO Handling non-canceled request textDocument/inlayHint (210)
 INFO Language server processed event `LspRequest(textDocument/inlayHint)` in 0.00s (0.00s waiting)
 INFO Handling non-canceled request textDocument/semanticTokens/full (211)
 INFO Language server processed event `LspRequest(textDocument/semanticTokens/full)` in 0.00s (0.00s waiting)
 INFO Published 0 diagnostics for inmemory://model/44
 INFO Language server processed event `DidCloseTextDocument` in 0.00s (0.00s waiting)
 INFO Ran task on sourcedb_queue heavy task queue. Queue time: 0.00, task time: 0.00
 INFO Ran task on recheck_queue heavy task queue. Queue time: 0.00, task time: 0.00
 INFO Handling non-canceled request textDocument/inlayHint (212)
 INFO Language server processed event `LspRequest(textDocument/inlayHint)` in 0.00s (0.00s waiting)
 INFO Handling non-canceled request textDocument/hover (213)
 INFO Language server processed event `LspRequest(textDocument/hover)` in 0.00s (0.00s waiting)
 INFO Handling non-canceled request textDocument/inlayHint (214)
 INFO Language server processed event `LspRequest(textDocument/inlayHint)` in 0.00s (0.00s waiting)
 INFO Handling non-canceled request textDocument/inlayHint (215)
 INFO Language server processed event `LspRequest(textDocument/inlayHint)` in 0.00s (0.00s waiting)
 INFO Handling non-canceled request textDocument/inlayHint (216)
 INFO Language server processed event `LspRequest(textDocument/inlayHint)` in 0.00s (0.00s waiting)
 INFO Handling non-canceled request textDocument/inlayHint (217)
 INFO Language server processed event `LspRequest(textDocument/inlayHint)` in 0.00s (0.00s waiting)
 INFO Handling non-canceled request textDocument/inlayHint (218)
 INFO Language server processed event `LspRequest(textDocument/inlayHint)` in 0.00s (0.00s waiting)
 INFO Handling non-canceled request textDocument/inlayHint (219)
 INFO Language server processed event `LspRequest(textDocument/inlayHint)` in 0.00s (0.00s waiting)
 INFO Handling non-canceled request textDocument/inlayHint (220)
 INFO Language server processed event `LspRequest(textDocument/inlayHint)` in 0.00s (0.00s waiting)
 INFO Handling non-canceled request textDocument/inlayHint (221)
 INFO Language server processed event `LspRequest(textDocument/inlayHint)` in 0.00s (0.00s waiting)
 INFO Handling non-canceled request textDocument/inlayHint (222)
 INFO Language server processed event `LspRequest(textDocument/inlayHint)` in 0.00s (0.00s waiting)
 INFO Handling non-canceled request textDocument/inlayHint (223)
 INFO Language server processed event `LspRequest(textDocument/inlayHint)` in 0.00s (0.00s waiting)
 INFO Handling non-canceled request textDocument/inlayHint (224)
 INFO Language server processed event `LspRequest(textDocument/inlayHint)` in 0.00s (0.00s waiting)
 INFO Handling non-canceled request textDocument/inlayHint (225)
 INFO Language server processed event `LspRequest(textDocument/inlayHint)` in 0.00s (0.00s waiting)
 INFO Handling non-canceled request textDocument/inlayHint (226)
 INFO Language server processed event `LspRequest(textDocument/inlayHint)` in 0.00s (0.00s waiting)
 INFO Handling non-canceled request textDocument/inlayHint (227)
 INFO Language server processed event `LspRequest(textDocument/inlayHint)` in 0.00s (0.00s waiting)
 INFO Handling non-canceled request textDocument/inlayHint (228)
 INFO Language server processed event `LspRequest(textDocument/inlayHint)` in 0.00s (0.00s waiting)
 INFO Handling non-canceled request textDocument/inlayHint (229)
 INFO Language server processed event `LspRequest(textDocument/inlayHint)` in 0.00s (0.00s waiting)
 INFO Handling non-canceled request textDocument/inlayHint (230)
 INFO Language server processed event `LspRequest(textDocument/inlayHint)` in 0.00s (0.00s waiting)
 INFO Handling non-canceled request textDocument/inlayHint (231)
 INFO Language server processed event `LspRequest(textDocument/inlayHint)` in 0.00s (0.00s waiting)
 INFO Handling non-canceled request textDocument/inlayHint (232)
 INFO Language server processed event `LspRequest(textDocument/inlayHint)` in 0.00s (0.00s waiting)
 INFO Handling non-canceled request textDocument/inlayHint (233)
 INFO Language server processed event `LspRequest(textDocument/inlayHint)` in 0.00s (0.00s waiting)
 INFO Handling non-canceled request textDocument/inlayHint (234)
 INFO Language server processed event `LspRequest(textDocument/inlayHint)` in 0.00s (0.00s waiting)
 INFO Handling non-canceled request textDocument/inlayHint (235)
 INFO Language server processed event `LspRequest(textDocument/inlayHint)` in 0.00s (0.00s waiting)
 INFO Handling non-canceled request textDocument/inlayHint (236)
 INFO Language server processed event `LspRequest(textDocument/inlayHint)` in 0.00s (0.00s waiting)
 INFO Handling non-canceled request textDocument/inlayHint (237)
 INFO Language server processed event `LspRequest(textDocument/inlayHint)` in 0.00s (0.00s waiting)
 INFO Handling non-canceled request textDocument/hover (238)
 INFO Language server processed event `LspRequest(textDocument/hover)` in 0.00s (0.00s waiting)
 INFO Handling non-canceled request textDocument/inlayHint (239)
 INFO Language server processed event `LspRequest(textDocument/inlayHint)` in 0.00s (0.00s waiting)
 INFO Handling non-canceled request textDocument/inlayHint (240)
 INFO Language server processed event `LspRequest(textDocument/inlayHint)` in 0.00s (0.00s waiting)
 INFO Handling non-canceled request textDocument/inlayHint (241)
 INFO Language server processed event `LspRequest(textDocument/inlayHint)` in 0.00s (0.00s waiting)
 INFO Handling non-canceled request textDocument/inlayHint (242)
 INFO Language server processed event `LspRequest(textDocument/inlayHint)` in 0.00s (0.00s waiting)
 INFO Handling non-canceled request textDocument/inlayHint (243)
 INFO Language server processed event `LspRequest(textDocument/inlayHint)` in 0.00s (0.00s waiting)
 INFO Handling non-canceled request textDocument/inlayHint (244)
 INFO Language server processed event `LspRequest(textDocument/inlayHint)` in 0.00s (0.00s waiting)
 INFO Handling non-canceled request textDocument/inlayHint (245)
 INFO Language server processed event `LspRequest(textDocument/inlayHint)` in 0.00s (0.00s waiting)
 INFO Handling non-canceled request textDocument/inlayHint (246)
 INFO Language server processed event `LspRequest(textDocument/inlayHint)` in 0.00s (0.00s waiting)
 INFO Handling non-canceled request textDocument/inlayHint (247)
 INFO Language server processed event `LspRequest(textDocument/inlayHint)` in 0.00s (0.00s waiting)
 INFO Handling non-canceled request textDocument/inlayHint (248)
 INFO Language server processed event `LspRequest(textDocument/inlayHint)` in 0.00s (0.00s waiting)
 INFO Handling non-canceled request textDocument/inlayHint (249)
 INFO Language server processed event `LspRequest(textDocument/inlayHint)` in 0.00s (0.00s waiting)
 INFO Handling non-canceled request textDocument/inlayHint (250)
 INFO Language server processed event `LspRequest(textDocument/inlayHint)` in 0.00s (0.00s waiting)
 INFO Handling non-canceled request textDocument/inlayHint (251)
 INFO Language server processed event `LspRequest(textDocument/inlayHint)` in 0.00s (0.00s waiting)
 INFO Handling non-canceled request textDocument/inlayHint (252)
 INFO Language server processed event `LspRequest(textDocument/inlayHint)` in 0.00s (0.00s waiting)
 INFO Handling non-canceled request textDocument/inlayHint (253)
 INFO Language server processed event `LspRequest(textDocument/inlayHint)` in 0.00s (0.00s waiting)
 INFO Handling non-canceled request textDocument/documentHighlight (254)
 INFO Language server processed event `LspRequest(textDocument/documentHighlight)` in 0.00s (0.00s waiting)
 INFO Handling non-canceled request textDocument/codeLens (255)
 INFO Language server processed event `LspRequest(textDocument/codeLens)` in 0.00s (0.00s waiting)
 INFO Handling non-canceled request textDocument/codeAction (256)
 INFO Language server processed event `LspRequest(textDocument/codeAction)` in 0.00s (0.00s waiting)
 INFO Handling non-canceled request textDocument/documentHighlight (257)
 INFO Language server processed event `LspRequest(textDocument/documentHighlight)` in 0.00s (0.00s waiting)
 INFO Handling non-canceled request textDocument/codeAction (258)
 INFO Language server processed event `LspRequest(textDocument/codeAction)` in 0.00s (0.00s waiting)
 INFO Handling non-canceled request textDocument/definition (259)
 INFO Language server processed event `LspRequest(textDocument/definition)` in 0.00s (0.00s waiting)
 INFO File /home/juan/projects/TermChat/termchat/chat.py opened, prepare to validate open files.
 INFO Ran task on sourcedb_queue heavy task queue. Queue time: 0.00, task time: 0.00
 INFO Published 1 diagnostics for file:///home/juan/projects/TermChat/termchat/chat.py
 INFO Published 0 diagnostics for file:///home/juan/projects/TermChat/termchat/history.py
 INFO Published 0 diagnostics for file:///home/juan/projects/TermChat/termchat/skills/base.py
 INFO Published 0 diagnostics for file:///home/juan/projects/TermChat/termchat/ui/app.py
 INFO Published 0 diagnostics for file:///home/juan/projects/TermChat/main.py
 INFO Published 0 diagnostics for file:///home/juan/projects/TermChat/termchat/skills/parser.py
 INFO Published 0 diagnostics for file:///home/juan/projects/TermChat/termchat/config.py
 INFO Published 0 diagnostics for file:///home/juan/projects/TermChat/termchat/main.py
 INFO Validated open files and committed transaction.
 INFO Language server processed event `DidOpenTextDocument` in 0.28s (0.00s waiting)
 INFO Published 0 diagnostics for file:///home/juan/projects/TermChat/termchat/chat.py
 INFO Language server processed event `DidCloseTextDocument` in 0.00s (0.28s waiting)
 INFO Ran task on sourcedb_queue heavy task queue. Queue time: 0.00, task time: 0.00
 INFO Handling non-canceled request textDocument/hover (260)
 INFO Language server processed event `LspRequest(textDocument/hover)` in 0.00s (0.05s waiting)
 INFO Language server processed event `LspResponse` in 0.00s (0.00s waiting)
 INFO Language server processed event `LspResponse` in 0.00s (0.00s waiting)
 INFO Ran task on recheck_queue heavy task queue. Queue time: 0.00, task time: 0.01
 INFO Handling non-canceled request textDocument/semanticTokens/full (261)
 INFO Language server processed event `LspRequest(textDocument/semanticTokens/full)` in 0.00s (0.00s waiting)
 INFO Handling non-canceled request textDocument/definition (262)
 INFO Language server processed event `LspRequest(textDocument/definition)` in 0.00s (0.00s waiting)
 INFO File /home/juan/projects/TermChat/termchat/chat.py opened, prepare to validate open files.
 INFO Ran task on sourcedb_queue heavy task queue. Queue time: 0.00, task time: 0.00
 INFO Published 1 diagnostics for file:///home/juan/projects/TermChat/termchat/chat.py
 INFO Published 0 diagnostics for file:///home/juan/projects/TermChat/termchat/history.py
 INFO Published 0 diagnostics for file:///home/juan/projects/TermChat/termchat/skills/base.py
 INFO Published 0 diagnostics for file:///home/juan/projects/TermChat/termchat/ui/app.py
 INFO Published 0 diagnostics for file:///home/juan/projects/TermChat/main.py
 INFO Published 0 diagnostics for file:///home/juan/projects/TermChat/termchat/skills/parser.py
 INFO Published 0 diagnostics for file:///home/juan/projects/TermChat/termchat/config.py
 INFO Published 0 diagnostics for file:///home/juan/projects/TermChat/termchat/main.py
 INFO Validated open files and committed transaction.
 INFO Language server processed event `DidOpenTextDocument` in 0.01s (0.00s waiting)
 INFO Language server processed event `LspResponse` in 0.00s (0.00s waiting)
 INFO Language server processed event `LspResponse` in 0.00s (0.00s waiting)
 INFO Handling non-canceled request pyrefly/textDocument/typeErrorDisplayStatus (263)
 INFO Language server processed event `LspRequest(pyrefly/textDocument/typeErrorDisplayStatus)` in 0.00s (0.00s waiting)
 INFO Handling non-canceled request textDocument/codeAction (264)
 INFO Language server processed event `LspRequest(textDocument/codeAction)` in 0.00s (0.00s waiting)
 INFO Handling non-canceled request textDocument/documentSymbol (265)
 INFO Language server processed event `LspRequest(textDocument/documentSymbol)` in 0.00s (0.00s waiting)
 INFO Handling non-canceled request textDocument/semanticTokens/full (266)
 INFO Language server processed event `LspRequest(textDocument/semanticTokens/full)` in 0.00s (0.00s waiting)
 INFO Handling non-canceled request textDocument/inlayHint (267)
 INFO Language server processed event `LspRequest(textDocument/inlayHint)` in 0.00s (0.00s waiting)
 INFO Handling non-canceled request textDocument/documentHighlight (268)
 INFO Language server processed event `LspRequest(textDocument/documentHighlight)` in 0.00s (0.00s waiting)
 INFO Handling non-canceled request textDocument/codeAction (269)
 INFO Language server processed event `LspRequest(textDocument/codeAction)` in 0.00s (0.00s waiting)
 INFO Handling non-canceled request textDocument/foldingRange (270)
 INFO Language server processed event `LspRequest(textDocument/foldingRange)` in 0.00s (0.00s waiting)
 INFO Handling non-canceled request textDocument/codeAction (271)
 INFO Language server processed event `LspRequest(textDocument/codeAction)` in 0.00s (0.00s waiting)
 INFO Handling non-canceled request textDocument/codeLens (272)
 INFO Language server processed event `LspRequest(textDocument/codeLens)` in 0.00s (0.00s waiting)
 INFO Handling non-canceled request textDocument/documentSymbol (273)
 INFO Language server processed event `LspRequest(textDocument/documentSymbol)` in 0.00s (0.00s waiting)
 INFO Handling non-canceled request textDocument/codeAction (274)
 INFO Language server processed event `LspRequest(textDocument/codeAction)` in 0.00s (0.00s waiting)
 INFO Handling non-canceled request textDocument/semanticTokens/full (275)
 INFO Language server processed event `LspRequest(textDocument/semanticTokens/full)` in 0.00s (0.00s waiting)
 INFO Handling non-canceled request textDocument/inlayHint (276)
 INFO Language server processed event `LspRequest(textDocument/inlayHint)` in 0.00s (0.00s waiting)
 INFO Handling non-canceled request textDocument/inlayHint (277)
 INFO Language server processed event `LspRequest(textDocument/inlayHint)` in 0.00s (0.00s waiting)
 INFO Handling non-canceled request textDocument/inlayHint (278)
 INFO Language server processed event `LspRequest(textDocument/inlayHint)` in 0.00s (0.00s waiting)
 INFO Handling non-canceled request textDocument/inlayHint (279)
 INFO Language server processed event `LspRequest(textDocument/inlayHint)` in 0.00s (0.00s waiting)
 INFO Handling non-canceled request textDocument/inlayHint (280)
 INFO Language server processed event `LspRequest(textDocument/inlayHint)` in 0.00s (0.00s waiting)
 INFO Handling non-canceled request textDocument/inlayHint (281)
 INFO Language server processed event `LspRequest(textDocument/inlayHint)` in 0.00s (0.00s waiting)
 INFO Handling non-canceled request textDocument/inlayHint (282)
 INFO Language server processed event `LspRequest(textDocument/inlayHint)` in 0.00s (0.00s waiting)
 INFO Handling non-canceled request textDocument/inlayHint (283)
 INFO Language server processed event `LspRequest(textDocument/inlayHint)` in 0.00s (0.00s waiting)
 INFO Handling non-canceled request textDocument/inlayHint (284)
 INFO Language server processed event `LspRequest(textDocument/inlayHint)` in 0.00s (0.00s waiting)
 INFO Handling non-canceled request textDocument/inlayHint (285)
 INFO Language server processed event `LspRequest(textDocument/inlayHint)` in 0.00s (0.00s waiting)
 INFO Handling non-canceled request textDocument/inlayHint (286)
 INFO Language server processed event `LspRequest(textDocument/inlayHint)` in 0.00s (0.00s waiting)
 INFO Handling non-canceled request textDocument/inlayHint (287)
 INFO Language server processed event `LspRequest(textDocument/inlayHint)` in 0.00s (0.00s waiting)
 INFO Handling non-canceled request textDocument/inlayHint (288)
 INFO Language server processed event `LspRequest(textDocument/inlayHint)` in 0.00s (0.00s waiting)
 INFO Handling non-canceled request textDocument/inlayHint (289)
 INFO Language server processed event `LspRequest(textDocument/inlayHint)` in 0.00s (0.00s waiting)
 INFO Handling non-canceled request textDocument/inlayHint (290)
 INFO Language server processed event `LspRequest(textDocument/inlayHint)` in 0.00s (0.00s waiting)
 INFO Handling non-canceled request textDocument/inlayHint (291)
 INFO Language server processed event `LspRequest(textDocument/inlayHint)` in 0.00s (0.00s waiting)
 INFO Handling non-canceled request textDocument/inlayHint (292)
 INFO Language server processed event `LspRequest(textDocument/inlayHint)` in 0.00s (0.00s waiting)
 INFO Handling non-canceled request textDocument/inlayHint (293)
 INFO Language server processed event `LspRequest(textDocument/inlayHint)` in 0.00s (0.00s waiting)
 INFO Handling non-canceled request textDocument/inlayHint (294)
 INFO Language server processed event `LspRequest(textDocument/inlayHint)` in 0.00s (0.00s waiting)
 INFO Handling non-canceled request textDocument/inlayHint (295)
 INFO Language server processed event `LspRequest(textDocument/inlayHint)` in 0.00s (0.00s waiting)
 INFO Handling non-canceled request textDocument/inlayHint (296)
 INFO Language server processed event `LspRequest(textDocument/inlayHint)` in 0.00s (0.00s waiting)
 INFO Handling non-canceled request textDocument/inlayHint (297)
 INFO Language server processed event `LspRequest(textDocument/inlayHint)` in 0.00s (0.00s waiting)
 INFO Handling non-canceled request textDocument/inlayHint (298)
 INFO Language server processed event `LspRequest(textDocument/inlayHint)` in 0.00s (0.00s waiting)
 INFO Handling non-canceled request textDocument/inlayHint (299)
 INFO Language server processed event `LspRequest(textDocument/inlayHint)` in 0.00s (0.00s waiting)
 INFO Handling non-canceled request textDocument/inlayHint (300)
 INFO Language server processed event `LspRequest(textDocument/inlayHint)` in 0.00s (0.00s waiting)
 INFO Handling non-canceled request textDocument/inlayHint (301)
 INFO Language server processed event `LspRequest(textDocument/inlayHint)` in 0.00s (0.00s waiting)
 INFO Handling non-canceled request textDocument/inlayHint (302)
 INFO Language server processed event `LspRequest(textDocument/inlayHint)` in 0.00s (0.00s waiting)
 INFO Handling non-canceled request textDocument/inlayHint (303)
 INFO Language server processed event `LspRequest(textDocument/inlayHint)` in 0.00s (0.00s waiting)
 INFO Handling non-canceled request textDocument/inlayHint (304)
 INFO Language server processed event `LspRequest(textDocument/inlayHint)` in 0.00s (0.00s waiting)
 INFO Handling non-canceled request textDocument/inlayHint (305)
 INFO Language server processed event `LspRequest(textDocument/inlayHint)` in 0.00s (0.00s waiting)
 INFO Handling non-canceled request textDocument/inlayHint (306)
 INFO Language server processed event `LspRequest(textDocument/inlayHint)` in 0.00s (0.00s waiting)
 INFO Handling non-canceled request textDocument/inlayHint (307)
 INFO Language server processed event `LspRequest(textDocument/inlayHint)` in 0.00s (0.00s waiting)
 INFO Handling non-canceled request textDocument/inlayHint (308)
 INFO Language server processed event `LspRequest(textDocument/inlayHint)` in 0.00s (0.00s waiting)
 INFO Handling non-canceled request textDocument/inlayHint (309)
 INFO Language server processed event `LspRequest(textDocument/inlayHint)` in 0.00s (0.00s waiting)
 INFO Handling non-canceled request textDocument/inlayHint (310)
 INFO Language server processed event `LspRequest(textDocument/inlayHint)` in 0.00s (0.00s waiting)
 INFO Handling non-canceled request textDocument/inlayHint (311)
 INFO Language server processed event `LspRequest(textDocument/inlayHint)` in 0.00s (0.00s waiting)
 INFO Handling non-canceled request textDocument/inlayHint (312)
 INFO Language server processed event `LspRequest(textDocument/inlayHint)` in 0.00s (0.00s waiting)
 INFO Handling non-canceled request textDocument/inlayHint (313)
 INFO Language server processed event `LspRequest(textDocument/inlayHint)` in 0.00s (0.00s waiting)
 INFO Handling non-canceled request textDocument/inlayHint (314)
 INFO Language server processed event `LspRequest(textDocument/inlayHint)` in 0.00s (0.00s waiting)
 INFO Handling non-canceled request textDocument/inlayHint (315)
 INFO Language server processed event `LspRequest(textDocument/inlayHint)` in 0.00s (0.00s waiting)
 INFO Handling non-canceled request textDocument/inlayHint (316)
 INFO Language server processed event `LspRequest(textDocument/inlayHint)` in 0.00s (0.00s waiting)
 INFO Handling non-canceled request textDocument/inlayHint (317)
 INFO Language server processed event `LspRequest(textDocument/inlayHint)` in 0.00s (0.00s waiting)
 INFO Handling non-canceled request textDocument/inlayHint (318)
 INFO Language server processed event `LspRequest(textDocument/inlayHint)` in 0.00s (0.00s waiting)
 INFO Handling non-canceled request textDocument/inlayHint (319)
 INFO Language server processed event `LspRequest(textDocument/inlayHint)` in 0.00s (0.00s waiting)
 INFO Handling non-canceled request textDocument/inlayHint (320)
 INFO Language server processed event `LspRequest(textDocument/inlayHint)` in 0.00s (0.00s waiting)
 INFO Handling non-canceled request textDocument/inlayHint (321)
 INFO Language server processed event `LspRequest(textDocument/inlayHint)` in 0.00s (0.00s waiting)
 INFO Handling non-canceled request textDocument/inlayHint (322)
 INFO Language server processed event `LspRequest(textDocument/inlayHint)` in 0.00s (0.00s waiting)
 INFO Handling non-canceled request textDocument/inlayHint (323)
 INFO Language server processed event `LspRequest(textDocument/inlayHint)` in 0.00s (0.00s waiting)
 INFO Handling non-canceled request textDocument/inlayHint (324)
 INFO Language server processed event `LspRequest(textDocument/inlayHint)` in 0.00s (0.00s waiting)
 INFO Handling non-canceled request textDocument/inlayHint (325)
 INFO Language server processed event `LspRequest(textDocument/inlayHint)` in 0.00s (0.00s waiting)
 INFO Handling non-canceled request textDocument/inlayHint (326)
 INFO Language server processed event `LspRequest(textDocument/inlayHint)` in 0.00s (0.00s waiting)
 INFO Handling non-canceled request textDocument/inlayHint (327)
 INFO Language server processed event `LspRequest(textDocument/inlayHint)` in 0.00s (0.00s waiting)
 INFO Handling non-canceled request textDocument/inlayHint (328)
 INFO Language server processed event `LspRequest(textDocument/inlayHint)` in 0.00s (0.00s waiting)
 INFO Handling non-canceled request textDocument/inlayHint (329)
 INFO Language server processed event `LspRequest(textDocument/inlayHint)` in 0.00s (0.00s waiting)
 INFO Handling non-canceled request textDocument/inlayHint (330)
 INFO Language server processed event `LspRequest(textDocument/inlayHint)` in 0.00s (0.00s waiting)
 INFO Handling non-canceled request textDocument/inlayHint (331)
 INFO Language server processed event `LspRequest(textDocument/inlayHint)` in 0.00s (0.00s waiting)
 INFO Handling non-canceled request textDocument/inlayHint (332)
 INFO Language server processed event `LspRequest(textDocument/inlayHint)` in 0.00s (0.00s waiting)
 INFO Handling non-canceled request textDocument/inlayHint (333)
 INFO Language server processed event `LspRequest(textDocument/inlayHint)` in 0.00s (0.00s waiting)
 INFO Handling non-canceled request textDocument/inlayHint (334)
 INFO Language server processed event `LspRequest(textDocument/inlayHint)` in 0.00s (0.00s waiting)
 INFO Handling non-canceled request textDocument/inlayHint (335)
 INFO Language server processed event `LspRequest(textDocument/inlayHint)` in 0.00s (0.00s waiting)
 INFO Handling non-canceled request textDocument/inlayHint (336)
 INFO Language server processed event `LspRequest(textDocument/inlayHint)` in 0.00s (0.00s waiting)
 INFO Handling non-canceled request textDocument/inlayHint (337)
 INFO Language server processed event `LspRequest(textDocument/inlayHint)` in 0.00s (0.00s waiting)
 INFO Handling non-canceled request textDocument/inlayHint (338)
 INFO Language server processed event `LspRequest(textDocument/inlayHint)` in 0.00s (0.00s waiting)
 INFO Handling non-canceled request textDocument/inlayHint (339)
 INFO Language server processed event `LspRequest(textDocument/inlayHint)` in 0.00s (0.00s waiting)
 INFO Handling non-canceled request textDocument/inlayHint (340)
 INFO Language server processed event `LspRequest(textDocument/inlayHint)` in 0.00s (0.00s waiting)
 INFO Handling non-canceled request textDocument/inlayHint (341)
 INFO Language server processed event `LspRequest(textDocument/inlayHint)` in 0.00s (0.00s waiting)
 INFO Language server processed event `DidChangeWatchedFiles` in 0.00s (0.00s waiting)
 INFO Handling non-canceled request textDocument/inlayHint (342)
 INFO Language server processed event `LspRequest(textDocument/inlayHint)` in 0.00s (0.00s waiting)
 INFO Handling non-canceled request textDocument/inlayHint (343)
 INFO Language server processed event `LspRequest(textDocument/inlayHint)` in 0.00s (0.00s waiting)
 INFO Handling non-canceled request textDocument/inlayHint (344)
 INFO Language server processed event `LspRequest(textDocument/inlayHint)` in 0.00s (0.00s waiting)
 INFO Handling non-canceled request textDocument/inlayHint (345)
 INFO Language server processed event `LspRequest(textDocument/inlayHint)` in 0.00s (0.00s waiting)
 INFO Handling non-canceled request textDocument/inlayHint (346)
 INFO Language server processed event `LspRequest(textDocument/inlayHint)` in 0.00s (0.00s waiting)
 INFO Handling non-canceled request textDocument/inlayHint (347)
 INFO Language server processed event `LspRequest(textDocument/inlayHint)` in 0.00s (0.00s waiting)
 INFO Handling non-canceled request textDocument/inlayHint (348)
 INFO Language server processed event `LspRequest(textDocument/inlayHint)` in 0.00s (0.00s waiting)
 INFO Handling non-canceled request textDocument/inlayHint (349)
 INFO Language server processed event `LspRequest(textDocument/inlayHint)` in 0.00s (0.00s waiting)
 INFO Handling non-canceled request textDocument/inlayHint (350)
 INFO Language server processed event `LspRequest(textDocument/inlayHint)` in 0.00s (0.00s waiting)
 INFO Handling non-canceled request textDocument/inlayHint (351)
 INFO Language server processed event `LspRequest(textDocument/inlayHint)` in 0.00s (0.00s waiting)
 INFO Handling non-canceled request textDocument/inlayHint (352)
 INFO Language server processed event `LspRequest(textDocument/inlayHint)` in 0.00s (0.00s waiting)
 INFO Handling non-canceled request textDocument/inlayHint (353)
 INFO Language server processed event `LspRequest(textDocument/inlayHint)` in 0.00s (0.00s waiting)
 INFO Handling non-canceled request textDocument/inlayHint (354)
 INFO Language server processed event `LspRequest(textDocument/inlayHint)` in 0.00s (0.00s waiting)
 INFO Handling non-canceled request textDocument/inlayHint (355)
 INFO Language server processed event `LspRequest(textDocument/inlayHint)` in 0.00s (0.00s waiting)
 INFO Handling non-canceled request textDocument/inlayHint (356)
 INFO Language server processed event `LspRequest(textDocument/inlayHint)` in 0.00s (0.00s waiting)
 INFO Handling non-canceled request textDocument/inlayHint (357)
 INFO Language server processed event `LspRequest(textDocument/inlayHint)` in 0.00s (0.00s waiting)
 INFO Handling non-canceled request textDocument/inlayHint (358)
 INFO Language server processed event `LspRequest(textDocument/inlayHint)` in 0.00s (0.00s waiting)
 INFO Handling non-canceled request textDocument/inlayHint (359)
 INFO Language server processed event `LspRequest(textDocument/inlayHint)` in 0.00s (0.00s waiting)
 INFO Handling non-canceled request textDocument/inlayHint (360)
 INFO Language server processed event `LspRequest(textDocument/inlayHint)` in 0.00s (0.00s waiting)
 INFO Handling non-canceled request textDocument/inlayHint (361)
 INFO Language server processed event `LspRequest(textDocument/inlayHint)` in 0.00s (0.00s waiting)
 INFO Handling non-canceled request textDocument/inlayHint (362)
 INFO Language server processed event `LspRequest(textDocument/inlayHint)` in 0.00s (0.00s waiting)
 INFO Handling non-canceled request textDocument/inlayHint (363)
 INFO Language server processed event `LspRequest(textDocument/inlayHint)` in 0.00s (0.00s waiting)
 INFO Handling non-canceled request textDocument/inlayHint (364)
 INFO Language server processed event `LspRequest(textDocument/inlayHint)` in 0.00s (0.00s waiting)
 INFO Handling non-canceled request textDocument/inlayHint (365)
 INFO Language server processed event `LspRequest(textDocument/inlayHint)` in 0.00s (0.00s waiting)
 INFO Handling non-canceled request textDocument/inlayHint (366)
 INFO Language server processed event `LspRequest(textDocument/inlayHint)` in 0.00s (0.00s waiting)
 INFO Handling non-canceled request textDocument/inlayHint (367)
 INFO Language server processed event `LspRequest(textDocument/inlayHint)` in 0.00s (0.00s waiting)
 INFO Handling non-canceled request textDocument/inlayHint (368)
 INFO Language server processed event `LspRequest(textDocument/inlayHint)` in 0.00s (0.00s waiting)
 INFO Handling non-canceled request textDocument/inlayHint (369)
 INFO Language server processed event `LspRequest(textDocument/inlayHint)` in 0.00s (0.00s waiting)
 INFO Handling non-canceled request textDocument/inlayHint (370)
 INFO Language server processed event `LspRequest(textDocument/inlayHint)` in 0.00s (0.00s waiting)
 INFO Handling non-canceled request textDocument/inlayHint (371)
 INFO Language server processed event `LspRequest(textDocument/inlayHint)` in 0.00s (0.00s waiting)
 INFO Handling non-canceled request textDocument/inlayHint (372)
 INFO Language server processed event `LspRequest(textDocument/inlayHint)` in 0.00s (0.00s waiting)
 INFO Handling non-canceled request textDocument/inlayHint (373)
 INFO Language server processed event `LspRequest(textDocument/inlayHint)` in 0.00s (0.00s waiting)
 INFO Handling non-canceled request textDocument/inlayHint (374)
 INFO Language server processed event `LspRequest(textDocument/inlayHint)` in 0.00s (0.00s waiting)
 INFO Handling non-canceled request textDocument/inlayHint (375)
 INFO Language server processed event `LspRequest(textDocument/inlayHint)` in 0.00s (0.00s waiting)
 INFO Handling non-canceled request textDocument/inlayHint (376)
 INFO Language server processed event `LspRequest(textDocument/inlayHint)` in 0.00s (0.00s waiting)
 INFO Handling non-canceled request textDocument/inlayHint (377)
 INFO Language server processed event `LspRequest(textDocument/inlayHint)` in 0.00s (0.00s waiting)
 INFO Handling non-canceled request textDocument/hover (378)
 INFO Language server processed event `LspRequest(textDocument/hover)` in 0.00s (0.00s waiting)
 INFO Handling non-canceled request textDocument/inlayHint (379)
 INFO Language server processed event `LspRequest(textDocument/inlayHint)` in 0.00s (0.00s waiting)
 INFO Handling non-canceled request textDocument/inlayHint (380)
 INFO Language server processed event `LspRequest(textDocument/inlayHint)` in 0.00s (0.00s waiting)
 INFO Handling non-canceled request textDocument/inlayHint (381)
 INFO Language server processed event `LspRequest(textDocument/inlayHint)` in 0.00s (0.00s waiting)
 INFO Handling non-canceled request textDocument/inlayHint (382)
 INFO Language server processed event `LspRequest(textDocument/inlayHint)` in 0.00s (0.00s waiting)
 INFO Handling non-canceled request textDocument/inlayHint (383)
 INFO Language server processed event `LspRequest(textDocument/inlayHint)` in 0.00s (0.00s waiting)
 INFO Handling non-canceled request textDocument/inlayHint (384)
 INFO Language server processed event `LspRequest(textDocument/inlayHint)` in 0.00s (0.00s waiting)
 INFO Handling non-canceled request textDocument/inlayHint (385)
 INFO Language server processed event `LspRequest(textDocument/inlayHint)` in 0.00s (0.00s waiting)
 INFO Handling non-canceled request textDocument/inlayHint (386)
 INFO Language server processed event `LspRequest(textDocument/inlayHint)` in 0.00s (0.00s waiting)
 INFO Handling non-canceled request textDocument/inlayHint (387)
 INFO Language server processed event `LspRequest(textDocument/inlayHint)` in 0.00s (0.00s waiting)
 INFO Handling non-canceled request textDocument/inlayHint (388)
 INFO Language server processed event `LspRequest(textDocument/inlayHint)` in 0.00s (0.00s waiting)
 INFO Handling non-canceled request textDocument/inlayHint (389)
 INFO Language server processed event `LspRequest(textDocument/inlayHint)` in 0.00s (0.00s waiting)
 INFO Handling non-canceled request textDocument/inlayHint (390)
 INFO Language server processed event `LspRequest(textDocument/inlayHint)` in 0.00s (0.00s waiting)
 INFO Handling non-canceled request textDocument/inlayHint (391)
 INFO Language server processed event `LspRequest(textDocument/inlayHint)` in 0.00s (0.00s waiting)
 INFO Handling non-canceled request textDocument/inlayHint (392)
 INFO Language server processed event `LspRequest(textDocument/inlayHint)` in 0.00s (0.00s waiting)
 INFO Handling non-canceled request textDocument/inlayHint (393)
 INFO Language server processed event `LspRequest(textDocument/inlayHint)` in 0.00s (0.00s waiting)
 INFO Handling non-canceled request textDocument/inlayHint (394)
 INFO Language server processed event `LspRequest(textDocument/inlayHint)` in 0.00s (0.00s waiting)
 INFO Handling non-canceled request textDocument/inlayHint (395)
 INFO Language server processed event `LspRequest(textDocument/inlayHint)` in 0.00s (0.00s waiting)
 INFO Handling non-canceled request textDocument/inlayHint (396)
 INFO Language server processed event `LspRequest(textDocument/inlayHint)` in 0.00s (0.00s waiting)
 INFO Handling non-canceled request textDocument/inlayHint (397)
 INFO Language server processed event `LspRequest(textDocument/inlayHint)` in 0.00s (0.00s waiting)
 INFO Handling non-canceled request textDocument/inlayHint (398)
 INFO Language server processed event `LspRequest(textDocument/inlayHint)` in 0.00s (0.00s waiting)
 INFO Handling non-canceled request textDocument/inlayHint (399)
 INFO Language server processed event `LspRequest(textDocument/inlayHint)` in 0.00s (0.00s waiting)
 INFO Handling non-canceled request textDocument/hover (400)
 INFO Language server processed event `LspRequest(textDocument/hover)` in 0.00s (0.00s waiting)
 INFO Handling non-canceled request textDocument/inlayHint (401)
 INFO Language server processed event `LspRequest(textDocument/inlayHint)` in 0.00s (0.00s waiting)
 INFO Handling non-canceled request textDocument/hover (402)
 INFO Language server processed event `LspRequest(textDocument/hover)` in 0.00s (0.00s waiting)
 INFO Handling non-canceled request textDocument/hover (403)
 INFO Language server processed event `LspRequest(textDocument/hover)` in 0.00s (0.00s waiting)
 INFO Handling non-canceled request textDocument/inlayHint (404)
 INFO Language server processed event `LspRequest(textDocument/inlayHint)` in 0.00s (0.00s waiting)
 INFO File /home/juan/projects/TermChat/termchat/ui/app.py changed, prepare to validate open files.
 INFO Published 1 diagnostics for file:///home/juan/projects/TermChat/termchat/chat.py
 INFO Published 0 diagnostics for file:///home/juan/projects/TermChat/termchat/history.py
 INFO Published 0 diagnostics for file:///home/juan/projects/TermChat/termchat/skills/base.py
 INFO Published 0 diagnostics for file:///home/juan/projects/TermChat/termchat/ui/app.py
 INFO Published 0 diagnostics for file:///home/juan/projects/TermChat/main.py
 INFO Published 0 diagnostics for file:///home/juan/projects/TermChat/termchat/skills/parser.py
 INFO Published 0 diagnostics for file:///home/juan/projects/TermChat/termchat/config.py
 INFO Published 0 diagnostics for file:///home/juan/projects/TermChat/termchat/main.py
 INFO Validated open files and committed transaction.
 INFO Language server processed event `DidChangeTextDocument` in 0.02s (0.00s waiting)
 INFO Language server processed event `LspResponse` in 0.00s (0.00s waiting)
 INFO Handling non-canceled request textDocument/semanticTokens/full (405)
 INFO Language server processed event `LspRequest(textDocument/semanticTokens/full)` in 0.00s (0.00s waiting)
 INFO [Pyrefly] DidChangeWatchedFiles: 1 file(s) changed (0 created, 1 modified, 0 removed, 0 unknown)
 INFO Language server processed event `DidChangeWatchedFiles` in 0.00s (0.00s waiting)
 INFO Language server processed event `LspResponse` in 0.00s (0.00s waiting)
 INFO Invalidated state, prepare to recheck open files.
 INFO Ran task on recheck_queue heavy task queue. Queue time: 0.00, task time: 0.01
 INFO Published 1 diagnostics for file:///home/juan/projects/TermChat/termchat/chat.py
 INFO Published 0 diagnostics for file:///home/juan/projects/TermChat/termchat/history.py
 INFO Published 0 diagnostics for file:///home/juan/projects/TermChat/termchat/skills/base.py
 INFO Published 0 diagnostics for file:///home/juan/projects/TermChat/termchat/ui/app.py
 INFO Published 0 diagnostics for file:///home/juan/projects/TermChat/main.py
 INFO Published 0 diagnostics for file:///home/juan/projects/TermChat/termchat/skills/parser.py
 INFO Published 0 diagnostics for file:///home/juan/projects/TermChat/termchat/config.py
 INFO Published 0 diagnostics for file:///home/juan/projects/TermChat/termchat/main.py
 INFO Validated open files and committed transaction.
 INFO Language server processed event `RecheckFinished` in 0.00s (0.00s waiting)
 INFO Language server processed event `LspResponse` in 0.00s (0.00s waiting)
 INFO Handling non-canceled request textDocument/semanticTokens/full (406)
 INFO Language server processed event `LspRequest(textDocument/semanticTokens/full)` in 0.00s (0.00s waiting)
 INFO Handling non-canceled request textDocument/codeAction (407)
 INFO Language server processed event `LspRequest(textDocument/codeAction)` in 0.00s (0.00s waiting)
 INFO Language server processed event `DidChangeWatchedFiles` in 0.00s (0.00s waiting)
 INFO Handling non-canceled request textDocument/inlayHint (408)
 INFO Language server processed event `LspRequest(textDocument/inlayHint)` in 0.00s (0.00s waiting)
 INFO Handling non-canceled request textDocument/inlayHint (409)
 INFO Language server processed event `LspRequest(textDocument/inlayHint)` in 0.00s (0.00s waiting)
 INFO Handling non-canceled request textDocument/inlayHint (410)
 INFO Language server processed event `LspRequest(textDocument/inlayHint)` in 0.00s (0.00s waiting)
 INFO Handling non-canceled request textDocument/inlayHint (411)
 INFO Language server processed event `LspRequest(textDocument/inlayHint)` in 0.00s (0.00s waiting)
 INFO Handling non-canceled request textDocument/inlayHint (412)
 INFO Language server processed event `LspRequest(textDocument/inlayHint)` in 0.00s (0.00s waiting)
 INFO Handling non-canceled request textDocument/inlayHint (413)
 INFO Language server processed event `LspRequest(textDocument/inlayHint)` in 0.00s (0.00s waiting)
 INFO Handling non-canceled request textDocument/inlayHint (414)
 INFO Language server processed event `LspRequest(textDocument/inlayHint)` in 0.00s (0.00s waiting)
 INFO Handling non-canceled request textDocument/inlayHint (415)
 INFO Language server processed event `LspRequest(textDocument/inlayHint)` in 0.00s (0.00s waiting)
 INFO Handling non-canceled request textDocument/inlayHint (416)
 INFO Language server processed event `LspRequest(textDocument/inlayHint)` in 0.00s (0.00s waiting)
 INFO Handling non-canceled request textDocument/inlayHint (417)
 INFO Language server processed event `LspRequest(textDocument/inlayHint)` in 0.00s (0.00s waiting)
 INFO Handling non-canceled request textDocument/inlayHint (418)
 INFO Language server processed event `LspRequest(textDocument/inlayHint)` in 0.00s (0.00s waiting)
 INFO Handling non-canceled request textDocument/inlayHint (419)
 INFO Language server processed event `LspRequest(textDocument/inlayHint)` in 0.00s (0.00s waiting)
 INFO Handling non-canceled request textDocument/inlayHint (420)
 INFO Language server processed event `LspRequest(textDocument/inlayHint)` in 0.00s (0.00s waiting)
 INFO Handling non-canceled request textDocument/inlayHint (421)
 INFO Language server processed event `LspRequest(textDocument/inlayHint)` in 0.00s (0.00s waiting)
 INFO Handling non-canceled request textDocument/inlayHint (422)
 INFO Language server processed event `LspRequest(textDocument/inlayHint)` in 0.00s (0.00s waiting)
 INFO Handling non-canceled request textDocument/inlayHint (423)
 INFO Language server processed event `LspRequest(textDocument/inlayHint)` in 0.00s (0.00s waiting)
 INFO Handling non-canceled request textDocument/inlayHint (424)
 INFO Language server processed event `LspRequest(textDocument/inlayHint)` in 0.00s (0.00s waiting)
 INFO Handling non-canceled request textDocument/inlayHint (425)
 INFO Language server processed event `LspRequest(textDocument/inlayHint)` in 0.00s (0.00s waiting)
 INFO Handling non-canceled request textDocument/inlayHint (426)
 INFO Language server processed event `LspRequest(textDocument/inlayHint)` in 0.00s (0.00s waiting)
 INFO Handling non-canceled request textDocument/inlayHint (427)
 INFO Language server processed event `LspRequest(textDocument/inlayHint)` in 0.00s (0.00s waiting)
 INFO Handling non-canceled request textDocument/inlayHint (428)
 INFO Language server processed event `LspRequest(textDocument/inlayHint)` in 0.00s (0.00s waiting)
 INFO Handling non-canceled request textDocument/inlayHint (429)
 INFO Language server processed event `LspRequest(textDocument/inlayHint)` in 0.00s (0.00s waiting)
 INFO Handling non-canceled request textDocument/inlayHint (430)
 INFO Language server processed event `LspRequest(textDocument/inlayHint)` in 0.00s (0.00s waiting)
 INFO Handling non-canceled request textDocument/inlayHint (431)
 INFO Language server processed event `LspRequest(textDocument/inlayHint)` in 0.00s (0.00s waiting)
 INFO Handling non-canceled request textDocument/inlayHint (432)
 INFO Language server processed event `LspRequest(textDocument/inlayHint)` in 0.00s (0.00s waiting)
 INFO Handling non-canceled request textDocument/inlayHint (433)
 INFO Language server processed event `LspRequest(textDocument/inlayHint)` in 0.00s (0.00s waiting)
 INFO Handling non-canceled request textDocument/inlayHint (434)
 INFO Language server processed event `LspRequest(textDocument/inlayHint)` in 0.00s (0.00s waiting)
 INFO Handling non-canceled request textDocument/inlayHint (435)
 INFO Language server processed event `LspRequest(textDocument/inlayHint)` in 0.00s (0.00s waiting)
 INFO Handling non-canceled request textDocument/inlayHint (436)
 INFO Language server processed event `LspRequest(textDocument/inlayHint)` in 0.00s (0.00s waiting)
 INFO Handling non-canceled request textDocument/inlayHint (437)
 INFO Language server processed event `LspRequest(textDocument/inlayHint)` in 0.00s (0.00s waiting)
 INFO Handling non-canceled request textDocument/inlayHint (438)
 INFO Language server processed event `LspRequest(textDocument/inlayHint)` in 0.00s (0.00s waiting)
 INFO Handling non-canceled request textDocument/inlayHint (439)
 INFO Language server processed event `LspRequest(textDocument/inlayHint)` in 0.00s (0.00s waiting)
 INFO Handling non-canceled request textDocument/inlayHint (440)
 INFO Language server processed event `LspRequest(textDocument/inlayHint)` in 0.00s (0.00s waiting)
 INFO Handling non-canceled request textDocument/inlayHint (441)
 INFO Language server processed event `LspRequest(textDocument/inlayHint)` in 0.00s (0.00s waiting)
 INFO Handling non-canceled request textDocument/inlayHint (442)
 INFO Language server processed event `LspRequest(textDocument/inlayHint)` in 0.00s (0.00s waiting)
 INFO Handling non-canceled request textDocument/inlayHint (443)
 INFO Language server processed event `LspRequest(textDocument/inlayHint)` in 0.00s (0.00s waiting)
 INFO Handling non-canceled request textDocument/inlayHint (444)
 INFO Language server processed event `LspRequest(textDocument/inlayHint)` in 0.00s (0.00s waiting)
 INFO Handling non-canceled request textDocument/inlayHint (445)
 INFO Language server processed event `LspRequest(textDocument/inlayHint)` in 0.00s (0.00s waiting)
 INFO Handling non-canceled request textDocument/inlayHint (446)
 INFO Language server processed event `LspRequest(textDocument/inlayHint)` in 0.00s (0.00s waiting)
 INFO Handling non-canceled request textDocument/hover (447)
 INFO Language server processed event `LspRequest(textDocument/hover)` in 0.00s (0.00s waiting)
 INFO Handling non-canceled request textDocument/hover (448)
 INFO Language server processed event `LspRequest(textDocument/hover)` in 0.00s (0.00s waiting)
 INFO Handling non-canceled request textDocument/inlayHint (449)
 INFO Language server processed event `LspRequest(textDocument/inlayHint)` in 0.00s (0.00s waiting)
 INFO Handling non-canceled request textDocument/inlayHint (450)
 INFO Language server processed event `LspRequest(textDocument/inlayHint)` in 0.00s (0.00s waiting)
 INFO Handling non-canceled request textDocument/inlayHint (451)
 INFO Language server processed event `LspRequest(textDocument/inlayHint)` in 0.00s (0.00s waiting)
 INFO Handling non-canceled request textDocument/inlayHint (452)
 INFO Language server processed event `LspRequest(textDocument/inlayHint)` in 0.00s (0.00s waiting)
 INFO Handling non-canceled request textDocument/inlayHint (453)
 INFO Language server processed event `LspRequest(textDocument/inlayHint)` in 0.00s (0.00s waiting)
 INFO Handling non-canceled request textDocument/inlayHint (454)
 INFO Language server processed event `LspRequest(textDocument/inlayHint)` in 0.00s (0.00s waiting)
 INFO Handling non-canceled request textDocument/inlayHint (455)
 INFO Language server processed event `LspRequest(textDocument/inlayHint)` in 0.00s (0.00s waiting)
 INFO Handling non-canceled request textDocument/inlayHint (456)
 INFO Language server processed event `LspRequest(textDocument/inlayHint)` in 0.00s (0.00s waiting)
 INFO Handling non-canceled request textDocument/inlayHint (457)
 INFO Language server processed event `LspRequest(textDocument/inlayHint)` in 0.00s (0.00s waiting)
 INFO Handling non-canceled request textDocument/inlayHint (458)
 INFO Language server processed event `LspRequest(textDocument/inlayHint)` in 0.00s (0.00s waiting)
 INFO Handling non-canceled request textDocument/inlayHint (459)
 INFO Language server processed event `LspRequest(textDocument/inlayHint)` in 0.00s (0.00s waiting)
 INFO Handling non-canceled request textDocument/inlayHint (460)
 INFO Language server processed event `LspRequest(textDocument/inlayHint)` in 0.00s (0.00s waiting)
 INFO Handling non-canceled request textDocument/inlayHint (461)
 INFO Language server processed event `LspRequest(textDocument/inlayHint)` in 0.00s (0.00s waiting)
 INFO Handling non-canceled request textDocument/inlayHint (462)
 INFO Language server processed event `LspRequest(textDocument/inlayHint)` in 0.00s (0.00s waiting)
 INFO Handling non-canceled request textDocument/inlayHint (463)
 INFO Language server processed event `LspRequest(textDocument/inlayHint)` in 0.00s (0.00s waiting)
 INFO Handling non-canceled request textDocument/inlayHint (464)
 INFO Language server processed event `LspRequest(textDocument/inlayHint)` in 0.00s (0.00s waiting)
 INFO Handling non-canceled request textDocument/inlayHint (465)
 INFO Language server processed event `LspRequest(textDocument/inlayHint)` in 0.00s (0.00s waiting)
 INFO Handling non-canceled request textDocument/inlayHint (466)
 INFO Language server processed event `LspRequest(textDocument/inlayHint)` in 0.00s (0.00s waiting)
 INFO Handling non-canceled request textDocument/inlayHint (467)
 INFO Language server processed event `LspRequest(textDocument/inlayHint)` in 0.00s (0.00s waiting)
 INFO Handling non-canceled request textDocument/inlayHint (468)
 INFO Language server processed event `LspRequest(textDocument/inlayHint)` in 0.00s (0.00s waiting)
 INFO Handling non-canceled request textDocument/inlayHint (469)
 INFO Language server processed event `LspRequest(textDocument/inlayHint)` in 0.00s (0.00s waiting)
 INFO Handling non-canceled request textDocument/inlayHint (470)
 INFO Language server processed event `LspRequest(textDocument/inlayHint)` in 0.00s (0.00s waiting)
 INFO Handling non-canceled request textDocument/inlayHint (471)
 INFO Language server processed event `LspRequest(textDocument/inlayHint)` in 0.00s (0.00s waiting)
 INFO Handling non-canceled request textDocument/inlayHint (472)
 INFO Language server processed event `LspRequest(textDocument/inlayHint)` in 0.00s (0.00s waiting)
 INFO Handling non-canceled request pyrefly/textDocument/typeErrorDisplayStatus (473)
 INFO Language server processed event `LspRequest(pyrefly/textDocument/typeErrorDisplayStatus)` in 0.00s (0.00s waiting)
 INFO Handling non-canceled request textDocument/codeAction (474)
 INFO Language server processed event `LspRequest(textDocument/codeAction)` in 0.00s (0.00s waiting)
 INFO Handling non-canceled request textDocument/inlayHint (475)
 INFO Language server processed event `LspRequest(textDocument/inlayHint)` in 0.00s (0.00s waiting)
 INFO Handling non-canceled request textDocument/foldingRange (476)
 INFO Language server processed event `LspRequest(textDocument/foldingRange)` in 0.00s (0.00s waiting)
 INFO Handling non-canceled request textDocument/codeLens (477)
 INFO Language server processed event `LspRequest(textDocument/codeLens)` in 0.00s (0.00s waiting)
 INFO Handling non-canceled request textDocument/semanticTokens/full (478)
 INFO Language server processed event `LspRequest(textDocument/semanticTokens/full)` in 0.00s (0.00s waiting)
 INFO Handling non-canceled request textDocument/documentSymbol (479)
 INFO Language server processed event `LspRequest(textDocument/documentSymbol)` in 0.00s (0.00s waiting)
 INFO Handling non-canceled request textDocument/hover (480)
 INFO Language server processed event `LspRequest(textDocument/hover)` in 0.00s (0.00s waiting)
 INFO Handling non-canceled request textDocument/hover (481)
 INFO Language server processed event `LspRequest(textDocument/hover)` in 0.00s (0.00s waiting)
 INFO Handling non-canceled request textDocument/inlayHint (482)
 INFO Language server processed event `LspRequest(textDocument/inlayHint)` in 0.00s (0.00s waiting)
 INFO Handling non-canceled request textDocument/inlayHint (483)
 INFO Language server processed event `LspRequest(textDocument/inlayHint)` in 0.00s (0.00s waiting)
 INFO Handling non-canceled request textDocument/inlayHint (484)
 INFO Language server processed event `LspRequest(textDocument/inlayHint)` in 0.00s (0.00s waiting)
 INFO Handling non-canceled request textDocument/inlayHint (485)
 INFO Language server processed event `LspRequest(textDocument/inlayHint)` in 0.00s (0.00s waiting)
 INFO Handling non-canceled request textDocument/inlayHint (486)
 INFO Language server processed event `LspRequest(textDocument/inlayHint)` in 0.00s (0.00s waiting)
 INFO Handling non-canceled request textDocument/inlayHint (487)
 INFO Language server processed event `LspRequest(textDocument/inlayHint)` in 0.00s (0.00s waiting)
 INFO Handling non-canceled request textDocument/hover (488)
 INFO Language server processed event `LspRequest(textDocument/hover)` in 0.00s (0.00s waiting)
 INFO Handling non-canceled request textDocument/documentHighlight (489)
 INFO Language server processed event `LspRequest(textDocument/documentHighlight)` in 0.00s (0.00s waiting)
 INFO Handling non-canceled request textDocument/codeLens (490)
 INFO Language server processed event `LspRequest(textDocument/codeLens)` in 0.00s (0.00s waiting)
 INFO Handling non-canceled request textDocument/codeAction (491)
 INFO Language server processed event `LspRequest(textDocument/codeAction)` in 0.00s (0.00s waiting)
 INFO Handling non-canceled request textDocument/definition (492)
 INFO Language server processed event `LspRequest(textDocument/definition)` in 0.00s (0.00s waiting)
 INFO Handling non-canceled request textDocument/definition (493)
 INFO Language server processed event `LspRequest(textDocument/definition)` in 0.00s (0.00s waiting)
 INFO Handling non-canceled request pyrefly/textDocument/typeErrorDisplayStatus (494)
 INFO Language server processed event `LspRequest(pyrefly/textDocument/typeErrorDisplayStatus)` in 0.00s (0.00s waiting)
 INFO Handling non-canceled request textDocument/codeAction (495)
 INFO Language server processed event `LspRequest(textDocument/codeAction)` in 0.00s (0.00s waiting)
 INFO Handling non-canceled request textDocument/documentSymbol (496)
 INFO Language server processed event `LspRequest(textDocument/documentSymbol)` in 0.00s (0.00s waiting)
 INFO Handling non-canceled request textDocument/inlayHint (497)
 INFO Language server processed event `LspRequest(textDocument/inlayHint)` in 0.00s (0.00s waiting)
 INFO Handling non-canceled request textDocument/documentHighlight (498)
 INFO Language server processed event `LspRequest(textDocument/documentHighlight)` in 0.00s (0.00s waiting)
 INFO Handling non-canceled request textDocument/foldingRange (499)
 INFO Language server processed event `LspRequest(textDocument/foldingRange)` in 0.00s (0.00s waiting)
 INFO Handling non-canceled request textDocument/codeAction (500)
 INFO Language server processed event `LspRequest(textDocument/codeAction)` in 0.00s (0.00s waiting)
 INFO Handling non-canceled request textDocument/codeLens (501)
 INFO Language server processed event `LspRequest(textDocument/codeLens)` in 0.00s (0.00s waiting)
 INFO Handling non-canceled request textDocument/semanticTokens/full (502)
 INFO Language server processed event `LspRequest(textDocument/semanticTokens/full)` in 0.00s (0.00s waiting)
 INFO Handling non-canceled request textDocument/documentSymbol (503)
 INFO Language server processed event `LspRequest(textDocument/documentSymbol)` in 0.00s (0.00s waiting)
 INFO Handling non-canceled request textDocument/inlayHint (504)
 INFO Language server processed event `LspRequest(textDocument/inlayHint)` in 0.00s (0.00s waiting)
 INFO Handling non-canceled request textDocument/inlayHint (505)
 INFO Language server processed event `LspRequest(textDocument/inlayHint)` in 0.00s (0.00s waiting)
 INFO Handling non-canceled request textDocument/inlayHint (506)
 INFO Language server processed event `LspRequest(textDocument/inlayHint)` in 0.00s (0.00s waiting)
 INFO Handling non-canceled request textDocument/inlayHint (507)
 INFO Language server processed event `LspRequest(textDocument/inlayHint)` in 0.00s (0.00s waiting)
 INFO Handling non-canceled request textDocument/inlayHint (508)
 INFO Language server processed event `LspRequest(textDocument/inlayHint)` in 0.00s (0.00s waiting)
 INFO Handling non-canceled request textDocument/inlayHint (509)
 INFO Language server processed event `LspRequest(textDocument/inlayHint)` in 0.00s (0.00s waiting)
 INFO Handling non-canceled request textDocument/inlayHint (510)
 INFO Language server processed event `LspRequest(textDocument/inlayHint)` in 0.00s (0.00s waiting)
 INFO Handling non-canceled request textDocument/inlayHint (511)
 INFO Language server processed event `LspRequest(textDocument/inlayHint)` in 0.00s (0.00s waiting)
 INFO Handling non-canceled request textDocument/inlayHint (512)
 INFO Language server processed event `LspRequest(textDocument/inlayHint)` in 0.00s (0.00s waiting)
 INFO Handling non-canceled request textDocument/inlayHint (513)
 INFO Language server processed event `LspRequest(textDocument/inlayHint)` in 0.00s (0.00s waiting)
 INFO Handling non-canceled request textDocument/inlayHint (514)
 INFO Language server processed event `LspRequest(textDocument/inlayHint)` in 0.00s (0.00s waiting)
 INFO Handling non-canceled request textDocument/inlayHint (515)
 INFO Language server processed event `LspRequest(textDocument/inlayHint)` in 0.00s (0.00s waiting)
 INFO Handling non-canceled request textDocument/inlayHint (516)
 INFO Language server processed event `LspRequest(textDocument/inlayHint)` in 0.00s (0.00s waiting)
 INFO Handling non-canceled request textDocument/inlayHint (517)
 INFO Language server processed event `LspRequest(textDocument/inlayHint)` in 0.00s (0.00s waiting)
 INFO Handling non-canceled request textDocument/inlayHint (518)
 INFO Language server processed event `LspRequest(textDocument/inlayHint)` in 0.00s (0.00s waiting)
 INFO Handling non-canceled request textDocument/inlayHint (519)
 INFO Language server processed event `LspRequest(textDocument/inlayHint)` in 0.00s (0.00s waiting)
 INFO Handling non-canceled request textDocument/inlayHint (520)
 INFO Language server processed event `LspRequest(textDocument/inlayHint)` in 0.00s (0.00s waiting)
 INFO Handling non-canceled request textDocument/inlayHint (521)
 INFO Language server processed event `LspRequest(textDocument/inlayHint)` in 0.00s (0.00s waiting)
 INFO Handling non-canceled request textDocument/inlayHint (522)
 INFO Language server processed event `LspRequest(textDocument/inlayHint)` in 0.00s (0.00s waiting)
 INFO File /home/juan/projects/TermChat/termchat/chat.py changed, prepare to validate open files.
 INFO Published 1 diagnostics for file:///home/juan/projects/TermChat/termchat/chat.py
 INFO Published 0 diagnostics for file:///home/juan/projects/TermChat/termchat/history.py
 INFO Published 0 diagnostics for file:///home/juan/projects/TermChat/termchat/skills/base.py
 INFO Published 0 diagnostics for file:///home/juan/projects/TermChat/termchat/ui/app.py
 INFO Published 0 diagnostics for file:///home/juan/projects/TermChat/main.py
 INFO Published 0 diagnostics for file:///home/juan/projects/TermChat/termchat/skills/parser.py
 INFO Published 0 diagnostics for file:///home/juan/projects/TermChat/termchat/config.py
 INFO Published 0 diagnostics for file:///home/juan/projects/TermChat/termchat/main.py
 INFO Validated open files and committed transaction.
 INFO Language server processed event `DidChangeTextDocument` in 0.03s (0.00s waiting)
 INFO Language server processed event `LspResponse` in 0.00s (0.00s waiting)
 INFO [Pyrefly] DidChangeWatchedFiles: 1 file(s) changed (0 created, 1 modified, 0 removed, 0 unknown)
 INFO Language server processed event `DidChangeWatchedFiles` in 0.00s (0.00s waiting)
 INFO Language server processed event `LspResponse` in 0.00s (0.00s waiting)
 INFO Invalidated state, prepare to recheck open files.
 INFO Ran task on recheck_queue heavy task queue. Queue time: 0.00, task time: 0.01
 INFO Published 1 diagnostics for file:///home/juan/projects/TermChat/termchat/chat.py
 INFO Published 0 diagnostics for file:///home/juan/projects/TermChat/termchat/history.py
 INFO Published 0 diagnostics for file:///home/juan/projects/TermChat/termchat/skills/base.py
 INFO Published 0 diagnostics for file:///home/juan/projects/TermChat/termchat/ui/app.py
 INFO Published 0 diagnostics for file:///home/juan/projects/TermChat/main.py
 INFO Published 0 diagnostics for file:///home/juan/projects/TermChat/termchat/skills/parser.py
 INFO Published 0 diagnostics for file:///home/juan/projects/TermChat/termchat/config.py
 INFO Published 0 diagnostics for file:///home/juan/projects/TermChat/termchat/main.py
 INFO Validated open files and committed transaction.
 INFO Language server processed event `RecheckFinished` in 0.00s (0.00s waiting)
 INFO Language server processed event `LspResponse` in 0.00s (0.00s waiting)
 INFO Handling non-canceled request textDocument/semanticTokens/full (523)
 INFO Language server processed event `LspRequest(textDocument/semanticTokens/full)` in 0.00s (0.00s waiting)
 INFO Handling non-canceled request pyrefly/textDocument/typeErrorDisplayStatus (524)
 INFO Language server processed event `LspRequest(pyrefly/textDocument/typeErrorDisplayStatus)` in 0.00s (0.00s waiting)
 INFO Handling non-canceled request textDocument/codeAction (525)
 INFO Language server processed event `LspRequest(textDocument/codeAction)` in 0.00s (0.00s waiting)
 INFO Handling non-canceled request textDocument/documentSymbol (526)
 INFO Language server processed event `LspRequest(textDocument/documentSymbol)` in 0.00s (0.00s waiting)
 INFO Handling non-canceled request textDocument/inlayHint (527)
 INFO Language server processed event `LspRequest(textDocument/inlayHint)` in 0.00s (0.00s waiting)
 INFO Handling non-canceled request textDocument/foldingRange (528)
 INFO Language server processed event `LspRequest(textDocument/foldingRange)` in 0.00s (0.00s waiting)
 INFO Handling non-canceled request textDocument/inlayHint (529)
 INFO Language server processed event `LspRequest(textDocument/inlayHint)` in 0.00s (0.00s waiting)
 INFO Handling non-canceled request textDocument/codeAction (530)
 INFO Language server processed event `LspRequest(textDocument/codeAction)` in 0.00s (0.00s waiting)
 INFO Handling non-canceled request textDocument/codeAction (531)
 INFO Language server processed event `LspRequest(textDocument/codeAction)` in 0.00s (0.00s waiting)
 INFO Handling non-canceled request textDocument/semanticTokens/full (532)
 INFO Language server processed event `LspRequest(textDocument/semanticTokens/full)` in 0.00s (0.00s waiting)
 INFO Handling non-canceled request textDocument/documentSymbol (533)
 INFO Language server processed event `LspRequest(textDocument/documentSymbol)` in 0.00s (0.00s waiting)
 INFO Handling non-canceled request textDocument/codeAction (534)
 INFO Language server processed event `LspRequest(textDocument/codeAction)` in 0.00s (0.00s waiting)
 INFO Handling non-canceled request textDocument/inlayHint (535)
 INFO Language server processed event `LspRequest(textDocument/inlayHint)` in 0.00s (0.00s waiting)
 INFO Handling non-canceled request textDocument/inlayHint (536)
 INFO Language server processed event `LspRequest(textDocument/inlayHint)` in 0.00s (0.00s waiting)
 INFO Handling non-canceled request textDocument/inlayHint (537)
 INFO Language server processed event `LspRequest(textDocument/inlayHint)` in 0.00s (0.00s waiting)
 INFO Handling non-canceled request textDocument/inlayHint (538)
 INFO Language server processed event `LspRequest(textDocument/inlayHint)` in 0.00s (0.00s waiting)
 INFO Handling non-canceled request textDocument/inlayHint (539)
 INFO Language server processed event `LspRequest(textDocument/inlayHint)` in 0.00s (0.00s waiting)
 INFO Handling non-canceled request textDocument/inlayHint (540)
 INFO Language server processed event `LspRequest(textDocument/inlayHint)` in 0.00s (0.00s waiting)
 INFO Handling non-canceled request textDocument/inlayHint (541)
 INFO Language server processed event `LspRequest(textDocument/inlayHint)` in 0.00s (0.00s waiting)
 INFO Handling non-canceled request textDocument/inlayHint (542)
 INFO Language server processed event `LspRequest(textDocument/inlayHint)` in 0.00s (0.00s waiting)
 INFO Handling non-canceled request textDocument/inlayHint (543)
 INFO Language server processed event `LspRequest(textDocument/inlayHint)` in 0.00s (0.00s waiting)
 INFO Handling non-canceled request textDocument/inlayHint (544)
 INFO Language server processed event `LspRequest(textDocument/inlayHint)` in 0.00s (0.00s waiting)
 INFO Handling non-canceled request textDocument/inlayHint (545)
 INFO Language server processed event `LspRequest(textDocument/inlayHint)` in 0.00s (0.00s waiting)
 INFO Handling non-canceled request textDocument/inlayHint (546)
 INFO Language server processed event `LspRequest(textDocument/inlayHint)` in 0.00s (0.00s waiting)
 INFO Handling non-canceled request textDocument/inlayHint (547)
 INFO Language server processed event `LspRequest(textDocument/inlayHint)` in 0.00s (0.00s waiting)
 INFO Handling non-canceled request textDocument/inlayHint (548)
 INFO Language server processed event `LspRequest(textDocument/inlayHint)` in 0.00s (0.00s waiting)
 INFO Handling non-canceled request textDocument/inlayHint (549)
 INFO Language server processed event `LspRequest(textDocument/inlayHint)` in 0.00s (0.00s waiting)
 INFO Handling non-canceled request textDocument/inlayHint (550)
 INFO Language server processed event `LspRequest(textDocument/inlayHint)` in 0.00s (0.00s waiting)
 INFO Handling non-canceled request textDocument/inlayHint (551)
 INFO Language server processed event `LspRequest(textDocument/inlayHint)` in 0.00s (0.00s waiting)
 INFO Handling non-canceled request textDocument/inlayHint (552)
 INFO Language server processed event `LspRequest(textDocument/inlayHint)` in 0.00s (0.00s waiting)
 INFO Handling non-canceled request textDocument/inlayHint (553)
 INFO Language server processed event `LspRequest(textDocument/inlayHint)` in 0.00s (0.00s waiting)
 INFO Handling non-canceled request textDocument/inlayHint (554)
 INFO Language server processed event `LspRequest(textDocument/inlayHint)` in 0.00s (0.00s waiting)
 INFO Handling non-canceled request textDocument/inlayHint (555)
 INFO Language server processed event `LspRequest(textDocument/inlayHint)` in 0.00s (0.00s waiting)
 INFO Handling non-canceled request textDocument/inlayHint (556)
 INFO Language server processed event `LspRequest(textDocument/inlayHint)` in 0.00s (0.00s waiting)
 INFO Language server processed event `DidChangeWatchedFiles` in 0.00s (0.00s waiting)
 INFO Handling non-canceled request textDocument/inlayHint (557)
 INFO Language server processed event `LspRequest(textDocument/inlayHint)` in 0.00s (0.00s waiting)
 INFO Handling non-canceled request textDocument/inlayHint (558)
 INFO Language server processed event `LspRequest(textDocument/inlayHint)` in 0.00s (0.00s waiting)
 INFO Handling non-canceled request textDocument/inlayHint (559)
 INFO Language server processed event `LspRequest(textDocument/inlayHint)` in 0.00s (0.00s waiting)
 INFO Handling non-canceled request textDocument/inlayHint (560)
 INFO Language server processed event `LspRequest(textDocument/inlayHint)` in 0.00s (0.00s waiting)
 INFO Handling non-canceled request textDocument/inlayHint (561)
 INFO Language server processed event `LspRequest(textDocument/inlayHint)` in 0.00s (0.00s waiting)
 INFO Handling non-canceled request textDocument/hover (562)
 INFO Language server processed event `LspRequest(textDocument/hover)` in 0.00s (0.00s waiting)
 INFO Handling non-canceled request textDocument/inlayHint (563)
 INFO Language server processed event `LspRequest(textDocument/inlayHint)` in 0.00s (0.00s waiting)
 INFO Handling non-canceled request textDocument/inlayHint (564)
 INFO Language server processed event `LspRequest(textDocument/inlayHint)` in 0.00s (0.00s waiting)
 INFO Handling non-canceled request textDocument/inlayHint (565)
 INFO Language server processed event `LspRequest(textDocument/inlayHint)` in 0.00s (0.00s waiting)
 INFO Handling non-canceled request textDocument/inlayHint (566)
 INFO Language server processed event `LspRequest(textDocument/inlayHint)` in 0.00s (0.00s waiting)
 INFO Handling non-canceled request textDocument/inlayHint (567)
 INFO Language server processed event `LspRequest(textDocument/inlayHint)` in 0.00s (0.00s waiting)
 INFO Handling non-canceled request textDocument/inlayHint (568)
 INFO Language server processed event `LspRequest(textDocument/inlayHint)` in 0.00s (0.00s waiting)
 INFO Handling non-canceled request textDocument/inlayHint (569)
 INFO Language server processed event `LspRequest(textDocument/inlayHint)` in 0.00s (0.00s waiting)
 INFO Handling non-canceled request textDocument/inlayHint (570)
 INFO Language server processed event `LspRequest(textDocument/inlayHint)` in 0.00s (0.00s waiting)
 INFO Handling non-canceled request textDocument/inlayHint (571)
 INFO Language server processed event `LspRequest(textDocument/inlayHint)` in 0.00s (0.00s waiting)
 INFO Handling non-canceled request textDocument/inlayHint (572)
 INFO Language server processed event `LspRequest(textDocument/inlayHint)` in 0.00s (0.00s waiting)
 INFO Handling non-canceled request textDocument/inlayHint (573)
 INFO Language server processed event `LspRequest(textDocument/inlayHint)` in 0.00s (0.00s waiting)
 INFO Handling non-canceled request textDocument/inlayHint (574)
 INFO Language server processed event `LspRequest(textDocument/inlayHint)` in 0.00s (0.00s waiting)
 INFO Handling non-canceled request textDocument/inlayHint (575)
 INFO Language server processed event `LspRequest(textDocument/inlayHint)` in 0.00s (0.00s waiting)
 INFO Handling non-canceled request textDocument/inlayHint (576)
 INFO Language server processed event `LspRequest(textDocument/inlayHint)` in 0.00s (0.00s waiting)
 INFO Handling non-canceled request textDocument/inlayHint (577)
 INFO Language server processed event `LspRequest(textDocument/inlayHint)` in 0.00s (0.00s waiting)
 INFO Handling non-canceled request textDocument/inlayHint (578)
 INFO Language server processed event `LspRequest(textDocument/inlayHint)` in 0.00s (0.00s waiting)
 INFO Handling non-canceled request textDocument/inlayHint (579)
 INFO Language server processed event `LspRequest(textDocument/inlayHint)` in 0.00s (0.00s waiting)
 INFO Handling non-canceled request textDocument/hover (580)
 INFO Language server processed event `LspRequest(textDocument/hover)` in 0.01s (0.00s waiting)
 INFO Handling non-canceled request textDocument/definition (581)
 INFO Language server processed event `LspRequest(textDocument/definition)` in 0.00s (0.00s waiting)
 INFO Handling non-canceled request textDocument/definition (582)
 INFO Language server processed event `LspRequest(textDocument/definition)` in 0.00s (0.00s waiting)
 INFO Handling non-canceled request textDocument/hover (583)
 INFO Language server processed event `LspRequest(textDocument/hover)` in 0.00s (0.00s waiting)
 INFO Handling non-canceled request textDocument/documentHighlight (584)
 INFO Language server processed event `LspRequest(textDocument/documentHighlight)` in 0.00s (0.00s waiting)
 INFO Handling non-canceled request textDocument/codeAction (585)
 INFO Language server processed event `LspRequest(textDocument/codeAction)` in 0.00s (0.00s waiting)
 INFO Handling non-canceled request textDocument/codeAction (586)
 INFO Language server processed event `LspRequest(textDocument/codeAction)` in 0.00s (0.00s waiting)
 INFO Handling non-canceled request textDocument/definition (587)
 INFO Language server processed event `LspRequest(textDocument/definition)` in 0.00s (0.00s waiting)
 INFO Handling non-canceled request textDocument/inlayHint (588)
 INFO Language server processed event `LspRequest(textDocument/inlayHint)` in 0.00s (0.00s waiting)
 INFO Handling non-canceled request textDocument/codeLens (589)
 INFO Language server processed event `LspRequest(textDocument/codeLens)` in 0.00s (0.00s waiting)
 INFO Handling non-canceled request textDocument/codeAction (590)
 INFO Language server processed event `LspRequest(textDocument/codeAction)` in 0.00s (0.00s waiting)
 INFO Handling non-canceled request textDocument/codeAction (591)
 INFO Language server processed event `LspRequest(textDocument/codeAction)` in 0.00s (0.00s waiting)
 INFO Handling non-canceled request textDocument/codeAction (592)
 INFO Language server processed event `LspRequest(textDocument/codeAction)` in 0.00s (0.00s waiting)
 INFO Handling non-canceled request textDocument/hover (593)
 INFO Language server processed event `LspRequest(textDocument/hover)` in 0.00s (0.00s waiting)
 INFO Handling non-canceled request textDocument/hover (594)
 INFO Language server processed event `LspRequest(textDocument/hover)` in 0.00s (0.00s waiting)
 INFO Handling non-canceled request textDocument/definition (595)
 INFO Language server processed event `LspRequest(textDocument/definition)` in 0.00s (0.00s waiting)
 INFO Handling non-canceled request textDocument/documentHighlight (596)
 INFO Language server processed event `LspRequest(textDocument/documentHighlight)` in 0.00s (0.00s waiting)
 INFO Handling non-canceled request textDocument/codeAction (597)
 INFO Language server processed event `LspRequest(textDocument/codeAction)` in 0.00s (0.00s waiting)
 INFO Handling non-canceled request textDocument/codeAction (598)
 INFO Language server processed event `LspRequest(textDocument/codeAction)` in 0.00s (0.00s waiting)
 INFO Handling non-canceled request textDocument/definition (599)
 INFO Language server processed event `LspRequest(textDocument/definition)` in 0.00s (0.00s waiting)
 INFO Handling non-canceled request textDocument/codeAction (600)
 INFO Language server processed event `LspRequest(textDocument/codeAction)` in 0.00s (0.00s waiting)
 INFO Handling non-canceled request textDocument/codeAction (601)
 INFO Language server processed event `LspRequest(textDocument/codeAction)` in 0.00s (0.00s waiting)
 INFO Handling non-canceled request textDocument/codeAction (602)
 INFO Language server processed event `LspRequest(textDocument/codeAction)` in 0.00s (0.00s waiting)
 INFO Handling non-canceled request textDocument/definition (603)
 INFO Language server processed event `LspRequest(textDocument/definition)` in 0.00s (0.00s waiting)
 INFO Handling non-canceled request textDocument/definition (604)
 INFO Language server processed event `LspRequest(textDocument/definition)` in 0.00s (0.00s waiting)
 INFO Handling non-canceled request textDocument/hover (605)
 INFO Language server processed event `LspRequest(textDocument/hover)` in 0.00s (0.00s waiting)
 INFO Handling non-canceled request textDocument/hover (606)
 INFO Language server processed event `LspRequest(textDocument/hover)` in 0.00s (0.00s waiting)
 INFO Handling non-canceled request textDocument/definition (607)
 INFO Language server processed event `LspRequest(textDocument/definition)` in 0.00s (0.00s waiting)
 INFO Handling non-canceled request textDocument/documentHighlight (608)
 INFO Language server processed event `LspRequest(textDocument/documentHighlight)` in 0.00s (0.00s waiting)
 INFO Handling non-canceled request pyrefly/textDocument/typeErrorDisplayStatus (609)
 INFO Language server processed event `LspRequest(pyrefly/textDocument/typeErrorDisplayStatus)` in 0.00s (0.00s waiting)
 INFO Handling non-canceled request textDocument/codeAction (610)
 INFO Language server processed event `LspRequest(textDocument/codeAction)` in 0.00s (0.00s waiting)
 INFO Handling non-canceled request textDocument/inlayHint (611)
 INFO Language server processed event `LspRequest(textDocument/inlayHint)` in 0.00s (0.00s waiting)
 INFO Handling non-canceled request textDocument/documentHighlight (612)
 INFO Language server processed event `LspRequest(textDocument/documentHighlight)` in 0.00s (0.00s waiting)
 INFO Handling non-canceled request textDocument/foldingRange (613)
 INFO Language server processed event `LspRequest(textDocument/foldingRange)` in 0.00s (0.00s waiting)
 INFO Handling non-canceled request textDocument/codeAction (614)
 INFO Language server processed event `LspRequest(textDocument/codeAction)` in 0.00s (0.00s waiting)
 INFO Handling non-canceled request textDocument/codeLens (615)
 INFO Language server processed event `LspRequest(textDocument/codeLens)` in 0.00s (0.00s waiting)
 INFO Handling non-canceled request textDocument/semanticTokens/full (616)
 INFO Language server processed event `LspRequest(textDocument/semanticTokens/full)` in 0.00s (0.00s waiting)
 INFO Handling non-canceled request textDocument/documentSymbol (617)
 INFO Language server processed event `LspRequest(textDocument/documentSymbol)` in 0.00s (0.00s waiting)
 INFO Handling non-canceled request textDocument/inlayHint (618)
 INFO Language server processed event `LspRequest(textDocument/inlayHint)` in 0.00s (0.00s waiting)
 INFO Handling non-canceled request textDocument/inlayHint (619)
 INFO Language server processed event `LspRequest(textDocument/inlayHint)` in 0.00s (0.00s waiting)
 INFO Handling non-canceled request textDocument/inlayHint (620)
 INFO Language server processed event `LspRequest(textDocument/inlayHint)` in 0.00s (0.00s waiting)
 INFO Handling non-canceled request textDocument/inlayHint (621)
 INFO Language server processed event `LspRequest(textDocument/inlayHint)` in 0.00s (0.00s waiting)
 INFO Handling non-canceled request textDocument/inlayHint (622)
 INFO Language server processed event `LspRequest(textDocument/inlayHint)` in 0.00s (0.00s waiting)
 INFO Handling non-canceled request textDocument/inlayHint (623)
 INFO Language server processed event `LspRequest(textDocument/inlayHint)` in 0.00s (0.00s waiting)
 INFO Handling non-canceled request textDocument/inlayHint (624)
 INFO Language server processed event `LspRequest(textDocument/inlayHint)` in 0.00s (0.00s waiting)
 INFO Handling non-canceled request textDocument/inlayHint (625)
 INFO Language server processed event `LspRequest(textDocument/inlayHint)` in 0.00s (0.00s waiting)
 INFO Handling non-canceled request textDocument/inlayHint (626)
 INFO Language server processed event `LspRequest(textDocument/inlayHint)` in 0.00s (0.00s waiting)
 INFO Handling non-canceled request textDocument/inlayHint (627)
 INFO Language server processed event `LspRequest(textDocument/inlayHint)` in 0.00s (0.00s waiting)
 INFO Handling non-canceled request textDocument/inlayHint (628)
 INFO Language server processed event `LspRequest(textDocument/inlayHint)` in 0.00s (0.00s waiting)
 INFO Handling non-canceled request textDocument/inlayHint (629)
 INFO Language server processed event `LspRequest(textDocument/inlayHint)` in 0.00s (0.00s waiting)
 INFO Handling non-canceled request textDocument/inlayHint (630)
 INFO Language server processed event `LspRequest(textDocument/inlayHint)` in 0.00s (0.00s waiting)
 INFO Handling non-canceled request textDocument/inlayHint (631)
 INFO Language server processed event `LspRequest(textDocument/inlayHint)` in 0.00s (0.00s waiting)
 INFO Handling non-canceled request textDocument/inlayHint (632)
 INFO Language server processed event `LspRequest(textDocument/inlayHint)` in 0.00s (0.00s waiting)
 INFO Handling non-canceled request textDocument/inlayHint (633)
 INFO Language server processed event `LspRequest(textDocument/inlayHint)` in 0.00s (0.00s waiting)
 INFO Handling non-canceled request textDocument/inlayHint (634)
 INFO Language server processed event `LspRequest(textDocument/inlayHint)` in 0.00s (0.00s waiting)
 INFO Handling non-canceled request textDocument/inlayHint (635)
 INFO Language server processed event `LspRequest(textDocument/inlayHint)` in 0.00s (0.00s waiting)
 INFO Handling non-canceled request textDocument/inlayHint (636)
 INFO Language server processed event `LspRequest(textDocument/inlayHint)` in 0.00s (0.00s waiting)
 INFO Handling non-canceled request textDocument/inlayHint (637)
 INFO Language server processed event `LspRequest(textDocument/inlayHint)` in 0.00s (0.00s waiting)
 INFO Handling non-canceled request textDocument/inlayHint (638)
 INFO Language server processed event `LspRequest(textDocument/inlayHint)` in 0.00s (0.00s waiting)
 INFO Handling non-canceled request textDocument/inlayHint (639)
 INFO Language server processed event `LspRequest(textDocument/inlayHint)` in 0.00s (0.00s waiting)
 INFO Handling non-canceled request textDocument/inlayHint (640)
 INFO Language server processed event `LspRequest(textDocument/inlayHint)` in 0.00s (0.00s waiting)
 INFO Handling non-canceled request textDocument/inlayHint (641)
 INFO Language server processed event `LspRequest(textDocument/inlayHint)` in 0.00s (0.00s waiting)
 INFO Handling non-canceled request textDocument/inlayHint (642)
 INFO Language server processed event `LspRequest(textDocument/inlayHint)` in 0.00s (0.00s waiting)
 INFO Handling non-canceled request textDocument/inlayHint (643)
 INFO Language server processed event `LspRequest(textDocument/inlayHint)` in 0.00s (0.00s waiting)
 INFO Handling non-canceled request textDocument/inlayHint (644)
 INFO Language server processed event `LspRequest(textDocument/inlayHint)` in 0.00s (0.00s waiting)
 INFO Handling non-canceled request textDocument/inlayHint (645)
 INFO Language server processed event `LspRequest(textDocument/inlayHint)` in 0.00s (0.00s waiting)
 INFO Handling non-canceled request textDocument/inlayHint (646)
 INFO Language server processed event `LspRequest(textDocument/inlayHint)` in 0.00s (0.00s waiting)
 INFO Handling non-canceled request textDocument/inlayHint (647)
 INFO Language server processed event `LspRequest(textDocument/inlayHint)` in 0.00s (0.00s waiting)
 INFO Handling non-canceled request textDocument/inlayHint (648)
 INFO Language server processed event `LspRequest(textDocument/inlayHint)` in 0.00s (0.00s waiting)
 INFO Handling non-canceled request textDocument/inlayHint (649)
 INFO Language server processed event `LspRequest(textDocument/inlayHint)` in 0.00s (0.00s waiting)
 INFO Handling non-canceled request textDocument/inlayHint (650)
 INFO Language server processed event `LspRequest(textDocument/inlayHint)` in 0.00s (0.00s waiting)
 INFO Handling non-canceled request pyrefly/textDocument/typeErrorDisplayStatus (651)
 INFO Language server processed event `LspRequest(pyrefly/textDocument/typeErrorDisplayStatus)` in 0.00s (0.00s waiting)
 INFO Handling non-canceled request textDocument/codeAction (652)
 INFO Language server processed event `LspRequest(textDocument/codeAction)` in 0.00s (0.00s waiting)
 INFO Handling non-canceled request textDocument/inlayHint (653)
 INFO Language server processed event `LspRequest(textDocument/inlayHint)` in 0.00s (0.00s waiting)
 INFO Handling non-canceled request textDocument/foldingRange (654)
 INFO Language server processed event `LspRequest(textDocument/foldingRange)` in 0.01s (0.00s waiting)
 INFO Handling non-canceled request textDocument/codeLens (655)
 INFO Language server processed event `LspRequest(textDocument/codeLens)` in 0.00s (0.00s waiting)
 INFO Handling non-canceled request textDocument/codeAction (656)
 INFO Language server processed event `LspRequest(textDocument/codeAction)` in 0.00s (0.00s waiting)
 INFO Handling non-canceled request textDocument/semanticTokens/full (657)
 INFO Language server processed event `LspRequest(textDocument/semanticTokens/full)` in 0.00s (0.00s waiting)
 INFO Handling non-canceled request textDocument/documentSymbol (658)
 INFO Language server processed event `LspRequest(textDocument/documentSymbol)` in 0.00s (0.00s waiting)
 INFO Handling non-canceled request textDocument/hover (659)
 INFO Language server processed event `LspRequest(textDocument/hover)` in 0.03s (0.00s waiting)
 INFO Handling non-canceled request textDocument/hover (660)
 INFO Language server processed event `LspRequest(textDocument/hover)` in 0.00s (0.00s waiting)
 INFO Handling non-canceled request textDocument/definition (661)
 INFO Language server processed event `LspRequest(textDocument/definition)` in 0.00s (0.00s waiting)
 INFO Handling non-canceled request textDocument/hover (662)
 INFO Language server processed event `LspRequest(textDocument/hover)` in 0.00s (0.00s waiting)
 INFO Handling non-canceled request textDocument/documentHighlight (663)
 INFO Language server processed event `LspRequest(textDocument/documentHighlight)` in 0.00s (0.00s waiting)
 INFO Handling non-canceled request textDocument/definition (664)
 INFO Language server processed event `LspRequest(textDocument/definition)` in 0.00s (0.00s waiting)
 INFO Handling non-canceled request pyrefly/textDocument/typeErrorDisplayStatus (665)
 INFO Language server processed event `LspRequest(pyrefly/textDocument/typeErrorDisplayStatus)` in 0.00s (0.00s waiting)
 INFO Handling non-canceled request textDocument/codeAction (666)
 INFO Language server processed event `LspRequest(textDocument/codeAction)` in 0.00s (0.00s waiting)
 INFO Handling non-canceled request textDocument/inlayHint (667)
 INFO Language server processed event `LspRequest(textDocument/inlayHint)` in 0.00s (0.00s waiting)
 INFO Handling non-canceled request textDocument/documentHighlight (668)
 INFO Language server processed event `LspRequest(textDocument/documentHighlight)` in 0.01s (0.00s waiting)
 INFO Handling non-canceled request textDocument/foldingRange (669)
 INFO Language server processed event `LspRequest(textDocument/foldingRange)` in 0.00s (0.01s waiting)
 INFO Handling non-canceled request textDocument/codeAction (670)
 INFO Language server processed event `LspRequest(textDocument/codeAction)` in 0.00s (0.00s waiting)
 INFO Handling non-canceled request textDocument/codeLens (671)
 INFO Language server processed event `LspRequest(textDocument/codeLens)` in 0.00s (0.00s waiting)
 INFO Handling non-canceled request textDocument/semanticTokens/full (672)
 INFO Language server processed event `LspRequest(textDocument/semanticTokens/full)` in 0.01s (0.00s waiting)
 INFO Handling non-canceled request textDocument/documentSymbol (673)
 INFO Language server processed event `LspRequest(textDocument/documentSymbol)` in 0.00s (0.01s waiting)
 INFO Handling non-canceled request textDocument/inlayHint (674)
 INFO Language server processed event `LspRequest(textDocument/inlayHint)` in 0.00s (0.00s waiting)
 INFO Handling non-canceled request textDocument/inlayHint (675)
 INFO Language server processed event `LspRequest(textDocument/inlayHint)` in 0.00s (0.00s waiting)
 INFO Handling non-canceled request textDocument/inlayHint (676)
 INFO Language server processed event `LspRequest(textDocument/inlayHint)` in 0.00s (0.00s waiting)
 INFO Handling non-canceled request textDocument/inlayHint (677)
 INFO Language server processed event `LspRequest(textDocument/inlayHint)` in 0.00s (0.00s waiting)
 INFO Handling non-canceled request textDocument/inlayHint (678)
 INFO Language server processed event `LspRequest(textDocument/inlayHint)` in 0.00s (0.00s waiting)
 INFO Handling non-canceled request textDocument/inlayHint (679)
 INFO Language server processed event `LspRequest(textDocument/inlayHint)` in 0.00s (0.00s waiting)
 INFO Handling non-canceled request textDocument/inlayHint (680)
 INFO Language server processed event `LspRequest(textDocument/inlayHint)` in 0.00s (0.00s waiting)
 INFO Handling non-canceled request textDocument/inlayHint (681)
 INFO Language server processed event `LspRequest(textDocument/inlayHint)` in 0.00s (0.00s waiting)
 INFO Handling non-canceled request textDocument/inlayHint (682)
 INFO Language server processed event `LspRequest(textDocument/inlayHint)` in 0.00s (0.00s waiting)
 INFO Handling non-canceled request textDocument/inlayHint (683)
 INFO Language server processed event `LspRequest(textDocument/inlayHint)` in 0.00s (0.00s waiting)
 INFO Handling non-canceled request textDocument/inlayHint (684)
 INFO Language server processed event `LspRequest(textDocument/inlayHint)` in 0.00s (0.00s waiting)
 INFO Handling non-canceled request textDocument/inlayHint (685)
 INFO Language server processed event `LspRequest(textDocument/inlayHint)` in 0.00s (0.00s waiting)
 INFO Handling non-canceled request textDocument/inlayHint (686)
 INFO Language server processed event `LspRequest(textDocument/inlayHint)` in 0.00s (0.00s waiting)
 INFO Handling non-canceled request textDocument/inlayHint (687)
 INFO Language server processed event `LspRequest(textDocument/inlayHint)` in 0.00s (0.00s waiting)
 INFO Handling non-canceled request textDocument/inlayHint (688)
 INFO Language server processed event `LspRequest(textDocument/inlayHint)` in 0.00s (0.00s waiting)
 INFO Handling non-canceled request textDocument/inlayHint (689)
 INFO Language server processed event `LspRequest(textDocument/inlayHint)` in 0.00s (0.00s waiting)
 INFO Handling non-canceled request textDocument/inlayHint (690)
 INFO Language server processed event `LspRequest(textDocument/inlayHint)` in 0.00s (0.00s waiting)
 INFO Handling non-canceled request textDocument/inlayHint (691)
 INFO Language server processed event `LspRequest(textDocument/inlayHint)` in 0.00s (0.00s waiting)
 INFO Handling non-canceled request textDocument/inlayHint (692)
 INFO Language server processed event `LspRequest(textDocument/inlayHint)` in 0.00s (0.00s waiting)
 INFO Handling non-canceled request textDocument/hover (693)
 INFO Language server processed event `LspRequest(textDocument/hover)` in 0.00s (0.00s waiting)
 INFO Handling non-canceled request textDocument/definition (694)
 INFO Language server processed event `LspRequest(textDocument/definition)` in 0.00s (0.00s waiting)
 INFO Handling non-canceled request textDocument/hover (695)
 INFO Language server processed event `LspRequest(textDocument/hover)` in 0.00s (0.00s waiting)
 INFO Handling non-canceled request textDocument/definition (696)
 INFO Language server processed event `LspRequest(textDocument/definition)` in 0.00s (0.00s waiting)
 INFO Handling non-canceled request textDocument/documentHighlight (697)
 INFO Language server processed event `LspRequest(textDocument/documentHighlight)` in 0.00s (0.00s waiting)
 INFO Handling non-canceled request pyrefly/textDocument/typeErrorDisplayStatus (698)
 INFO Language server processed event `LspRequest(pyrefly/textDocument/typeErrorDisplayStatus)` in 0.00s (0.00s waiting)
 INFO Handling non-canceled request textDocument/codeAction (699)
 INFO Language server processed event `LspRequest(textDocument/codeAction)` in 0.00s (0.00s waiting)
 INFO Handling non-canceled request textDocument/inlayHint (700)
 INFO Language server processed event `LspRequest(textDocument/inlayHint)` in 0.00s (0.00s waiting)
 INFO Handling non-canceled request textDocument/documentHighlight (701)
 INFO Language server processed event `LspRequest(textDocument/documentHighlight)` in 0.00s (0.00s waiting)
 INFO Handling non-canceled request textDocument/foldingRange (702)
 INFO Language server processed event `LspRequest(textDocument/foldingRange)` in 0.00s (0.00s waiting)
 INFO Handling non-canceled request textDocument/codeAction (703)
 INFO Language server processed event `LspRequest(textDocument/codeAction)` in 0.00s (0.00s waiting)
 INFO Handling non-canceled request textDocument/codeAction (704)
 INFO Language server processed event `LspRequest(textDocument/codeAction)` in 0.00s (0.00s waiting)
 INFO Handling non-canceled request textDocument/codeAction (705)
 INFO Language server processed event `LspRequest(textDocument/codeAction)` in 0.00s (0.00s waiting)
 INFO Handling non-canceled request textDocument/codeLens (706)
 INFO Language server processed event `LspRequest(textDocument/codeLens)` in 0.00s (0.00s waiting)
 INFO Handling non-canceled request textDocument/semanticTokens/full (707)
 INFO Language server processed event `LspRequest(textDocument/semanticTokens/full)` in 0.00s (0.00s waiting)
 INFO Handling non-canceled request textDocument/documentSymbol (708)
 INFO Language server processed event `LspRequest(textDocument/documentSymbol)` in 0.00s (0.00s waiting)
 INFO Handling non-canceled request textDocument/hover (709)
 INFO Language server processed event `LspRequest(textDocument/hover)` in 0.00s (0.00s waiting)
 INFO Handling non-canceled request textDocument/hover (710)
 INFO Language server processed event `LspRequest(textDocument/hover)` in 0.00s (0.00s waiting)
 INFO Handling non-canceled request textDocument/hover (711)
 INFO Language server processed event `LspRequest(textDocument/hover)` in 0.00s (0.00s waiting)
 INFO Handling non-canceled request textDocument/inlayHint (712)
 INFO Language server processed event `LspRequest(textDocument/inlayHint)` in 0.00s (0.00s waiting)
 INFO Handling non-canceled request textDocument/inlayHint (713)
 INFO Language server processed event `LspRequest(textDocument/inlayHint)` in 0.00s (0.00s waiting)
 INFO Handling non-canceled request textDocument/inlayHint (714)
 INFO Language server processed event `LspRequest(textDocument/inlayHint)` in 0.00s (0.00s waiting)
 INFO Handling non-canceled request textDocument/inlayHint (715)
 INFO Language server processed event `LspRequest(textDocument/inlayHint)` in 0.00s (0.00s waiting)
 INFO Handling non-canceled request textDocument/inlayHint (716)
 INFO Language server processed event `LspRequest(textDocument/inlayHint)` in 0.00s (0.00s waiting)
 INFO Handling non-canceled request textDocument/inlayHint (717)
 INFO Language server processed event `LspRequest(textDocument/inlayHint)` in 0.00s (0.00s waiting)
 INFO Handling non-canceled request textDocument/inlayHint (718)
 INFO Language server processed event `LspRequest(textDocument/inlayHint)` in 0.00s (0.00s waiting)
 INFO Handling non-canceled request textDocument/inlayHint (719)
 INFO Language server processed event `LspRequest(textDocument/inlayHint)` in 0.00s (0.00s waiting)
 INFO Handling non-canceled request textDocument/inlayHint (720)
 INFO Language server processed event `LspRequest(textDocument/inlayHint)` in 0.00s (0.00s waiting)
 INFO Handling non-canceled request textDocument/inlayHint (721)
 INFO Language server processed event `LspRequest(textDocument/inlayHint)` in 0.00s (0.00s waiting)
 INFO Handling non-canceled request textDocument/inlayHint (722)
 INFO Language server processed event `LspRequest(textDocument/inlayHint)` in 0.00s (0.00s waiting)
 INFO Handling non-canceled request textDocument/definition (723)
 INFO Language server processed event `LspRequest(textDocument/definition)` in 0.00s (0.00s waiting)
 INFO Handling non-canceled request textDocument/definition (724)
 INFO Language server processed event `LspRequest(textDocument/definition)` in 0.01s (0.00s waiting)
 INFO File /home/juan/projects/TermChat/.venv/lib/python3.12/site-packages/ollama/_client.py opened, prepare to validate open files.
 INFO Ran task on sourcedb_queue heavy task queue. Queue time: 0.00, task time: 0.00
 INFO Published 1 diagnostics for file:///home/juan/projects/TermChat/termchat/chat.py
 INFO Published 0 diagnostics for file:///home/juan/projects/TermChat/termchat/history.py
 INFO Published 0 diagnostics for file:///home/juan/projects/TermChat/termchat/skills/base.py
 INFO Published 0 diagnostics for file:///home/juan/projects/TermChat/termchat/ui/app.py
 INFO Published 0 diagnostics for file:///home/juan/projects/TermChat/main.py
 INFO Published 0 diagnostics for file:///home/juan/projects/TermChat/termchat/skills/parser.py
 INFO Published 1 diagnostics for file:///home/juan/projects/TermChat/.venv/lib/python3.12/site-packages/ollama/_client.py
 INFO Published 0 diagnostics for file:///home/juan/projects/TermChat/termchat/config.py
 INFO Published 0 diagnostics for file:///home/juan/projects/TermChat/termchat/main.py
 INFO Validated open files and committed transaction.
 INFO Language server processed event `DidOpenTextDocument` in 0.17s (0.00s waiting)
 INFO Published 0 diagnostics for file:///home/juan/projects/TermChat/.venv/lib/python3.12/site-packages/ollama/_client.py
 INFO Language server processed event `DidCloseTextDocument` in 0.00s (0.17s waiting)
 INFO Ran task on sourcedb_queue heavy task queue. Queue time: 0.00, task time: 0.00
 INFO Handling non-canceled request textDocument/definition (725)
 INFO Language server processed event `LspRequest(textDocument/definition)` in 0.00s (0.05s waiting)
 INFO Language server processed event `LspResponse` in 0.00s (0.00s waiting)
 INFO Language server processed event `LspResponse` in 0.00s (0.00s waiting)
 INFO Ran task on recheck_queue heavy task queue. Queue time: 0.00, task time: 0.01
 INFO Handling non-canceled request textDocument/semanticTokens/full (726)
 INFO Language server processed event `LspRequest(textDocument/semanticTokens/full)` in 0.00s (0.00s waiting)
 INFO File /home/juan/projects/TermChat/.venv/lib/python3.12/site-packages/ollama/_client.py opened, prepare to validate open files.
 INFO Ran task on sourcedb_queue heavy task queue. Queue time: 0.00, task time: 0.00
 INFO Published 1 diagnostics for file:///home/juan/projects/TermChat/termchat/chat.py
 INFO Published 0 diagnostics for file:///home/juan/projects/TermChat/termchat/history.py
 INFO Published 0 diagnostics for file:///home/juan/projects/TermChat/termchat/skills/base.py
 INFO Published 0 diagnostics for file:///home/juan/projects/TermChat/termchat/ui/app.py
 INFO Published 0 diagnostics for file:///home/juan/projects/TermChat/main.py
 INFO Published 0 diagnostics for file:///home/juan/projects/TermChat/termchat/skills/parser.py
 INFO Published 1 diagnostics for file:///home/juan/projects/TermChat/.venv/lib/python3.12/site-packages/ollama/_client.py
 INFO Published 0 diagnostics for file:///home/juan/projects/TermChat/termchat/config.py
 INFO Published 0 diagnostics for file:///home/juan/projects/TermChat/termchat/main.py
 INFO Validated open files and committed transaction.
 INFO Language server processed event `DidOpenTextDocument` in 0.07s (0.00s waiting)
 INFO Published 0 diagnostics for file:///home/juan/projects/TermChat/.venv/lib/python3.12/site-packages/ollama/_client.py
 INFO Language server processed event `DidCloseTextDocument` in 0.00s (0.07s waiting)
 INFO Ran task on sourcedb_queue heavy task queue. Queue time: 0.00, task time: 0.00
 INFO Language server processed event `LspResponse` in 0.00s (0.00s waiting)
 INFO Language server processed event `LspResponse` in 0.00s (0.00s waiting)
 INFO Ran task on recheck_queue heavy task queue. Queue time: 0.00, task time: 0.01
 INFO Handling non-canceled request textDocument/semanticTokens/full (727)
 INFO Language server processed event `LspRequest(textDocument/semanticTokens/full)` in 0.00s (0.00s waiting)
 INFO Handling non-canceled request textDocument/hover (728)
 INFO Language server processed event `LspRequest(textDocument/hover)` in 0.00s (0.00s waiting)
 INFO Handling non-canceled request textDocument/codeAction (729)
 INFO Language server processed event `LspRequest(textDocument/codeAction)` in 0.00s (0.00s waiting)
 INFO Handling non-canceled request textDocument/documentHighlight (730)
 INFO Language server processed event `LspRequest(textDocument/documentHighlight)` in 0.00s (0.00s waiting)
 INFO Handling non-canceled request textDocument/definition (731)
 INFO Language server processed event `LspRequest(textDocument/definition)` in 0.00s (0.00s waiting)
 INFO Handling non-canceled request textDocument/codeAction (732)
 INFO Language server processed event `LspRequest(textDocument/codeAction)` in 0.00s (0.00s waiting)
 INFO Published 0 diagnostics for file:///home/juan/projects/TermChat/main.py
 INFO Language server processed event `DidCloseTextDocument` in 0.00s (0.00s waiting)
 INFO Ran task on sourcedb_queue heavy task queue. Queue time: 0.00, task time: 0.00
 INFO Ran task on recheck_queue heavy task queue. Queue time: 0.00, task time: 0.01
 INFO Handling non-canceled request textDocument/codeAction (733)
 INFO Language server processed event `LspRequest(textDocument/codeAction)` in 0.01s (0.00s waiting)
 INFO File /home/juan/projects/TermChat/.venv/lib/python3.12/site-packages/ollama/_client.py opened, prepare to validate open files.
 INFO Ran task on sourcedb_queue heavy task queue. Queue time: 0.00, task time: 0.00
 INFO Published 1 diagnostics for file:///home/juan/projects/TermChat/termchat/chat.py
 INFO Published 0 diagnostics for file:///home/juan/projects/TermChat/termchat/history.py
 INFO Published 0 diagnostics for file:///home/juan/projects/TermChat/termchat/skills/base.py
 INFO Published 0 diagnostics for file:///home/juan/projects/TermChat/termchat/ui/app.py
 INFO Published 0 diagnostics for file:///home/juan/projects/TermChat/termchat/skills/parser.py
 INFO Published 1 diagnostics for file:///home/juan/projects/TermChat/.venv/lib/python3.12/site-packages/ollama/_client.py
 INFO Published 0 diagnostics for file:///home/juan/projects/TermChat/termchat/config.py
 INFO Published 0 diagnostics for file:///home/juan/projects/TermChat/termchat/main.py
 INFO Validated open files and committed transaction.
 INFO Language server processed event `DidOpenTextDocument` in 0.07s (0.00s waiting)
 INFO Handling non-canceled request pyrefly/textDocument/typeErrorDisplayStatus (734)
 INFO Language server processed event `LspRequest(pyrefly/textDocument/typeErrorDisplayStatus)` in 0.00s (0.05s waiting)
 INFO Handling non-canceled request textDocument/codeAction (735)
 INFO Language server processed event `LspRequest(textDocument/codeAction)` in 0.00s (0.04s waiting)
 INFO Handling non-canceled request textDocument/documentSymbol (736)
 INFO Language server processed event `LspRequest(textDocument/documentSymbol)` in 0.00s (0.04s waiting)
 INFO Language server processed event `LspResponse` in 0.00s (0.00s waiting)
 INFO Language server processed event `LspResponse` in 0.00s (0.00s waiting)
 INFO Handling non-canceled request textDocument/semanticTokens/full (737)
 INFO Language server processed event `LspRequest(textDocument/semanticTokens/full)` in 0.01s (0.00s waiting)
 INFO Handling non-canceled request textDocument/inlayHint (738)
 INFO Language server processed event `LspRequest(textDocument/inlayHint)` in 0.00s (0.00s waiting)
 INFO Handling non-canceled request textDocument/documentHighlight (739)
 INFO Language server processed event `LspRequest(textDocument/documentHighlight)` in 0.00s (0.00s waiting)
 INFO Handling non-canceled request textDocument/foldingRange (740)
 INFO Language server processed event `LspRequest(textDocument/foldingRange)` in 0.00s (0.00s waiting)
 INFO Handling non-canceled request textDocument/codeAction (741)
 INFO Language server processed event `LspRequest(textDocument/codeAction)` in 0.00s (0.00s waiting)
 INFO Handling non-canceled request textDocument/documentSymbol (742)
 INFO Language server processed event `LspRequest(textDocument/documentSymbol)` in 0.00s (0.00s waiting)
 INFO Handling non-canceled request textDocument/codeLens (743)
 INFO Language server processed event `LspRequest(textDocument/codeLens)` in 0.00s (0.00s waiting)
 INFO Handling non-canceled request textDocument/semanticTokens/full (744)
 INFO Language server processed event `LspRequest(textDocument/semanticTokens/full)` in 0.00s (0.00s waiting)
 INFO Handling non-canceled request textDocument/codeAction (745)
 INFO Language server processed event `LspRequest(textDocument/codeAction)` in 0.00s (0.00s waiting)
 INFO Handling non-canceled request textDocument/hover (746)
 INFO Language server processed event `LspRequest(textDocument/hover)` in 0.00s (0.00s waiting)
 INFO Handling non-canceled request textDocument/hover (747)
 INFO Language server processed event `LspRequest(textDocument/hover)` in 0.00s (0.00s waiting)
 INFO Published 0 diagnostics for file:///home/juan/projects/TermChat/.venv/lib/python3.12/site-packages/ollama/_client.py
 INFO Language server processed event `DidCloseTextDocument` in 0.00s (0.00s waiting)
 INFO Ran task on sourcedb_queue heavy task queue. Queue time: 0.00, task time: 0.00
 INFO Ran task on recheck_queue heavy task queue. Queue time: 0.00, task time: 0.00
 INFO Handling non-canceled request pyrefly/textDocument/typeErrorDisplayStatus (748)
 INFO Language server processed event `LspRequest(pyrefly/textDocument/typeErrorDisplayStatus)` in 0.01s (0.00s waiting)
 INFO Handling non-canceled request textDocument/codeAction (749)
 INFO Language server processed event `LspRequest(textDocument/codeAction)` in 0.00s (0.00s waiting)
 INFO Handling non-canceled request textDocument/inlayHint (750)
 INFO Language server processed event `LspRequest(textDocument/inlayHint)` in 0.00s (0.00s waiting)
 INFO Handling non-canceled request textDocument/documentHighlight (751)
 INFO Language server processed event `LspRequest(textDocument/documentHighlight)` in 0.00s (0.00s waiting)
 INFO Handling non-canceled request textDocument/foldingRange (752)
 INFO Language server processed event `LspRequest(textDocument/foldingRange)` in 0.00s (0.00s waiting)
 INFO Handling non-canceled request textDocument/codeAction (753)
 INFO Language server processed event `LspRequest(textDocument/codeAction)` in 0.00s (0.00s waiting)
 INFO Handling non-canceled request textDocument/semanticTokens/full (754)
 INFO Language server processed event `LspRequest(textDocument/semanticTokens/full)` in 0.00s (0.00s waiting)
 INFO Handling non-canceled request textDocument/codeLens (755)
 INFO Language server processed event `LspRequest(textDocument/codeLens)` in 0.00s (0.00s waiting)
 INFO Handling non-canceled request textDocument/documentSymbol (756)
 INFO Language server processed event `LspRequest(textDocument/documentSymbol)` in 0.00s (0.00s waiting)
 INFO Handling non-canceled request textDocument/hover (757)
 INFO Language server processed event `LspRequest(textDocument/hover)` in 0.00s (0.00s waiting)
 INFO Handling non-canceled request textDocument/inlayHint (758)
 INFO Language server processed event `LspRequest(textDocument/inlayHint)` in 0.00s (0.00s waiting)
 INFO Handling non-canceled request textDocument/inlayHint (759)
 INFO Language server processed event `LspRequest(textDocument/inlayHint)` in 0.00s (0.00s waiting)
 INFO Handling non-canceled request textDocument/inlayHint (760)
 INFO Language server processed event `LspRequest(textDocument/inlayHint)` in 0.00s (0.00s waiting)
 INFO Handling non-canceled request textDocument/inlayHint (761)
 INFO Language server processed event `LspRequest(textDocument/inlayHint)` in 0.00s (0.00s waiting)
 INFO Handling non-canceled request textDocument/inlayHint (762)
 INFO Language server processed event `LspRequest(textDocument/inlayHint)` in 0.00s (0.00s waiting)
 INFO Handling non-canceled request textDocument/inlayHint (763)
 INFO Language server processed event `LspRequest(textDocument/inlayHint)` in 0.00s (0.00s waiting)
 INFO Handling non-canceled request textDocument/inlayHint (764)
 INFO Language server processed event `LspRequest(textDocument/inlayHint)` in 0.00s (0.00s waiting)
 INFO Handling non-canceled request textDocument/inlayHint (765)
 INFO Language server processed event `LspRequest(textDocument/inlayHint)` in 0.00s (0.00s waiting)
 INFO Handling non-canceled request textDocument/inlayHint (766)
 INFO Language server processed event `LspRequest(textDocument/inlayHint)` in 0.00s (0.00s waiting)
 INFO Handling non-canceled request textDocument/inlayHint (767)
 INFO Language server processed event `LspRequest(textDocument/inlayHint)` in 0.00s (0.00s waiting)
 INFO Handling non-canceled request textDocument/inlayHint (768)
 INFO Language server processed event `LspRequest(textDocument/inlayHint)` in 0.00s (0.00s waiting)
 INFO Handling non-canceled request textDocument/inlayHint (769)
 INFO Language server processed event `LspRequest(textDocument/inlayHint)` in 0.00s (0.00s waiting)
 INFO Handling non-canceled request textDocument/inlayHint (770)
 INFO Language server processed event `LspRequest(textDocument/inlayHint)` in 0.00s (0.00s waiting)
 INFO Handling non-canceled request textDocument/inlayHint (771)
 INFO Language server processed event `LspRequest(textDocument/inlayHint)` in 0.00s (0.00s waiting)
 INFO Handling non-canceled request textDocument/inlayHint (772)
 INFO Language server processed event `LspRequest(textDocument/inlayHint)` in 0.00s (0.00s waiting)
 INFO Handling non-canceled request textDocument/inlayHint (773)
 INFO Language server processed event `LspRequest(textDocument/inlayHint)` in 0.00s (0.00s waiting)
 INFO Handling non-canceled request textDocument/inlayHint (774)
 INFO Language server processed event `LspRequest(textDocument/inlayHint)` in 0.00s (0.00s waiting)
 INFO Handling non-canceled request textDocument/inlayHint (775)
 INFO Language server processed event `LspRequest(textDocument/inlayHint)` in 0.00s (0.00s waiting)
 INFO Handling non-canceled request textDocument/inlayHint (776)
 INFO Language server processed event `LspRequest(textDocument/inlayHint)` in 0.00s (0.00s waiting)
 INFO Handling non-canceled request textDocument/inlayHint (777)
 INFO Language server processed event `LspRequest(textDocument/inlayHint)` in 0.00s (0.00s waiting)
 INFO Handling non-canceled request textDocument/inlayHint (778)
 INFO Language server processed event `LspRequest(textDocument/inlayHint)` in 0.00s (0.00s waiting)
 INFO Handling non-canceled request textDocument/inlayHint (779)
 INFO Language server processed event `LspRequest(textDocument/inlayHint)` in 0.00s (0.00s waiting)
 INFO Handling non-canceled request textDocument/inlayHint (780)
 INFO Language server processed event `LspRequest(textDocument/inlayHint)` in 0.00s (0.00s waiting)
 INFO Handling non-canceled request textDocument/inlayHint (781)
 INFO Language server processed event `LspRequest(textDocument/inlayHint)` in 0.00s (0.00s waiting)
 INFO Handling non-canceled request textDocument/inlayHint (782)
 INFO Language server processed event `LspRequest(textDocument/inlayHint)` in 0.00s (0.00s waiting)
 INFO Handling non-canceled request textDocument/inlayHint (783)
 INFO Language server processed event `LspRequest(textDocument/inlayHint)` in 0.00s (0.00s waiting)
 INFO Handling non-canceled request textDocument/inlayHint (784)
 INFO Language server processed event `LspRequest(textDocument/inlayHint)` in 0.00s (0.00s waiting)
 INFO Handling non-canceled request textDocument/inlayHint (785)
 INFO Language server processed event `LspRequest(textDocument/inlayHint)` in 0.00s (0.00s waiting)
 INFO Handling non-canceled request textDocument/inlayHint (786)
 INFO Language server processed event `LspRequest(textDocument/inlayHint)` in 0.00s (0.00s waiting)
 INFO Handling non-canceled request textDocument/inlayHint (787)
 INFO Language server processed event `LspRequest(textDocument/inlayHint)` in 0.00s (0.00s waiting)
 INFO Handling non-canceled request textDocument/inlayHint (788)
 INFO Language server processed event `LspRequest(textDocument/inlayHint)` in 0.00s (0.00s waiting)
 INFO Handling non-canceled request textDocument/inlayHint (789)
 INFO Language server processed event `LspRequest(textDocument/inlayHint)` in 0.00s (0.00s waiting)
 INFO Handling non-canceled request textDocument/inlayHint (790)
 INFO Language server processed event `LspRequest(textDocument/inlayHint)` in 0.00s (0.00s waiting)
 INFO Handling non-canceled request textDocument/inlayHint (791)
 INFO Language server processed event `LspRequest(textDocument/inlayHint)` in 0.00s (0.00s waiting)
 INFO Handling non-canceled request textDocument/inlayHint (792)
 INFO Language server processed event `LspRequest(textDocument/inlayHint)` in 0.00s (0.00s waiting)
 INFO Handling non-canceled request textDocument/inlayHint (793)
 INFO Language server processed event `LspRequest(textDocument/inlayHint)` in 0.00s (0.00s waiting)
 INFO Handling non-canceled request textDocument/inlayHint (794)
 INFO Language server processed event `LspRequest(textDocument/inlayHint)` in 0.00s (0.00s waiting)
 INFO Handling non-canceled request textDocument/inlayHint (795)
 INFO Language server processed event `LspRequest(textDocument/inlayHint)` in 0.00s (0.00s waiting)
 INFO Handling non-canceled request textDocument/inlayHint (796)
 INFO Language server processed event `LspRequest(textDocument/inlayHint)` in 0.00s (0.00s waiting)
 INFO Handling non-canceled request textDocument/hover (797)
 INFO Language server processed event `LspRequest(textDocument/hover)` in 0.01s (0.00s waiting)
 INFO Handling non-canceled request textDocument/hover (798)
 INFO Language server processed event `LspRequest(textDocument/hover)` in 0.00s (0.00s waiting)
 INFO Handling non-canceled request textDocument/hover (799)
 INFO Language server processed event `LspRequest(textDocument/hover)` in 0.00s (0.00s waiting)
 INFO Handling non-canceled request textDocument/hover (800)
 INFO Language server processed event `LspRequest(textDocument/hover)` in 0.00s (0.00s waiting)
 INFO Handling non-canceled request textDocument/hover (801)
 INFO Language server processed event `LspRequest(textDocument/hover)` in 0.00s (0.00s waiting)
 INFO Handling non-canceled request textDocument/hover (802)
 INFO Language server processed event `LspRequest(textDocument/hover)` in 0.00s (0.00s waiting)
 INFO Handling non-canceled request textDocument/definition (803)
 INFO Language server processed event `LspRequest(textDocument/definition)` in 0.00s (0.00s waiting)
 INFO Handling non-canceled request textDocument/hover (804)
 INFO Language server processed event `LspRequest(textDocument/hover)` in 0.00s (0.00s waiting)
 INFO Handling non-canceled request textDocument/documentHighlight (805)
 INFO Language server processed event `LspRequest(textDocument/documentHighlight)` in 0.00s (0.00s waiting)
 INFO Handling non-canceled request textDocument/codeAction (806)
 INFO Language server processed event `LspRequest(textDocument/codeAction)` in 0.00s (0.00s waiting)
 INFO Handling non-canceled request textDocument/codeAction (807)
 INFO Language server processed event `LspRequest(textDocument/codeAction)` in 0.00s (0.00s waiting)
 INFO Handling non-canceled request textDocument/definition (808)
 INFO Language server processed event `LspRequest(textDocument/definition)` in 0.00s (0.00s waiting)
 INFO Handling non-canceled request textDocument/references (809)
 INFO Language server processed event `LspRequest(textDocument/references)` in 0.00s (0.00s waiting)
 INFO Ran task on find_reference_queue heavy task queue. Queue time: 0.00, task time: 0.03
 INFO Handling non-canceled request textDocument/documentHighlight (810)
 INFO Language server processed event `LspRequest(textDocument/documentHighlight)` in 0.00s (0.00s waiting)
 INFO Handling non-canceled request textDocument/inlayHint (811)
 INFO Language server processed event `LspRequest(textDocument/inlayHint)` in 0.00s (0.00s waiting)
 INFO Handling non-canceled request textDocument/codeAction (812)
 INFO Language server processed event `LspRequest(textDocument/codeAction)` in 0.00s (0.00s waiting)
 INFO Handling non-canceled request textDocument/documentHighlight (813)
 INFO Language server processed event `LspRequest(textDocument/documentHighlight)` in 0.00s (0.00s waiting)
 INFO Handling non-canceled request textDocument/inlayHint (814)
 INFO Language server processed event `LspRequest(textDocument/inlayHint)` in 0.00s (0.00s waiting)
 INFO Handling non-canceled request textDocument/foldingRange (815)
 INFO Language server processed event `LspRequest(textDocument/foldingRange)` in 0.00s (0.00s waiting)
 INFO Handling non-canceled request textDocument/codeAction (816)
 INFO Language server processed event `LspRequest(textDocument/codeAction)` in 0.00s (0.00s waiting)
 INFO Handling non-canceled request textDocument/definition (817)
 INFO Language server processed event `LspRequest(textDocument/definition)` in 0.00s (0.00s waiting)
 INFO Handling non-canceled request textDocument/codeLens (818)
 INFO Language server processed event `LspRequest(textDocument/codeLens)` in 0.00s (0.00s waiting)
 INFO Handling non-canceled request textDocument/documentSymbol (819)
 INFO Language server processed event `LspRequest(textDocument/documentSymbol)` in 0.00s (0.00s waiting)
 INFO Handling non-canceled request textDocument/definition (820)
 INFO Language server processed event `LspRequest(textDocument/definition)` in 0.00s (0.00s waiting)
 INFO File /home/juan/projects/TermChat/.venv/lib/python3.12/site-packages/ollama/_client.py opened, prepare to validate open files.
 INFO Ran task on sourcedb_queue heavy task queue. Queue time: 0.00, task time: 0.00
 INFO Published 1 diagnostics for file:///home/juan/projects/TermChat/termchat/chat.py
 INFO Published 0 diagnostics for file:///home/juan/projects/TermChat/termchat/history.py
 INFO Published 0 diagnostics for file:///home/juan/projects/TermChat/termchat/skills/base.py
 INFO Published 0 diagnostics for file:///home/juan/projects/TermChat/termchat/ui/app.py
 INFO Published 0 diagnostics for file:///home/juan/projects/TermChat/termchat/skills/parser.py
 INFO Published 1 diagnostics for file:///home/juan/projects/TermChat/.venv/lib/python3.12/site-packages/ollama/_client.py
 INFO Published 0 diagnostics for file:///home/juan/projects/TermChat/termchat/config.py
 INFO Published 0 diagnostics for file:///home/juan/projects/TermChat/termchat/main.py
 INFO Validated open files and committed transaction.
 INFO Language server processed event `DidOpenTextDocument` in 0.08s (0.00s waiting)
 INFO Published 0 diagnostics for file:///home/juan/projects/TermChat/.venv/lib/python3.12/site-packages/ollama/_client.py
 INFO Language server processed event `DidCloseTextDocument` in 0.00s (0.08s waiting)
 INFO Ran task on sourcedb_queue heavy task queue. Queue time: 0.00, task time: 0.00
 INFO Language server processed event `LspResponse` in 0.00s (0.00s waiting)
 INFO Language server processed event `LspResponse` in 0.00s (0.00s waiting)
 INFO Ran task on recheck_queue heavy task queue. Queue time: 0.00, task time: 0.01
 INFO Handling non-canceled request textDocument/semanticTokens/full (821)
 INFO Language server processed event `LspRequest(textDocument/semanticTokens/full)` in 0.00s (0.00s waiting)
 INFO Handling non-canceled request textDocument/hover (822)
 INFO Language server processed event `LspRequest(textDocument/hover)` in 0.00s (0.00s waiting)
 INFO Handling non-canceled request textDocument/codeAction (823)
 INFO Language server processed event `LspRequest(textDocument/codeAction)` in 0.00s (0.00s waiting)
 INFO Handling non-canceled request textDocument/codeAction (824)
 INFO Language server processed event `LspRequest(textDocument/codeAction)` in 0.00s (0.00s waiting)
 INFO Handling non-canceled request textDocument/hover (825)
 INFO Language server processed event `LspRequest(textDocument/hover)` in 0.00s (0.00s waiting)
 INFO Handling non-canceled request textDocument/definition (826)
 INFO Language server processed event `LspRequest(textDocument/definition)` in 0.00s (0.00s waiting)
 INFO Handling non-canceled request textDocument/definition (827)
 INFO Language server processed event `LspRequest(textDocument/definition)` in 0.00s (0.00s waiting)
 INFO Handling non-canceled request textDocument/definition (828)
 INFO Language server processed event `LspRequest(textDocument/definition)` in 0.00s (0.00s waiting)
 INFO Handling non-canceled request textDocument/hover (829)
 INFO Language server processed event `LspRequest(textDocument/hover)` in 0.00s (0.00s waiting)
 INFO Handling non-canceled request textDocument/inlayHint (830)
 INFO Language server processed event `LspRequest(textDocument/inlayHint)` in 0.00s (0.00s waiting)
 INFO Handling non-canceled request textDocument/documentHighlight (831)
 INFO Language server processed event `LspRequest(textDocument/documentHighlight)` in 0.00s (0.00s waiting)
 INFO Handling non-canceled request textDocument/definition (832)
 INFO Language server processed event `LspRequest(textDocument/definition)` in 0.00s (0.00s waiting)
 INFO Handling non-canceled request pyrefly/textDocument/typeErrorDisplayStatus (833)
 INFO Language server processed event `LspRequest(pyrefly/textDocument/typeErrorDisplayStatus)` in 0.00s (0.00s waiting)
 INFO Handling non-canceled request textDocument/codeAction (834)
 INFO Language server processed event `LspRequest(textDocument/codeAction)` in 0.00s (0.00s waiting)
 INFO Handling non-canceled request textDocument/codeAction (835)
 INFO Language server processed event `LspRequest(textDocument/codeAction)` in 0.00s (0.00s waiting)
 INFO Handling non-canceled request textDocument/codeAction (836)
 INFO Language server processed event `LspRequest(textDocument/codeAction)` in 0.00s (0.00s waiting)
 INFO Handling non-canceled request textDocument/inlayHint (837)
 INFO Language server processed event `LspRequest(textDocument/inlayHint)` in 0.00s (0.00s waiting)
 INFO Handling non-canceled request textDocument/documentHighlight (838)
 INFO Language server processed event `LspRequest(textDocument/documentHighlight)` in 0.00s (0.00s waiting)
 INFO Handling non-canceled request textDocument/foldingRange (839)
 INFO Language server processed event `LspRequest(textDocument/foldingRange)` in 0.00s (0.00s waiting)
 INFO Handling non-canceled request textDocument/codeAction (840)
 INFO Language server processed event `LspRequest(textDocument/codeAction)` in 0.00s (0.00s waiting)
 INFO Handling non-canceled request textDocument/codeLens (841)
 INFO Language server processed event `LspRequest(textDocument/codeLens)` in 0.00s (0.00s waiting)
 INFO Handling non-canceled request textDocument/semanticTokens/full (842)
 INFO Language server processed event `LspRequest(textDocument/semanticTokens/full)` in 0.00s (0.00s waiting)
 INFO Handling non-canceled request textDocument/documentSymbol (843)
 INFO Language server processed event `LspRequest(textDocument/documentSymbol)` in 0.00s (0.00s waiting)
 INFO Handling non-canceled request textDocument/inlayHint (844)
 INFO Language server processed event `LspRequest(textDocument/inlayHint)` in 0.00s (0.00s waiting)
 INFO Handling non-canceled request textDocument/inlayHint (845)
 INFO Language server processed event `LspRequest(textDocument/inlayHint)` in 0.00s (0.00s waiting)
 INFO Handling non-canceled request textDocument/inlayHint (846)
 INFO Language server processed event `LspRequest(textDocument/inlayHint)` in 0.00s (0.00s waiting)
 INFO Handling non-canceled request textDocument/hover (847)
 INFO Language server processed event `LspRequest(textDocument/hover)` in 0.00s (0.00s waiting)
 INFO Handling non-canceled request textDocument/hover (848)
 INFO Language server processed event `LspRequest(textDocument/hover)` in 0.00s (0.00s waiting)
 INFO Handling non-canceled request textDocument/documentHighlight (849)
 INFO Language server processed event `LspRequest(textDocument/documentHighlight)` in 0.00s (0.00s waiting)
 INFO Handling non-canceled request textDocument/codeAction (850)
 INFO Language server processed event `LspRequest(textDocument/codeAction)` in 0.00s (0.00s waiting)
 INFO File /home/juan/projects/TermChat/termchat/config.py changed, prepare to validate open files.
 INFO Published 1 diagnostics for file:///home/juan/projects/TermChat/termchat/chat.py
 INFO Published 0 diagnostics for file:///home/juan/projects/TermChat/termchat/history.py
 INFO Published 0 diagnostics for file:///home/juan/projects/TermChat/termchat/skills/base.py
 INFO Published 0 diagnostics for file:///home/juan/projects/TermChat/termchat/ui/app.py
 INFO Published 0 diagnostics for file:///home/juan/projects/TermChat/termchat/skills/parser.py
 INFO Published 0 diagnostics for file:///home/juan/projects/TermChat/termchat/config.py
 INFO Published 0 diagnostics for file:///home/juan/projects/TermChat/termchat/main.py
 INFO Validated open files and committed transaction.
 INFO Language server processed event `DidChangeTextDocument` in 0.03s (0.00s waiting)
 INFO Language server processed event `LspResponse` in 0.00s (0.00s waiting)
 INFO Handling non-canceled request textDocument/inlayHint (851)
 INFO Language server processed event `LspRequest(textDocument/inlayHint)` in 0.00s (0.00s waiting)
 INFO Handling non-canceled request textDocument/semanticTokens/full (852)
 INFO Language server processed event `LspRequest(textDocument/semanticTokens/full)` in 0.00s (0.00s waiting)
 INFO File /home/juan/projects/TermChat/termchat/config.py changed, prepare to validate open files.
 INFO Published 1 diagnostics for file:///home/juan/projects/TermChat/termchat/chat.py
 INFO Published 0 diagnostics for file:///home/juan/projects/TermChat/termchat/history.py
 INFO Published 0 diagnostics for file:///home/juan/projects/TermChat/termchat/skills/base.py
 INFO Published 0 diagnostics for file:///home/juan/projects/TermChat/termchat/ui/app.py
 INFO Published 0 diagnostics for file:///home/juan/projects/TermChat/termchat/skills/parser.py
 INFO Published 0 diagnostics for file:///home/juan/projects/TermChat/termchat/config.py
 INFO Published 0 diagnostics for file:///home/juan/projects/TermChat/termchat/main.py
 INFO Validated open files and committed transaction.
 INFO Language server processed event `DidChangeTextDocument` in 0.02s (0.00s waiting)
 INFO Language server processed event `LspResponse` in 0.00s (0.00s waiting)
 INFO Handling non-canceled request textDocument/inlayHint (853)
 INFO Language server processed event `LspRequest(textDocument/inlayHint)` in 0.00s (0.00s waiting)
 INFO Handling non-canceled request textDocument/semanticTokens/full (854)
 INFO Language server processed event `LspRequest(textDocument/semanticTokens/full)` in 0.00s (0.00s waiting)
 INFO File /home/juan/projects/TermChat/termchat/config.py changed, prepare to validate open files.
 INFO Published 1 diagnostics for file:///home/juan/projects/TermChat/termchat/chat.py
 INFO Published 0 diagnostics for file:///home/juan/projects/TermChat/termchat/history.py
 INFO Published 0 diagnostics for file:///home/juan/projects/TermChat/termchat/skills/base.py
 INFO Published 0 diagnostics for file:///home/juan/projects/TermChat/termchat/ui/app.py
 INFO Published 0 diagnostics for file:///home/juan/projects/TermChat/termchat/skills/parser.py
 INFO Published 0 diagnostics for file:///home/juan/projects/TermChat/termchat/config.py
 INFO Published 0 diagnostics for file:///home/juan/projects/TermChat/termchat/main.py
 INFO Validated open files and committed transaction.
 INFO Language server processed event `DidChangeTextDocument` in 0.01s (0.00s waiting)
 INFO Language server processed event `LspResponse` in 0.00s (0.00s waiting)
 INFO Handling non-canceled request textDocument/inlayHint (855)
 INFO Language server processed event `LspRequest(textDocument/inlayHint)` in 0.00s (0.00s waiting)
 INFO Handling non-canceled request textDocument/semanticTokens/full (856)
 INFO Language server processed event `LspRequest(textDocument/semanticTokens/full)` in 0.00s (0.00s waiting)
 INFO File /home/juan/projects/TermChat/termchat/config.py changed, prepare to validate open files.
 INFO Published 1 diagnostics for file:///home/juan/projects/TermChat/termchat/chat.py
 INFO Published 0 diagnostics for file:///home/juan/projects/TermChat/termchat/history.py
 INFO Published 0 diagnostics for file:///home/juan/projects/TermChat/termchat/skills/base.py
 INFO Published 0 diagnostics for file:///home/juan/projects/TermChat/termchat/ui/app.py
 INFO Published 0 diagnostics for file:///home/juan/projects/TermChat/termchat/skills/parser.py
 INFO Published 0 diagnostics for file:///home/juan/projects/TermChat/termchat/config.py
 INFO Published 0 diagnostics for file:///home/juan/projects/TermChat/termchat/main.py
 INFO Validated open files and committed transaction.
 INFO Language server processed event `DidChangeTextDocument` in 0.01s (0.00s waiting)
 INFO Language server processed event `LspResponse` in 0.00s (0.00s waiting)
 INFO Handling non-canceled request textDocument/inlayHint (857)
 INFO Language server processed event `LspRequest(textDocument/inlayHint)` in 0.00s (0.00s waiting)
 INFO Handling non-canceled request textDocument/semanticTokens/full (858)
 INFO Language server processed event `LspRequest(textDocument/semanticTokens/full)` in 0.00s (0.00s waiting)
 INFO File /home/juan/projects/TermChat/termchat/config.py changed, prepare to validate open files.
 INFO Published 1 diagnostics for file:///home/juan/projects/TermChat/termchat/chat.py
 INFO Published 0 diagnostics for file:///home/juan/projects/TermChat/termchat/history.py
 INFO Published 0 diagnostics for file:///home/juan/projects/TermChat/termchat/skills/base.py
 INFO Published 0 diagnostics for file:///home/juan/projects/TermChat/termchat/ui/app.py
 INFO Published 0 diagnostics for file:///home/juan/projects/TermChat/termchat/skills/parser.py
 INFO Published 0 diagnostics for file:///home/juan/projects/TermChat/termchat/config.py
 INFO Published 0 diagnostics for file:///home/juan/projects/TermChat/termchat/main.py
 INFO Validated open files and committed transaction.
 INFO Language server processed event `DidChangeTextDocument` in 0.02s (0.00s waiting)
 INFO Language server processed event `LspResponse` in 0.00s (0.00s waiting)
 INFO Handling non-canceled request textDocument/inlayHint (859)
 INFO Language server processed event `LspRequest(textDocument/inlayHint)` in 0.00s (0.00s waiting)
 INFO Handling non-canceled request textDocument/semanticTokens/full (860)
 INFO Language server processed event `LspRequest(textDocument/semanticTokens/full)` in 0.00s (0.00s waiting)
 INFO File /home/juan/projects/TermChat/termchat/config.py changed, prepare to validate open files.
 INFO Published 1 diagnostics for file:///home/juan/projects/TermChat/termchat/chat.py
 INFO Published 0 diagnostics for file:///home/juan/projects/TermChat/termchat/history.py
 INFO Published 0 diagnostics for file:///home/juan/projects/TermChat/termchat/skills/base.py
 INFO Published 0 diagnostics for file:///home/juan/projects/TermChat/termchat/ui/app.py
 INFO Published 0 diagnostics for file:///home/juan/projects/TermChat/termchat/skills/parser.py
 INFO Published 0 diagnostics for file:///home/juan/projects/TermChat/termchat/config.py
 INFO Published 0 diagnostics for file:///home/juan/projects/TermChat/termchat/main.py
 INFO Validated open files and committed transaction.
 INFO Language server processed event `DidChangeTextDocument` in 0.02s (0.00s waiting)
 INFO Language server processed event `LspResponse` in 0.00s (0.00s waiting)
 INFO Handling non-canceled request textDocument/inlayHint (861)
 INFO Language server processed event `LspRequest(textDocument/inlayHint)` in 0.00s (0.00s waiting)
 INFO Handling non-canceled request textDocument/semanticTokens/full (862)
 INFO Language server processed event `LspRequest(textDocument/semanticTokens/full)` in 0.00s (0.00s waiting)
 INFO Handling non-canceled request textDocument/foldingRange (863)
 INFO Language server processed event `LspRequest(textDocument/foldingRange)` in 0.00s (0.00s waiting)
 INFO File /home/juan/projects/TermChat/termchat/config.py changed, prepare to validate open files.
 INFO Published 1 diagnostics for file:///home/juan/projects/TermChat/termchat/chat.py
 INFO Published 0 diagnostics for file:///home/juan/projects/TermChat/termchat/history.py
 INFO Published 0 diagnostics for file:///home/juan/projects/TermChat/termchat/skills/base.py
 INFO Published 0 diagnostics for file:///home/juan/projects/TermChat/termchat/ui/app.py
 INFO Published 0 diagnostics for file:///home/juan/projects/TermChat/termchat/skills/parser.py
 INFO Published 0 diagnostics for file:///home/juan/projects/TermChat/termchat/config.py
 INFO Published 0 diagnostics for file:///home/juan/projects/TermChat/termchat/main.py
 INFO Validated open files and committed transaction.
 INFO Language server processed event `DidChangeTextDocument` in 0.02s (0.00s waiting)
 INFO Language server processed event `LspResponse` in 0.00s (0.00s waiting)
 INFO Handling non-canceled request textDocument/inlayHint (864)
 INFO Language server processed event `LspRequest(textDocument/inlayHint)` in 0.00s (0.00s waiting)
 INFO Handling non-canceled request textDocument/semanticTokens/full (865)
 INFO Language server processed event `LspRequest(textDocument/semanticTokens/full)` in 0.00s (0.00s waiting)
 INFO Handling non-canceled request textDocument/foldingRange (866)
 INFO Language server processed event `LspRequest(textDocument/foldingRange)` in 0.00s (0.00s waiting)
 INFO Handling non-canceled request textDocument/codeLens (867)
 INFO Language server processed event `LspRequest(textDocument/codeLens)` in 0.00s (0.00s waiting)
 INFO Handling non-canceled request textDocument/codeAction (868)
 INFO Language server processed event `LspRequest(textDocument/codeAction)` in 0.00s (0.00s waiting)
 INFO File /home/juan/projects/TermChat/termchat/config.py changed, prepare to validate open files.
 INFO Published 1 diagnostics for file:///home/juan/projects/TermChat/termchat/chat.py
 INFO Published 0 diagnostics for file:///home/juan/projects/TermChat/termchat/history.py
 INFO Published 0 diagnostics for file:///home/juan/projects/TermChat/termchat/skills/base.py
 INFO Published 0 diagnostics for file:///home/juan/projects/TermChat/termchat/ui/app.py
 INFO Published 0 diagnostics for file:///home/juan/projects/TermChat/termchat/skills/parser.py
 INFO Published 0 diagnostics for file:///home/juan/projects/TermChat/termchat/config.py
 INFO Published 0 diagnostics for file:///home/juan/projects/TermChat/termchat/main.py
 INFO Validated open files and committed transaction.
 INFO Language server processed event `DidChangeTextDocument` in 0.02s (0.00s waiting)
 INFO Language server processed event `LspResponse` in 0.00s (0.00s waiting)
 INFO Handling non-canceled request textDocument/inlayHint (869)
 INFO Language server processed event `LspRequest(textDocument/inlayHint)` in 0.00s (0.00s waiting)
 INFO Handling non-canceled request textDocument/semanticTokens/full (870)
 INFO Language server processed event `LspRequest(textDocument/semanticTokens/full)` in 0.00s (0.00s waiting)
 INFO Handling non-canceled request textDocument/documentSymbol (871)
 INFO Language server processed event `LspRequest(textDocument/documentSymbol)` in 0.00s (0.00s waiting)
 INFO Handling non-canceled request textDocument/foldingRange (872)
 INFO Language server processed event `LspRequest(textDocument/foldingRange)` in 0.00s (0.00s waiting)
 INFO Handling non-canceled request textDocument/codeLens (873)
 INFO Language server processed event `LspRequest(textDocument/codeLens)` in 0.00s (0.00s waiting)
 INFO Handling non-canceled request textDocument/codeAction (874)
 INFO Language server processed event `LspRequest(textDocument/codeAction)` in 0.00s (0.00s waiting)
 INFO Handling non-canceled request textDocument/documentSymbol (875)
 INFO Language server processed event `LspRequest(textDocument/documentSymbol)` in 0.00s (0.00s waiting)
 INFO Handling non-canceled request textDocument/documentSymbol (876)
 INFO Language server processed event `LspRequest(textDocument/documentSymbol)` in 0.00s (0.00s waiting)
 INFO File /home/juan/projects/TermChat/termchat/config.py changed, prepare to validate open files.
 INFO Published 1 diagnostics for file:///home/juan/projects/TermChat/termchat/chat.py
 INFO Published 0 diagnostics for file:///home/juan/projects/TermChat/termchat/history.py
 INFO Published 0 diagnostics for file:///home/juan/projects/TermChat/termchat/skills/base.py
 INFO Published 0 diagnostics for file:///home/juan/projects/TermChat/termchat/ui/app.py
 INFO Published 0 diagnostics for file:///home/juan/projects/TermChat/termchat/skills/parser.py
 INFO Published 0 diagnostics for file:///home/juan/projects/TermChat/termchat/config.py
 INFO Published 0 diagnostics for file:///home/juan/projects/TermChat/termchat/main.py
 INFO Validated open files and committed transaction.
 INFO Language server processed event `DidChangeTextDocument` in 0.02s (0.00s waiting)
 INFO Language server processed event `LspResponse` in 0.00s (0.00s waiting)
 INFO Handling non-canceled request textDocument/inlayHint (877)
 INFO Language server processed event `LspRequest(textDocument/inlayHint)` in 0.00s (0.00s waiting)
 INFO Handling non-canceled request textDocument/semanticTokens/full (878)
 INFO Language server processed event `LspRequest(textDocument/semanticTokens/full)` in 0.00s (0.00s waiting)
 INFO File /home/juan/projects/TermChat/termchat/config.py changed, prepare to validate open files.
 INFO Published 1 diagnostics for file:///home/juan/projects/TermChat/termchat/chat.py
 INFO Published 0 diagnostics for file:///home/juan/projects/TermChat/termchat/history.py
 INFO Published 0 diagnostics for file:///home/juan/projects/TermChat/termchat/skills/base.py
 INFO Published 0 diagnostics for file:///home/juan/projects/TermChat/termchat/ui/app.py
 INFO Published 0 diagnostics for file:///home/juan/projects/TermChat/termchat/skills/parser.py
 INFO Published 0 diagnostics for file:///home/juan/projects/TermChat/termchat/config.py
 INFO Published 0 diagnostics for file:///home/juan/projects/TermChat/termchat/main.py
 INFO Validated open files and committed transaction.
 INFO Language server processed event `DidChangeTextDocument` in 0.01s (0.00s waiting)
 INFO Language server processed event `LspResponse` in 0.00s (0.00s waiting)
 INFO Handling non-canceled request textDocument/inlayHint (879)
 INFO Language server processed event `LspRequest(textDocument/inlayHint)` in 0.00s (0.00s waiting)
 INFO Handling non-canceled request textDocument/semanticTokens/full (880)
 INFO Language server processed event `LspRequest(textDocument/semanticTokens/full)` in 0.00s (0.00s waiting)
 INFO File /home/juan/projects/TermChat/termchat/config.py changed, prepare to validate open files.
 INFO Published 1 diagnostics for file:///home/juan/projects/TermChat/termchat/chat.py
 INFO Published 0 diagnostics for file:///home/juan/projects/TermChat/termchat/history.py
 INFO Published 0 diagnostics for file:///home/juan/projects/TermChat/termchat/skills/base.py
 INFO Published 0 diagnostics for file:///home/juan/projects/TermChat/termchat/ui/app.py
 INFO Published 0 diagnostics for file:///home/juan/projects/TermChat/termchat/skills/parser.py
 INFO Published 0 diagnostics for file:///home/juan/projects/TermChat/termchat/config.py
 INFO Published 0 diagnostics for file:///home/juan/projects/TermChat/termchat/main.py
 INFO Validated open files and committed transaction.
 INFO Language server processed event `DidChangeTextDocument` in 0.02s (0.00s waiting)
 INFO Language server processed event `LspResponse` in 0.00s (0.00s waiting)
 INFO Handling non-canceled request textDocument/inlayHint (881)
 INFO Language server processed event `LspRequest(textDocument/inlayHint)` in 0.00s (0.00s waiting)
 INFO Handling non-canceled request textDocument/semanticTokens/full (882)
 INFO Language server processed event `LspRequest(textDocument/semanticTokens/full)` in 0.00s (0.00s waiting)
 INFO File /home/juan/projects/TermChat/termchat/config.py changed, prepare to validate open files.
 INFO Published 1 diagnostics for file:///home/juan/projects/TermChat/termchat/chat.py
 INFO Published 0 diagnostics for file:///home/juan/projects/TermChat/termchat/history.py
 INFO Published 0 diagnostics for file:///home/juan/projects/TermChat/termchat/skills/base.py
 INFO Published 0 diagnostics for file:///home/juan/projects/TermChat/termchat/ui/app.py
 INFO Published 0 diagnostics for file:///home/juan/projects/TermChat/termchat/skills/parser.py
 INFO Published 0 diagnostics for file:///home/juan/projects/TermChat/termchat/config.py
 INFO Published 0 diagnostics for file:///home/juan/projects/TermChat/termchat/main.py
 INFO Validated open files and committed transaction.
 INFO Language server processed event `DidChangeTextDocument` in 0.02s (0.00s waiting)
 INFO Language server processed event `LspResponse` in 0.00s (0.00s waiting)
 INFO Handling non-canceled request textDocument/inlayHint (883)
 INFO Language server processed event `LspRequest(textDocument/inlayHint)` in 0.00s (0.00s waiting)
 INFO Handling non-canceled request textDocument/semanticTokens/full (884)
 INFO Language server processed event `LspRequest(textDocument/semanticTokens/full)` in 0.00s (0.00s waiting)
 INFO File /home/juan/projects/TermChat/termchat/config.py changed, prepare to validate open files.
 INFO Published 1 diagnostics for file:///home/juan/projects/TermChat/termchat/chat.py
 INFO Published 0 diagnostics for file:///home/juan/projects/TermChat/termchat/history.py
 INFO Published 0 diagnostics for file:///home/juan/projects/TermChat/termchat/skills/base.py
 INFO Published 0 diagnostics for file:///home/juan/projects/TermChat/termchat/ui/app.py
 INFO Published 0 diagnostics for file:///home/juan/projects/TermChat/termchat/skills/parser.py
 INFO Published 0 diagnostics for file:///home/juan/projects/TermChat/termchat/config.py
 INFO Published 0 diagnostics for file:///home/juan/projects/TermChat/termchat/main.py
 INFO Validated open files and committed transaction.
 INFO Language server processed event `DidChangeTextDocument` in 0.01s (0.00s waiting)
 INFO Language server processed event `LspResponse` in 0.00s (0.00s waiting)
 INFO Handling non-canceled request textDocument/inlayHint (885)
 INFO Language server processed event `LspRequest(textDocument/inlayHint)` in 0.00s (0.00s waiting)
 INFO Handling non-canceled request textDocument/semanticTokens/full (886)
 INFO Language server processed event `LspRequest(textDocument/semanticTokens/full)` in 0.00s (0.00s waiting)
 INFO Handling non-canceled request textDocument/foldingRange (887)
 INFO Language server processed event `LspRequest(textDocument/foldingRange)` in 0.00s (0.00s waiting)
 INFO Handling non-canceled request textDocument/codeLens (888)
 INFO Language server processed event `LspRequest(textDocument/codeLens)` in 0.00s (0.00s waiting)
 INFO Handling non-canceled request textDocument/codeAction (889)
 INFO Language server processed event `LspRequest(textDocument/codeAction)` in 0.00s (0.00s waiting)
 INFO Handling non-canceled request textDocument/documentSymbol (890)
 INFO Language server processed event `LspRequest(textDocument/documentSymbol)` in 0.00s (0.00s waiting)
 INFO Handling non-canceled request textDocument/documentSymbol (891)
 INFO Language server processed event `LspRequest(textDocument/documentSymbol)` in 0.00s (0.00s waiting)
 INFO File /home/juan/projects/TermChat/termchat/config.py changed, prepare to validate open files.
 INFO Published 1 diagnostics for file:///home/juan/projects/TermChat/termchat/chat.py
 INFO Published 0 diagnostics for file:///home/juan/projects/TermChat/termchat/history.py
 INFO Published 0 diagnostics for file:///home/juan/projects/TermChat/termchat/skills/base.py
 INFO Published 0 diagnostics for file:///home/juan/projects/TermChat/termchat/ui/app.py
 INFO Published 0 diagnostics for file:///home/juan/projects/TermChat/termchat/skills/parser.py
 INFO Published 0 diagnostics for file:///home/juan/projects/TermChat/termchat/config.py
 INFO Published 0 diagnostics for file:///home/juan/projects/TermChat/termchat/main.py
 INFO Validated open files and committed transaction.
 INFO Language server processed event `DidChangeTextDocument` in 0.01s (0.00s waiting)
 INFO Language server processed event `LspResponse` in 0.00s (0.00s waiting)
 INFO Handling non-canceled request textDocument/inlayHint (892)
 INFO Language server processed event `LspRequest(textDocument/inlayHint)` in 0.00s (0.00s waiting)
 INFO Handling non-canceled request textDocument/semanticTokens/full (893)
 INFO Language server processed event `LspRequest(textDocument/semanticTokens/full)` in 0.00s (0.00s waiting)
 INFO Handling non-canceled request textDocument/foldingRange (894)
 INFO Language server processed event `LspRequest(textDocument/foldingRange)` in 0.00s (0.00s waiting)
 INFO Handling non-canceled request textDocument/codeLens (895)
 INFO Language server processed event `LspRequest(textDocument/codeLens)` in 0.00s (0.00s waiting)
 INFO Handling non-canceled request textDocument/codeAction (896)
 INFO Language server processed event `LspRequest(textDocument/codeAction)` in 0.00s (0.00s waiting)
 INFO Handling non-canceled request textDocument/documentSymbol (897)
 INFO Language server processed event `LspRequest(textDocument/documentSymbol)` in 0.00s (0.00s waiting)
 INFO Handling non-canceled request textDocument/documentSymbol (898)
 INFO Language server processed event `LspRequest(textDocument/documentSymbol)` in 0.00s (0.00s waiting)
 INFO File /home/juan/projects/TermChat/termchat/config.py changed, prepare to validate open files.
 INFO Published 1 diagnostics for file:///home/juan/projects/TermChat/termchat/chat.py
 INFO Published 0 diagnostics for file:///home/juan/projects/TermChat/termchat/history.py
 INFO Published 0 diagnostics for file:///home/juan/projects/TermChat/termchat/skills/base.py
 INFO Published 0 diagnostics for file:///home/juan/projects/TermChat/termchat/ui/app.py
 INFO Published 0 diagnostics for file:///home/juan/projects/TermChat/termchat/skills/parser.py
 INFO Published 0 diagnostics for file:///home/juan/projects/TermChat/termchat/config.py
 INFO Published 0 diagnostics for file:///home/juan/projects/TermChat/termchat/main.py
 INFO Validated open files and committed transaction.
 INFO Language server processed event `DidChangeTextDocument` in 0.04s (0.00s waiting)
 INFO Language server processed event `LspResponse` in 0.00s (0.00s waiting)
 INFO Handling non-canceled request textDocument/inlayHint (899)
 INFO Language server processed event `LspRequest(textDocument/inlayHint)` in 0.00s (0.00s waiting)
 INFO Handling non-canceled request textDocument/semanticTokens/full (900)
 INFO Language server processed event `LspRequest(textDocument/semanticTokens/full)` in 0.00s (0.00s waiting)
 INFO Handling non-canceled request textDocument/foldingRange (901)
 INFO Language server processed event `LspRequest(textDocument/foldingRange)` in 0.00s (0.00s waiting)
 INFO Handling non-canceled request textDocument/codeLens (902)
 INFO Language server processed event `LspRequest(textDocument/codeLens)` in 0.00s (0.00s waiting)
 INFO Handling non-canceled request textDocument/codeAction (903)
 INFO Language server processed event `LspRequest(textDocument/codeAction)` in 0.00s (0.00s waiting)
 INFO Handling non-canceled request textDocument/documentSymbol (904)
 INFO Language server processed event `LspRequest(textDocument/documentSymbol)` in 0.00s (0.00s waiting)
 INFO Handling non-canceled request textDocument/documentSymbol (905)
 INFO Language server processed event `LspRequest(textDocument/documentSymbol)` in 0.00s (0.00s waiting)
 INFO Handling non-canceled request textDocument/inlayHint (906)
 INFO Language server processed event `LspRequest(textDocument/inlayHint)` in 0.00s (0.00s waiting)
 INFO File /home/juan/projects/TermChat/termchat/config.py changed, prepare to validate open files.
 INFO Published 1 diagnostics for file:///home/juan/projects/TermChat/termchat/chat.py
 INFO Published 0 diagnostics for file:///home/juan/projects/TermChat/termchat/history.py
 INFO Published 0 diagnostics for file:///home/juan/projects/TermChat/termchat/skills/base.py
 INFO Published 0 diagnostics for file:///home/juan/projects/TermChat/termchat/ui/app.py
 INFO Published 0 diagnostics for file:///home/juan/projects/TermChat/termchat/skills/parser.py
 INFO Published 0 diagnostics for file:///home/juan/projects/TermChat/termchat/config.py
 INFO Published 0 diagnostics for file:///home/juan/projects/TermChat/termchat/main.py
 INFO Validated open files and committed transaction.
 INFO Language server processed event `DidChangeTextDocument` in 0.02s (0.00s waiting)
 INFO Language server processed event `LspResponse` in 0.00s (0.00s waiting)
 INFO Handling non-canceled request textDocument/inlayHint (907)
 INFO Language server processed event `LspRequest(textDocument/inlayHint)` in 0.00s (0.00s waiting)
 INFO Handling non-canceled request textDocument/semanticTokens/full (908)
 INFO Language server processed event `LspRequest(textDocument/semanticTokens/full)` in 0.00s (0.00s waiting)
 INFO Handling non-canceled request textDocument/foldingRange (909)
 INFO Language server processed event `LspRequest(textDocument/foldingRange)` in 0.00s (0.00s waiting)
 INFO Handling non-canceled request textDocument/codeLens (910)
 INFO Language server processed event `LspRequest(textDocument/codeLens)` in 0.00s (0.00s waiting)
 INFO Handling non-canceled request textDocument/codeAction (911)
 INFO Language server processed event `LspRequest(textDocument/codeAction)` in 0.00s (0.00s waiting)
 INFO Handling non-canceled request textDocument/documentSymbol (912)
 INFO Language server processed event `LspRequest(textDocument/documentSymbol)` in 0.00s (0.00s waiting)
 INFO Handling non-canceled request textDocument/documentSymbol (913)
 INFO Language server processed event `LspRequest(textDocument/documentSymbol)` in 0.00s (0.00s waiting)
 INFO File /home/juan/projects/TermChat/termchat/config.py changed, prepare to validate open files.
 INFO Published 1 diagnostics for file:///home/juan/projects/TermChat/termchat/chat.py
 INFO Published 0 diagnostics for file:///home/juan/projects/TermChat/termchat/history.py
 INFO Published 0 diagnostics for file:///home/juan/projects/TermChat/termchat/skills/base.py
 INFO Published 0 diagnostics for file:///home/juan/projects/TermChat/termchat/ui/app.py
 INFO Published 0 diagnostics for file:///home/juan/projects/TermChat/termchat/skills/parser.py
 INFO Published 0 diagnostics for file:///home/juan/projects/TermChat/termchat/config.py
 INFO Published 0 diagnostics for file:///home/juan/projects/TermChat/termchat/main.py
 INFO Validated open files and committed transaction.
 INFO Language server processed event `DidChangeTextDocument` in 0.02s (0.00s waiting)
 INFO Language server processed event `LspResponse` in 0.00s (0.00s waiting)
 INFO Handling non-canceled request textDocument/inlayHint (914)
 INFO Language server processed event `LspRequest(textDocument/inlayHint)` in 0.00s (0.00s waiting)
 INFO Handling non-canceled request textDocument/semanticTokens/full (915)
 INFO Language server processed event `LspRequest(textDocument/semanticTokens/full)` in 0.00s (0.00s waiting)
 INFO Handling non-canceled request textDocument/foldingRange (916)
 INFO Language server processed event `LspRequest(textDocument/foldingRange)` in 0.00s (0.00s waiting)
 INFO Handling non-canceled request textDocument/codeLens (917)
 INFO Language server processed event `LspRequest(textDocument/codeLens)` in 0.00s (0.00s waiting)
 INFO Handling non-canceled request textDocument/codeAction (918)
 INFO Language server processed event `LspRequest(textDocument/codeAction)` in 0.00s (0.00s waiting)
 INFO Handling non-canceled request textDocument/documentSymbol (919)
 INFO Language server processed event `LspRequest(textDocument/documentSymbol)` in 0.00s (0.00s waiting)
 INFO Handling non-canceled request textDocument/documentSymbol (920)
 INFO Language server processed event `LspRequest(textDocument/documentSymbol)` in 0.00s (0.00s waiting)
 INFO Handling non-canceled request textDocument/inlayHint (921)
 INFO Language server processed event `LspRequest(textDocument/inlayHint)` in 0.00s (0.00s waiting)
 INFO Handling non-canceled request textDocument/documentHighlight (922)
 INFO Language server processed event `LspRequest(textDocument/documentHighlight)` in 0.00s (0.00s waiting)
 INFO Language server processed event `DidSaveTextDocument` in 0.00s (0.00s waiting)
 INFO Language server processed event `LspResponse` in 0.00s (0.00s waiting)
 INFO Invalidated state, prepare to recheck open files.
 INFO Ran task on recheck_queue heavy task queue. Queue time: 0.00, task time: 0.01
 INFO Published 1 diagnostics for file:///home/juan/projects/TermChat/termchat/chat.py
 INFO Published 0 diagnostics for file:///home/juan/projects/TermChat/termchat/history.py
 INFO Published 0 diagnostics for file:///home/juan/projects/TermChat/termchat/skills/base.py
 INFO Published 0 diagnostics for file:///home/juan/projects/TermChat/termchat/ui/app.py
 INFO Published 0 diagnostics for file:///home/juan/projects/TermChat/termchat/skills/parser.py
 INFO Published 0 diagnostics for file:///home/juan/projects/TermChat/termchat/config.py
 INFO Published 0 diagnostics for file:///home/juan/projects/TermChat/termchat/main.py
 INFO Validated open files and committed transaction.
 INFO Language server processed event `RecheckFinished` in 0.00s (0.00s waiting)
 INFO Language server processed event `LspResponse` in 0.00s (0.00s waiting)
 INFO Handling non-canceled request textDocument/semanticTokens/full (923)
 INFO Language server processed event `LspRequest(textDocument/semanticTokens/full)` in 0.00s (0.00s waiting)
 INFO Handling non-canceled request textDocument/codeAction (924)
 INFO Language server processed event `LspRequest(textDocument/codeAction)` in 0.00s (0.00s waiting)
 INFO [Pyrefly] DidChangeWatchedFiles: 1 file(s) changed (0 created, 1 modified, 0 removed, 0 unknown)
 INFO Language server processed event `DidChangeWatchedFiles` in 0.00s (0.00s waiting)
 INFO Invalidated state, prepare to recheck open files.
 INFO Language server processed event `LspResponse` in 0.00s (0.00s waiting)
 INFO Ran task on recheck_queue heavy task queue. Queue time: 0.00, task time: 0.00
 INFO Published 1 diagnostics for file:///home/juan/projects/TermChat/termchat/chat.py
 INFO Published 0 diagnostics for file:///home/juan/projects/TermChat/termchat/history.py
 INFO Published 0 diagnostics for file:///home/juan/projects/TermChat/termchat/skills/base.py
 INFO Published 0 diagnostics for file:///home/juan/projects/TermChat/termchat/ui/app.py
 INFO Published 0 diagnostics for file:///home/juan/projects/TermChat/termchat/skills/parser.py
 INFO Published 0 diagnostics for file:///home/juan/projects/TermChat/termchat/config.py
 INFO Published 0 diagnostics for file:///home/juan/projects/TermChat/termchat/main.py
 INFO Validated open files and committed transaction.
 INFO Language server processed event `RecheckFinished` in 0.00s (0.00s waiting)
 INFO Language server processed event `LspResponse` in 0.00s (0.00s waiting)
 INFO Handling non-canceled request textDocument/semanticTokens/full (925)
 INFO Language server processed event `LspRequest(textDocument/semanticTokens/full)` in 0.00s (0.00s waiting)
 INFO Handling non-canceled request textDocument/inlayHint (926)
 INFO Language server processed event `LspRequest(textDocument/inlayHint)` in 0.00s (0.00s waiting)
 INFO Handling non-canceled request textDocument/inlayHint (927)
 INFO Language server processed event `LspRequest(textDocument/inlayHint)` in 0.00s (0.00s waiting)
 INFO Handling non-canceled request textDocument/inlayHint (928)
 INFO Language server processed event `LspRequest(textDocument/inlayHint)` in 0.00s (0.00s waiting)
 INFO Handling non-canceled request textDocument/inlayHint (929)
 INFO Language server processed event `LspRequest(textDocument/inlayHint)` in 0.00s (0.00s waiting)
 INFO Handling non-canceled request textDocument/inlayHint (930)
 INFO Language server processed event `LspRequest(textDocument/inlayHint)` in 0.00s (0.00s waiting)
 INFO Handling non-canceled request textDocument/inlayHint (931)
 INFO Language server processed event `LspRequest(textDocument/inlayHint)` in 0.00s (0.00s waiting)
 INFO Handling non-canceled request textDocument/inlayHint (932)
 INFO Language server processed event `LspRequest(textDocument/inlayHint)` in 0.00s (0.00s waiting)
 INFO Handling non-canceled request textDocument/inlayHint (933)
 INFO Language server processed event `LspRequest(textDocument/inlayHint)` in 0.00s (0.00s waiting)
 INFO Handling non-canceled request textDocument/inlayHint (934)
 INFO Language server processed event `LspRequest(textDocument/inlayHint)` in 0.00s (0.00s waiting)
 INFO Handling non-canceled request textDocument/inlayHint (935)
 INFO Language server processed event `LspRequest(textDocument/inlayHint)` in 0.00s (0.00s waiting)
 INFO Handling non-canceled request textDocument/inlayHint (936)
 INFO Language server processed event `LspRequest(textDocument/inlayHint)` in 0.00s (0.00s waiting)
 INFO Handling non-canceled request textDocument/documentHighlight (937)
 INFO Language server processed event `LspRequest(textDocument/documentHighlight)` in 0.00s (0.00s waiting)
 INFO Handling non-canceled request textDocument/inlayHint (938)
 INFO Language server processed event `LspRequest(textDocument/inlayHint)` in 0.00s (0.00s waiting)
 INFO Language server processed event `DidChangeWatchedFiles` in 0.00s (0.00s waiting)
 INFO Handling non-canceled request textDocument/inlayHint (939)
 INFO Language server processed event `LspRequest(textDocument/inlayHint)` in 0.01s (0.00s waiting)
 INFO Handling non-canceled request textDocument/documentHighlight (940)
 INFO Language server processed event `LspRequest(textDocument/documentHighlight)` in 0.00s (0.01s waiting)
 INFO Handling non-canceled request textDocument/codeLens (941)
 INFO Language server processed event `LspRequest(textDocument/codeLens)` in 0.00s (0.00s waiting)
 INFO Handling non-canceled request textDocument/inlayHint (942)
 INFO Language server processed event `LspRequest(textDocument/inlayHint)` in 0.00s (0.00s waiting)
 INFO Handling non-canceled request textDocument/inlayHint (943)
 INFO Language server processed event `LspRequest(textDocument/inlayHint)` in 0.00s (0.00s waiting)
 INFO Handling non-canceled request textDocument/inlayHint (944)
 INFO Language server processed event `LspRequest(textDocument/inlayHint)` in 0.00s (0.00s waiting)
 INFO Handling non-canceled request textDocument/inlayHint (945)
 INFO Language server processed event `LspRequest(textDocument/inlayHint)` in 0.00s (0.00s waiting)
 INFO Handling non-canceled request textDocument/inlayHint (946)
 INFO Language server processed event `LspRequest(textDocument/inlayHint)` in 0.00s (0.00s waiting)
 INFO Handling non-canceled request textDocument/inlayHint (947)
 INFO Language server processed event `LspRequest(textDocument/inlayHint)` in 0.00s (0.00s waiting)
 INFO Handling non-canceled request textDocument/inlayHint (948)
 INFO Language server processed event `LspRequest(textDocument/inlayHint)` in 0.00s (0.00s waiting)
 INFO Handling non-canceled request textDocument/inlayHint (949)
 INFO Language server processed event `LspRequest(textDocument/inlayHint)` in 0.00s (0.00s waiting)
 INFO Handling non-canceled request textDocument/inlayHint (950)
 INFO Language server processed event `LspRequest(textDocument/inlayHint)` in 0.00s (0.00s waiting)
 INFO Handling non-canceled request textDocument/inlayHint (951)
 INFO Language server processed event `LspRequest(textDocument/inlayHint)` in 0.00s (0.00s waiting)
 INFO Handling non-canceled request textDocument/inlayHint (952)
 INFO Language server processed event `LspRequest(textDocument/inlayHint)` in 0.00s (0.00s waiting)
 INFO Handling non-canceled request textDocument/inlayHint (953)
 INFO Language server processed event `LspRequest(textDocument/inlayHint)` in 0.00s (0.00s waiting)
 INFO Handling non-canceled request textDocument/inlayHint (954)
 INFO Language server processed event `LspRequest(textDocument/inlayHint)` in 0.00s (0.00s waiting)
 INFO Handling non-canceled request textDocument/inlayHint (955)
 INFO Language server processed event `LspRequest(textDocument/inlayHint)` in 0.00s (0.00s waiting)
 INFO Handling non-canceled request textDocument/inlayHint (956)
 INFO Language server processed event `LspRequest(textDocument/inlayHint)` in 0.00s (0.00s waiting)
 INFO Handling non-canceled request textDocument/inlayHint (957)
 INFO Language server processed event `LspRequest(textDocument/inlayHint)` in 0.00s (0.00s waiting)
 INFO Handling non-canceled request textDocument/inlayHint (958)
 INFO Language server processed event `LspRequest(textDocument/inlayHint)` in 0.00s (0.00s waiting)
 INFO Handling non-canceled request textDocument/inlayHint (959)
 INFO Language server processed event `LspRequest(textDocument/inlayHint)` in 0.00s (0.00s waiting)
 INFO Handling non-canceled request textDocument/inlayHint (960)
 INFO Language server processed event `LspRequest(textDocument/inlayHint)` in 0.00s (0.00s waiting)
 INFO Handling non-canceled request textDocument/inlayHint (961)
 INFO Language server processed event `LspRequest(textDocument/inlayHint)` in 0.00s (0.00s waiting)
 INFO Handling non-canceled request textDocument/inlayHint (962)
 INFO Language server processed event `LspRequest(textDocument/inlayHint)` in 0.00s (0.00s waiting)
 INFO Handling non-canceled request textDocument/inlayHint (963)
 INFO Language server processed event `LspRequest(textDocument/inlayHint)` in 0.00s (0.00s waiting)
 INFO Handling non-canceled request textDocument/inlayHint (964)
 INFO Language server processed event `LspRequest(textDocument/inlayHint)` in 0.00s (0.00s waiting)
 INFO Handling non-canceled request textDocument/inlayHint (965)
 INFO Language server processed event `LspRequest(textDocument/inlayHint)` in 0.00s (0.00s waiting)
 INFO File /home/juan/projects/TermChat/termchat/config.py changed, prepare to validate open files.
 INFO Published 1 diagnostics for file:///home/juan/projects/TermChat/termchat/chat.py
 INFO Published 0 diagnostics for file:///home/juan/projects/TermChat/termchat/history.py
 INFO Published 0 diagnostics for file:///home/juan/projects/TermChat/termchat/skills/base.py
 INFO Published 0 diagnostics for file:///home/juan/projects/TermChat/termchat/ui/app.py
 INFO Published 0 diagnostics for file:///home/juan/projects/TermChat/termchat/skills/parser.py
 INFO Published 0 diagnostics for file:///home/juan/projects/TermChat/termchat/config.py
 INFO Published 0 diagnostics for file:///home/juan/projects/TermChat/termchat/main.py
 INFO Validated open files and committed transaction.
 INFO Language server processed event `DidChangeTextDocument` in 0.09s (0.00s waiting)
 INFO Handling non-canceled request textDocument/inlayHint (966)
 INFO Language server processed event `LspRequest(textDocument/inlayHint)` in 0.00s (0.06s waiting)
 INFO Language server processed event `LspResponse` in 0.00s (0.00s waiting)
 INFO Handling non-canceled request textDocument/semanticTokens/full (967)
 INFO Language server processed event `LspRequest(textDocument/semanticTokens/full)` in 0.00s (0.00s waiting)
 INFO Handling non-canceled request textDocument/foldingRange (968)
 INFO Language server processed event `LspRequest(textDocument/foldingRange)` in 0.00s (0.00s waiting)
 INFO Handling non-canceled request textDocument/codeLens (969)
 INFO Language server processed event `LspRequest(textDocument/codeLens)` in 0.00s (0.00s waiting)
 INFO Handling non-canceled request textDocument/documentSymbol (970)
 INFO Language server processed event `LspRequest(textDocument/documentSymbol)` in 0.00s (0.00s waiting)
 INFO Handling non-canceled request textDocument/documentSymbol (971)
 INFO Language server processed event `LspRequest(textDocument/documentSymbol)` in 0.00s (0.00s waiting)
 INFO Handling non-canceled request textDocument/inlayHint (972)
 INFO Language server processed event `LspRequest(textDocument/inlayHint)` in 0.00s (0.00s waiting)
 INFO Language server processed event `DidSaveTextDocument` in 0.00s (0.00s waiting)
 INFO Language server processed event `LspResponse` in 0.00s (0.00s waiting)
 INFO Invalidated state, prepare to recheck open files.
 INFO Ran task on recheck_queue heavy task queue. Queue time: 0.00, task time: 0.02
 INFO Published 1 diagnostics for file:///home/juan/projects/TermChat/termchat/chat.py
 INFO Published 0 diagnostics for file:///home/juan/projects/TermChat/termchat/history.py
 INFO Published 0 diagnostics for file:///home/juan/projects/TermChat/termchat/skills/base.py
 INFO Published 0 diagnostics for file:///home/juan/projects/TermChat/termchat/ui/app.py
 INFO Published 0 diagnostics for file:///home/juan/projects/TermChat/termchat/skills/parser.py
 INFO Published 0 diagnostics for file:///home/juan/projects/TermChat/termchat/config.py
 INFO Published 0 diagnostics for file:///home/juan/projects/TermChat/termchat/main.py
 INFO Validated open files and committed transaction.
 INFO Language server processed event `RecheckFinished` in 0.00s (0.00s waiting)
 INFO Language server processed event `LspResponse` in 0.00s (0.00s waiting)
 INFO Handling non-canceled request textDocument/semanticTokens/full (973)
 INFO Language server processed event `LspRequest(textDocument/semanticTokens/full)` in 0.00s (0.00s waiting)
 INFO Handling non-canceled request textDocument/codeAction (974)
 INFO Language server processed event `LspRequest(textDocument/codeAction)` in 0.00s (0.00s waiting)
 INFO [Pyrefly] DidChangeWatchedFiles: 1 file(s) changed (0 created, 1 modified, 0 removed, 0 unknown)
 INFO Language server processed event `DidChangeWatchedFiles` in 0.00s (0.00s waiting)
 INFO Invalidated state, prepare to recheck open files.
 INFO Ran task on recheck_queue heavy task queue. Queue time: 0.00, task time: 0.00
 INFO Published 1 diagnostics for file:///home/juan/projects/TermChat/termchat/chat.py
 INFO Published 0 diagnostics for file:///home/juan/projects/TermChat/termchat/history.py
 INFO Published 0 diagnostics for file:///home/juan/projects/TermChat/termchat/skills/base.py
 INFO Published 0 diagnostics for file:///home/juan/projects/TermChat/termchat/ui/app.py
 INFO Published 0 diagnostics for file:///home/juan/projects/TermChat/termchat/skills/parser.py
 INFO Published 0 diagnostics for file:///home/juan/projects/TermChat/termchat/config.py
 INFO Published 0 diagnostics for file:///home/juan/projects/TermChat/termchat/main.py
 INFO Validated open files and committed transaction.
 INFO Language server processed event `RecheckFinished` in 0.00s (0.00s waiting)
 INFO Language server processed event `LspResponse` in 0.00s (0.00s waiting)
 INFO Language server processed event `LspResponse` in 0.00s (0.00s waiting)
 INFO Handling non-canceled request textDocument/semanticTokens/full (975)
 INFO Language server processed event `LspRequest(textDocument/semanticTokens/full)` in 0.00s (0.00s waiting)
 INFO Handling non-canceled request textDocument/hover (976)
 INFO Language server processed event `LspRequest(textDocument/hover)` in 0.01s (0.00s waiting)
 INFO Handling non-canceled request pyrefly/textDocument/typeErrorDisplayStatus (977)
 INFO Language server processed event `LspRequest(pyrefly/textDocument/typeErrorDisplayStatus)` in 0.00s (0.00s waiting)
 INFO Handling non-canceled request textDocument/codeAction (978)
 INFO Language server processed event `LspRequest(textDocument/codeAction)` in 0.00s (0.00s waiting)
 INFO Handling non-canceled request textDocument/inlayHint (979)
 INFO Language server processed event `LspRequest(textDocument/inlayHint)` in 0.00s (0.00s waiting)
 INFO Handling non-canceled request textDocument/foldingRange (980)
 INFO Language server processed event `LspRequest(textDocument/foldingRange)` in 0.00s (0.00s waiting)
 INFO Handling non-canceled request textDocument/documentHighlight (981)
 INFO Language server processed event `LspRequest(textDocument/documentHighlight)` in 0.00s (0.00s waiting)
 INFO Handling non-canceled request textDocument/codeAction (982)
 INFO Language server processed event `LspRequest(textDocument/codeAction)` in 0.00s (0.00s waiting)
 INFO Handling non-canceled request textDocument/codeAction (983)
 INFO Language server processed event `LspRequest(textDocument/codeAction)` in 0.01s (0.00s waiting)
 INFO Handling non-canceled request textDocument/semanticTokens/full (984)
 INFO Language server processed event `LspRequest(textDocument/semanticTokens/full)` in 0.00s (0.00s waiting)
 INFO Handling non-canceled request textDocument/documentSymbol (985)
 INFO Language server processed event `LspRequest(textDocument/documentSymbol)` in 0.00s (0.00s waiting)
 INFO Handling non-canceled request textDocument/codeLens (986)
 INFO Language server processed event `LspRequest(textDocument/codeLens)` in 0.00s (0.00s waiting)
 INFO Handling non-canceled request textDocument/hover (987)
 INFO Language server processed event `LspRequest(textDocument/hover)` in 0.00s (0.00s waiting)
 INFO Handling non-canceled request textDocument/hover (988)
 INFO Language server processed event `LspRequest(textDocument/hover)` in 0.00s (0.00s waiting)
 INFO Handling non-canceled request textDocument/inlayHint (989)
 INFO Language server processed event `LspRequest(textDocument/inlayHint)` in 0.00s (0.00s waiting)
 INFO Handling non-canceled request textDocument/inlayHint (990)
 INFO Language server processed event `LspRequest(textDocument/inlayHint)` in 0.00s (0.00s waiting)
 INFO Handling non-canceled request textDocument/inlayHint (991)
 INFO Language server processed event `LspRequest(textDocument/inlayHint)` in 0.00s (0.00s waiting)
 INFO Handling non-canceled request textDocument/inlayHint (992)
 INFO Language server processed event `LspRequest(textDocument/inlayHint)` in 0.00s (0.00s waiting)
 INFO Handling non-canceled request textDocument/inlayHint (993)
 INFO Language server processed event `LspRequest(textDocument/inlayHint)` in 0.00s (0.00s waiting)
 INFO Handling non-canceled request textDocument/inlayHint (994)
 INFO Language server processed event `LspRequest(textDocument/inlayHint)` in 0.00s (0.00s waiting)
 INFO Handling non-canceled request textDocument/inlayHint (995)
 INFO Language server processed event `LspRequest(textDocument/inlayHint)` in 0.00s (0.00s waiting)
 INFO Handling non-canceled request textDocument/inlayHint (996)
 INFO Language server processed event `LspRequest(textDocument/inlayHint)` in 0.00s (0.00s waiting)
 INFO Handling non-canceled request textDocument/inlayHint (997)
 INFO Language server processed event `LspRequest(textDocument/inlayHint)` in 0.00s (0.00s waiting)
 INFO Handling non-canceled request textDocument/inlayHint (998)
 INFO Language server processed event `LspRequest(textDocument/inlayHint)` in 0.00s (0.00s waiting)
 INFO Handling non-canceled request textDocument/inlayHint (999)
 INFO Language server processed event `LspRequest(textDocument/inlayHint)` in 0.00s (0.00s waiting)
 INFO Handling non-canceled request textDocument/inlayHint (1000)
 INFO Language server processed event `LspRequest(textDocument/inlayHint)` in 0.00s (0.00s waiting)
 INFO Handling non-canceled request textDocument/inlayHint (1001)
 INFO Language server processed event `LspRequest(textDocument/inlayHint)` in 0.00s (0.00s waiting)
 INFO Handling non-canceled request textDocument/inlayHint (1002)
 INFO Language server processed event `LspRequest(textDocument/inlayHint)` in 0.00s (0.00s waiting)
 INFO Handling non-canceled request textDocument/inlayHint (1003)
 INFO Language server processed event `LspRequest(textDocument/inlayHint)` in 0.00s (0.00s waiting)
 INFO Handling non-canceled request textDocument/inlayHint (1004)
 INFO Language server processed event `LspRequest(textDocument/inlayHint)` in 0.00s (0.00s waiting)
 INFO Handling non-canceled request textDocument/inlayHint (1005)
 INFO Language server processed event `LspRequest(textDocument/inlayHint)` in 0.00s (0.00s waiting)
 INFO Handling non-canceled request textDocument/inlayHint (1006)
 INFO Language server processed event `LspRequest(textDocument/inlayHint)` in 0.00s (0.00s waiting)
 INFO Handling non-canceled request textDocument/inlayHint (1007)
 INFO Language server processed event `LspRequest(textDocument/inlayHint)` in 0.00s (0.00s waiting)
 INFO Handling non-canceled request textDocument/inlayHint (1008)
 INFO Language server processed event `LspRequest(textDocument/inlayHint)` in 0.00s (0.00s waiting)
 INFO Handling non-canceled request textDocument/inlayHint (1009)
 INFO Language server processed event `LspRequest(textDocument/inlayHint)` in 0.00s (0.00s waiting)
 INFO Handling non-canceled request textDocument/inlayHint (1010)
 INFO Language server processed event `LspRequest(textDocument/inlayHint)` in 0.00s (0.00s waiting)
 INFO Handling non-canceled request textDocument/inlayHint (1011)
 INFO Language server processed event `LspRequest(textDocument/inlayHint)` in 0.00s (0.00s waiting)
 INFO Handling non-canceled request textDocument/inlayHint (1012)
 INFO Language server processed event `LspRequest(textDocument/inlayHint)` in 0.00s (0.00s waiting)
 INFO Handling non-canceled request textDocument/inlayHint (1013)
 INFO Language server processed event `LspRequest(textDocument/inlayHint)` in 0.00s (0.00s waiting)
 INFO Handling non-canceled request textDocument/inlayHint (1014)
 INFO Language server processed event `LspRequest(textDocument/inlayHint)` in 0.00s (0.00s waiting)
 INFO Handling non-canceled request textDocument/inlayHint (1015)
 INFO Language server processed event `LspRequest(textDocument/inlayHint)` in 0.00s (0.00s waiting)
 INFO Handling non-canceled request textDocument/inlayHint (1016)
 INFO Language server processed event `LspRequest(textDocument/inlayHint)` in 0.00s (0.00s waiting)
 INFO Handling non-canceled request textDocument/inlayHint (1017)
 INFO Language server processed event `LspRequest(textDocument/inlayHint)` in 0.00s (0.00s waiting)
 INFO Handling non-canceled request textDocument/inlayHint (1018)
 INFO Language server processed event `LspRequest(textDocument/inlayHint)` in 0.00s (0.00s waiting)
 INFO Handling non-canceled request textDocument/inlayHint (1019)
 INFO Language server processed event `LspRequest(textDocument/inlayHint)` in 0.00s (0.00s waiting)
 INFO Handling non-canceled request textDocument/inlayHint (1020)
 INFO Language server processed event `LspRequest(textDocument/inlayHint)` in 0.00s (0.00s waiting)
 INFO Handling non-canceled request textDocument/inlayHint (1021)
 INFO Language server processed event `LspRequest(textDocument/inlayHint)` in 0.00s (0.00s waiting)
 INFO Handling non-canceled request textDocument/inlayHint (1022)
 INFO Language server processed event `LspRequest(textDocument/inlayHint)` in 0.00s (0.00s waiting)
 INFO Handling non-canceled request textDocument/inlayHint (1023)
 INFO Language server processed event `LspRequest(textDocument/inlayHint)` in 0.00s (0.00s waiting)
 INFO Handling non-canceled request textDocument/inlayHint (1024)
 INFO Language server processed event `LspRequest(textDocument/inlayHint)` in 0.00s (0.00s waiting)
 INFO Handling non-canceled request textDocument/inlayHint (1025)
 INFO Language server processed event `LspRequest(textDocument/inlayHint)` in 0.00s (0.00s waiting)
 INFO Handling non-canceled request textDocument/inlayHint (1026)
 INFO Language server processed event `LspRequest(textDocument/inlayHint)` in 0.00s (0.00s waiting)
 INFO Handling non-canceled request textDocument/inlayHint (1027)
 INFO Language server processed event `LspRequest(textDocument/inlayHint)` in 0.00s (0.00s waiting)
 INFO Handling non-canceled request textDocument/inlayHint (1028)
 INFO Language server processed event `LspRequest(textDocument/inlayHint)` in 0.00s (0.00s waiting)
 INFO Handling non-canceled request textDocument/inlayHint (1029)
 INFO Language server processed event `LspRequest(textDocument/inlayHint)` in 0.00s (0.00s waiting)
 INFO Handling non-canceled request textDocument/inlayHint (1030)
 INFO Language server processed event `LspRequest(textDocument/inlayHint)` in 0.00s (0.00s waiting)
 INFO Handling non-canceled request textDocument/inlayHint (1031)
 INFO Language server processed event `LspRequest(textDocument/inlayHint)` in 0.00s (0.00s waiting)
 INFO Handling non-canceled request textDocument/inlayHint (1032)
 INFO Language server processed event `LspRequest(textDocument/inlayHint)` in 0.00s (0.00s waiting)
 INFO Handling non-canceled request textDocument/inlayHint (1033)
 INFO Language server processed event `LspRequest(textDocument/inlayHint)` in 0.00s (0.00s waiting)
 INFO Handling non-canceled request textDocument/inlayHint (1034)
 INFO Language server processed event `LspRequest(textDocument/inlayHint)` in 0.00s (0.00s waiting)
 INFO Handling non-canceled request textDocument/inlayHint (1035)
 INFO Language server processed event `LspRequest(textDocument/inlayHint)` in 0.00s (0.00s waiting)
 INFO Handling non-canceled request textDocument/inlayHint (1036)
 INFO Language server processed event `LspRequest(textDocument/inlayHint)` in 0.00s (0.00s waiting)
 INFO Handling non-canceled request textDocument/inlayHint (1037)
 INFO Language server processed event `LspRequest(textDocument/inlayHint)` in 0.00s (0.00s waiting)
 INFO Handling non-canceled request textDocument/inlayHint (1038)
 INFO Language server processed event `LspRequest(textDocument/inlayHint)` in 0.00s (0.00s waiting)
 INFO Handling non-canceled request textDocument/inlayHint (1039)
 INFO Language server processed event `LspRequest(textDocument/inlayHint)` in 0.00s (0.00s waiting)
 INFO Handling non-canceled request textDocument/inlayHint (1040)
 INFO Language server processed event `LspRequest(textDocument/inlayHint)` in 0.00s (0.00s waiting)
 INFO Handling non-canceled request textDocument/inlayHint (1041)
 INFO Language server processed event `LspRequest(textDocument/inlayHint)` in 0.00s (0.00s waiting)
 INFO Handling non-canceled request textDocument/inlayHint (1042)
 INFO Language server processed event `LspRequest(textDocument/inlayHint)` in 0.00s (0.00s waiting)
 INFO Handling non-canceled request textDocument/documentHighlight (1043)
 INFO Language server processed event `LspRequest(textDocument/documentHighlight)` in 0.00s (0.00s waiting)
 INFO Handling non-canceled request textDocument/documentHighlight (1044)
 INFO Language server processed event `LspRequest(textDocument/documentHighlight)` in 0.00s (0.00s waiting)
 INFO Handling non-canceled request textDocument/codeLens (1045)
 INFO Language server processed event `LspRequest(textDocument/codeLens)` in 0.00s (0.00s waiting)
 INFO Handling non-canceled request textDocument/documentHighlight (1046)
 INFO Language server processed event `LspRequest(textDocument/documentHighlight)` in 0.00s (0.00s waiting)
 INFO Handling non-canceled request textDocument/codeLens (1047)
 INFO Language server processed event `LspRequest(textDocument/codeLens)` in 0.00s (0.00s waiting)
 INFO File /home/juan/projects/TermChat/test_debug.py opened, prepare to validate open files.
 INFO Ran task on sourcedb_queue heavy task queue. Queue time: 0.00, task time: 0.00
 INFO Published 1 diagnostics for file:///home/juan/projects/TermChat/termchat/chat.py
 INFO Published 0 diagnostics for file:///home/juan/projects/TermChat/termchat/history.py
 INFO Published 0 diagnostics for file:///home/juan/projects/TermChat/test_debug.py
 INFO Published 0 diagnostics for file:///home/juan/projects/TermChat/termchat/skills/base.py
 INFO Published 0 diagnostics for file:///home/juan/projects/TermChat/termchat/ui/app.py
 INFO Published 0 diagnostics for file:///home/juan/projects/TermChat/termchat/skills/parser.py
 INFO Published 0 diagnostics for file:///home/juan/projects/TermChat/termchat/config.py
 INFO Published 0 diagnostics for file:///home/juan/projects/TermChat/termchat/main.py
 INFO Validated open files and committed transaction.
 INFO Language server processed event `DidOpenTextDocument` in 0.02s (0.00s waiting)
 INFO Language server processed event `LspResponse` in 0.00s (0.00s waiting)
 INFO Language server processed event `LspResponse` in 0.00s (0.00s waiting)
 INFO [Pyrefly] DidChangeWatchedFiles: 1 file(s) changed (1 created, 0 modified, 0 removed, 0 unknown)
 INFO [Pyrefly] Re-registering file watchers
 INFO Language server processed event `DidChangeWatchedFiles` in 0.00s (0.00s waiting)
 INFO Language server processed event `LspResponse` in 0.00s (0.00s waiting)
 INFO Language server processed event `LspResponse` in 0.00s (0.00s waiting)
 INFO Handling non-canceled request textDocument/semanticTokens/full (1048)
 INFO Language server processed event `LspRequest(textDocument/semanticTokens/full)` in 0.00s (0.00s waiting)
 INFO Handling non-canceled request textDocument/codeAction (1049)
 INFO Language server processed event `LspRequest(textDocument/codeAction)` in 0.00s (0.00s waiting)
 INFO Invalidated state, prepare to recheck open files.
 INFO Ran task on recheck_queue heavy task queue. Queue time: 0.00, task time: 1.63
 INFO Published 1 diagnostics for file:///home/juan/projects/TermChat/termchat/chat.py
 INFO Published 0 diagnostics for file:///home/juan/projects/TermChat/termchat/history.py
 INFO Published 0 diagnostics for file:///home/juan/projects/TermChat/test_debug.py
 INFO Published 0 diagnostics for file:///home/juan/projects/TermChat/termchat/skills/base.py
 INFO Published 0 diagnostics for file:///home/juan/projects/TermChat/termchat/ui/app.py
 INFO Published 0 diagnostics for file:///home/juan/projects/TermChat/termchat/skills/parser.py
 INFO Published 0 diagnostics for file:///home/juan/projects/TermChat/termchat/config.py
 INFO Published 0 diagnostics for file:///home/juan/projects/TermChat/termchat/main.py
 INFO Validated open files and committed transaction.
 INFO Language server processed event `RecheckFinished` in 0.03s (0.00s waiting)
 INFO Language server processed event `LspResponse` in 0.00s (0.00s waiting)
 INFO Handling non-canceled request textDocument/semanticTokens/full (1050)
 INFO Language server processed event `LspRequest(textDocument/semanticTokens/full)` in 0.00s (0.00s waiting)
 INFO Handling non-canceled request textDocument/codeAction (1051)
 INFO Language server processed event `LspRequest(textDocument/codeAction)` in 0.00s (0.00s waiting)
 INFO Handling non-canceled request textDocument/documentHighlight (1052)
 INFO Language server processed event `LspRequest(textDocument/documentHighlight)` in 0.00s (0.00s waiting)
 INFO Handling non-canceled request textDocument/codeLens (1053)
 INFO Language server processed event `LspRequest(textDocument/codeLens)` in 0.00s (0.00s waiting)
 INFO Handling non-canceled request textDocument/documentHighlight (1054)
 INFO Language server processed event `LspRequest(textDocument/documentHighlight)` in 0.00s (0.00s waiting)
 INFO Handling non-canceled request textDocument/codeLens (1055)
 INFO Language server processed event `LspRequest(textDocument/codeLens)` in 0.00s (0.00s waiting)
 INFO Handling non-canceled request textDocument/hover (1056)
 INFO Language server processed event `LspRequest(textDocument/hover)` in 0.00s (0.00s waiting)
 INFO Handling non-canceled request textDocument/inlayHint (1057)
 INFO Language server processed event `LspRequest(textDocument/inlayHint)` in 0.00s (0.00s waiting)
 INFO Handling non-canceled request textDocument/inlayHint (1058)
 INFO Language server processed event `LspRequest(textDocument/inlayHint)` in 0.00s (0.00s waiting)
 INFO Handling non-canceled request textDocument/inlayHint (1059)
 INFO Language server processed event `LspRequest(textDocument/inlayHint)` in 0.00s (0.00s waiting)
 INFO Handling non-canceled request textDocument/inlayHint (1060)
 INFO Language server processed event `LspRequest(textDocument/inlayHint)` in 0.00s (0.00s waiting)
 INFO Handling non-canceled request textDocument/inlayHint (1061)
 INFO Language server processed event `LspRequest(textDocument/inlayHint)` in 0.00s (0.00s waiting)
 INFO Handling non-canceled request textDocument/inlayHint (1062)
 INFO Language server processed event `LspRequest(textDocument/inlayHint)` in 0.00s (0.00s waiting)
 INFO Handling non-canceled request textDocument/inlayHint (1063)
 INFO Language server processed event `LspRequest(textDocument/inlayHint)` in 0.00s (0.00s waiting)
 INFO Handling non-canceled request textDocument/inlayHint (1064)
 INFO Language server processed event `LspRequest(textDocument/inlayHint)` in 0.00s (0.00s waiting)
 INFO Handling non-canceled request textDocument/inlayHint (1065)
 INFO Language server processed event `LspRequest(textDocument/inlayHint)` in 0.00s (0.00s waiting)
 INFO Handling non-canceled request textDocument/codeAction (1066)
 INFO Language server processed event `LspRequest(textDocument/codeAction)` in 0.00s (0.00s waiting)
 INFO Handling non-canceled request textDocument/codeAction (1067)
 INFO Language server processed event `LspRequest(textDocument/codeAction)` in 0.00s (0.00s waiting)
 INFO Handling non-canceled request textDocument/codeLens (1068)
 INFO Language server processed event `LspRequest(textDocument/codeLens)` in 0.00s (0.00s waiting)
 INFO Handling non-canceled request textDocument/codeAction (1069)
 INFO Language server processed event `LspRequest(textDocument/codeAction)` in 0.00s (0.00s waiting)
 INFO Handling non-canceled request textDocument/hover (1070)
 INFO Language server processed event `LspRequest(textDocument/hover)` in 0.00s (0.00s waiting)
 INFO Handling non-canceled request textDocument/inlayHint (1071)
 INFO Language server processed event `LspRequest(textDocument/inlayHint)` in 0.00s (0.00s waiting)
 INFO Handling non-canceled request textDocument/inlayHint (1072)
 INFO Language server processed event `LspRequest(textDocument/inlayHint)` in 0.00s (0.00s waiting)
 INFO Handling non-canceled request textDocument/inlayHint (1073)
 INFO Language server processed event `LspRequest(textDocument/inlayHint)` in 0.00s (0.00s waiting)
 INFO Handling non-canceled request textDocument/inlayHint (1074)
 INFO Language server processed event `LspRequest(textDocument/inlayHint)` in 0.00s (0.00s waiting)
 INFO Handling non-canceled request textDocument/inlayHint (1075)
 INFO Language server processed event `LspRequest(textDocument/inlayHint)` in 0.00s (0.00s waiting)
 INFO Handling non-canceled request textDocument/inlayHint (1076)
 INFO Language server processed event `LspRequest(textDocument/inlayHint)` in 0.00s (0.00s waiting)
 INFO Handling non-canceled request textDocument/inlayHint (1077)
 INFO Language server processed event `LspRequest(textDocument/inlayHint)` in 0.00s (0.00s waiting)
 INFO Handling non-canceled request textDocument/inlayHint (1078)
 INFO Language server processed event `LspRequest(textDocument/inlayHint)` in 0.00s (0.00s waiting)
 INFO Handling non-canceled request textDocument/inlayHint (1079)
 INFO Language server processed event `LspRequest(textDocument/inlayHint)` in 0.00s (0.00s waiting)
 INFO Handling non-canceled request textDocument/inlayHint (1080)
 INFO Language server processed event `LspRequest(textDocument/inlayHint)` in 0.00s (0.00s waiting)
 INFO Handling non-canceled request textDocument/hover (1081)
 INFO Language server processed event `LspRequest(textDocument/hover)` in 0.00s (0.00s waiting)
 INFO Handling non-canceled request textDocument/definition (1082)
 INFO Language server processed event `LspRequest(textDocument/definition)` in 0.00s (0.00s waiting)
 INFO Handling non-canceled request textDocument/definition (1083)
 INFO Language server processed event `LspRequest(textDocument/definition)` in 0.00s (0.00s waiting)
 INFO Handling non-canceled request textDocument/documentHighlight (1084)
 INFO Language server processed event `LspRequest(textDocument/documentHighlight)` in 0.00s (0.00s waiting)
 INFO Handling non-canceled request textDocument/definition (1085)
 INFO Language server processed event `LspRequest(textDocument/definition)` in 0.00s (0.00s waiting)
 INFO Handling non-canceled request textDocument/codeAction (1086)
 INFO Language server processed event `LspRequest(textDocument/codeAction)` in 0.00s (0.00s waiting)
 INFO Handling non-canceled request textDocument/inlayHint (1087)
 INFO Language server processed event `LspRequest(textDocument/inlayHint)` in 0.00s (0.00s waiting)
 INFO Handling non-canceled request textDocument/codeAction (1088)
 INFO Language server processed event `LspRequest(textDocument/codeAction)` in 0.00s (0.00s waiting)
 INFO Handling non-canceled request textDocument/codeAction (1089)
 INFO Language server processed event `LspRequest(textDocument/codeAction)` in 0.00s (0.00s waiting)
 INFO Handling non-canceled request textDocument/codeAction (1090)
 INFO Language server processed event `LspRequest(textDocument/codeAction)` in 0.00s (0.00s waiting)
 INFO Handling non-canceled request textDocument/codeAction (1091)
 INFO Language server processed event `LspRequest(textDocument/codeAction)` in 0.00s (0.00s waiting)
 INFO Handling non-canceled request textDocument/hover (1092)
 INFO Language server processed event `LspRequest(textDocument/hover)` in 0.00s (0.00s waiting)
 INFO Handling non-canceled request textDocument/hover (1093)
 INFO Language server processed event `LspRequest(textDocument/hover)` in 0.00s (0.00s waiting)
 INFO Handling non-canceled request textDocument/hover (1094)
 INFO Language server processed event `LspRequest(textDocument/hover)` in 0.00s (0.00s waiting)
 INFO Handling non-canceled request textDocument/inlayHint (1095)
 INFO Language server processed event `LspRequest(textDocument/inlayHint)` in 0.00s (0.00s waiting)
 INFO Handling non-canceled request textDocument/inlayHint (1096)
 INFO Language server processed event `LspRequest(textDocument/inlayHint)` in 0.00s (0.00s waiting)
 INFO Handling non-canceled request textDocument/inlayHint (1097)
 INFO Language server processed event `LspRequest(textDocument/inlayHint)` in 0.00s (0.00s waiting)
 INFO Handling non-canceled request textDocument/inlayHint (1098)
 INFO Language server processed event `LspRequest(textDocument/inlayHint)` in 0.00s (0.00s waiting)
 INFO Handling non-canceled request textDocument/inlayHint (1099)
 INFO Language server processed event `LspRequest(textDocument/inlayHint)` in 0.00s (0.00s waiting)
 INFO Handling non-canceled request textDocument/inlayHint (1100)
 INFO Language server processed event `LspRequest(textDocument/inlayHint)` in 0.00s (0.00s waiting)
 INFO Handling non-canceled request textDocument/inlayHint (1101)
 INFO Language server processed event `LspRequest(textDocument/inlayHint)` in 0.00s (0.00s waiting)
 INFO Handling non-canceled request textDocument/inlayHint (1102)
 INFO Language server processed event `LspRequest(textDocument/inlayHint)` in 0.00s (0.00s waiting)
 INFO Handling non-canceled request textDocument/inlayHint (1103)
 INFO Language server processed event `LspRequest(textDocument/inlayHint)` in 0.00s (0.00s waiting)
 INFO Handling non-canceled request textDocument/inlayHint (1104)
 INFO Language server processed event `LspRequest(textDocument/inlayHint)` in 0.00s (0.00s waiting)
 INFO Handling non-canceled request textDocument/inlayHint (1105)
 INFO Language server processed event `LspRequest(textDocument/inlayHint)` in 0.00s (0.00s waiting)
 INFO Handling non-canceled request textDocument/inlayHint (1106)
 INFO Language server processed event `LspRequest(textDocument/inlayHint)` in 0.00s (0.00s waiting)
 INFO Handling non-canceled request textDocument/inlayHint (1107)
 INFO Language server processed event `LspRequest(textDocument/inlayHint)` in 0.00s (0.00s waiting)
 INFO Handling non-canceled request textDocument/inlayHint (1108)
 INFO Language server processed event `LspRequest(textDocument/inlayHint)` in 0.00s (0.00s waiting)
 INFO Handling non-canceled request textDocument/inlayHint (1109)
 INFO Language server processed event `LspRequest(textDocument/inlayHint)` in 0.00s (0.00s waiting)
 INFO Handling non-canceled request pyrefly/textDocument/typeErrorDisplayStatus (1110)
 INFO Language server processed event `LspRequest(pyrefly/textDocument/typeErrorDisplayStatus)` in 0.00s (0.00s waiting)
 INFO Handling non-canceled request textDocument/codeAction (1111)
 INFO Language server processed event `LspRequest(textDocument/codeAction)` in 0.00s (0.00s waiting)
 INFO Handling non-canceled request textDocument/documentSymbol (1112)
 INFO Language server processed event `LspRequest(textDocument/documentSymbol)` in 0.00s (0.00s waiting)
 INFO Handling non-canceled request textDocument/inlayHint (1113)
 INFO Language server processed event `LspRequest(textDocument/inlayHint)` in 0.00s (0.00s waiting)
 INFO Handling non-canceled request textDocument/documentHighlight (1114)
 INFO Language server processed event `LspRequest(textDocument/documentHighlight)` in 0.00s (0.00s waiting)
 INFO Handling non-canceled request textDocument/foldingRange (1115)
 INFO Language server processed event `LspRequest(textDocument/foldingRange)` in 0.00s (0.00s waiting)
 INFO Handling non-canceled request textDocument/semanticTokens/full (1116)
 INFO Language server processed event `LspRequest(textDocument/semanticTokens/full)` in 0.00s (0.00s waiting)
 INFO Handling non-canceled request textDocument/documentSymbol (1117)
 INFO Language server processed event `LspRequest(textDocument/documentSymbol)` in 0.00s (0.00s waiting)
 INFO Handling non-canceled request textDocument/codeLens (1118)
 INFO Language server processed event `LspRequest(textDocument/codeLens)` in 0.00s (0.00s waiting)
 INFO Handling non-canceled request textDocument/inlayHint (1119)
 INFO Language server processed event `LspRequest(textDocument/inlayHint)` in 0.00s (0.00s waiting)
 INFO Handling non-canceled request textDocument/hover (1120)
 INFO Language server processed event `LspRequest(textDocument/hover)` in 0.00s (0.00s waiting)
 INFO Handling non-canceled request textDocument/definition (1121)
 INFO Language server processed event `LspRequest(textDocument/definition)` in 0.00s (0.00s waiting)
 INFO Handling non-canceled request textDocument/hover (1122)
 INFO Language server processed event `LspRequest(textDocument/hover)` in 0.00s (0.00s waiting)
 INFO Handling non-canceled request textDocument/definition (1123)
 INFO Language server processed event `LspRequest(textDocument/definition)` in 0.00s (0.00s waiting)
 INFO Handling non-canceled request textDocument/documentHighlight (1124)
 INFO Language server processed event `LspRequest(textDocument/documentHighlight)` in 0.00s (0.00s waiting)
 INFO Handling non-canceled request textDocument/definition (1125)
 INFO Language server processed event `LspRequest(textDocument/definition)` in 0.00s (0.00s waiting)
 INFO Handling non-canceled request textDocument/codeAction (1126)
 INFO Language server processed event `LspRequest(textDocument/codeAction)` in 0.00s (0.00s waiting)
 INFO Handling non-canceled request textDocument/hover (1127)
 INFO Language server processed event `LspRequest(textDocument/hover)` in 0.00s (0.00s waiting)
 INFO Handling non-canceled request textDocument/documentHighlight (1128)
 INFO Language server processed event `LspRequest(textDocument/documentHighlight)` in 0.00s (0.00s waiting)
 INFO Handling non-canceled request textDocument/codeLens (1129)
 INFO Language server processed event `LspRequest(textDocument/codeLens)` in 0.00s (0.00s waiting)
 INFO Handling non-canceled request textDocument/codeAction (1130)
 INFO Language server processed event `LspRequest(textDocument/codeAction)` in 0.00s (0.00s waiting)
 INFO Handling non-canceled request textDocument/inlayHint (1131)
 INFO Language server processed event `LspRequest(textDocument/inlayHint)` in 0.00s (0.00s waiting)
 INFO Handling non-canceled request textDocument/inlayHint (1132)
 INFO Language server processed event `LspRequest(textDocument/inlayHint)` in 0.00s (0.00s waiting)
 INFO [Pyrefly] DidChangeWatchedFiles: 1 file(s) changed (0 created, 1 modified, 0 removed, 0 unknown)
 INFO Language server processed event `DidChangeWatchedFiles` in 0.00s (0.00s waiting)
 INFO Language server processed event `LspResponse` in 0.00s (0.00s waiting)
 INFO Invalidated state, prepare to recheck open files.
 INFO Ran task on recheck_queue heavy task queue. Queue time: 0.00, task time: 0.03
 INFO Published 1 diagnostics for file:///home/juan/projects/TermChat/termchat/chat.py
 INFO Published 0 diagnostics for file:///home/juan/projects/TermChat/termchat/history.py
 INFO Published 0 diagnostics for file:///home/juan/projects/TermChat/test_debug.py
 INFO Published 0 diagnostics for file:///home/juan/projects/TermChat/termchat/skills/base.py
 INFO Published 0 diagnostics for file:///home/juan/projects/TermChat/termchat/ui/app.py
 INFO Published 0 diagnostics for file:///home/juan/projects/TermChat/termchat/skills/parser.py
 INFO Published 0 diagnostics for file:///home/juan/projects/TermChat/termchat/config.py
 INFO Published 0 diagnostics for file:///home/juan/projects/TermChat/termchat/main.py
 INFO Validated open files and committed transaction.
 INFO Language server processed event `RecheckFinished` in 0.01s (0.00s waiting)
 INFO Language server processed event `LspResponse` in 0.00s (0.00s waiting)
 INFO Handling non-canceled request textDocument/semanticTokens/full (1133)
 INFO Language server processed event `LspRequest(textDocument/semanticTokens/full)` in 0.00s (0.00s waiting)
 INFO File /home/juan/projects/TermChat/termchat/chat.py changed, prepare to validate open files.
 INFO Published 1 diagnostics for file:///home/juan/projects/TermChat/termchat/chat.py
 INFO Published 0 diagnostics for file:///home/juan/projects/TermChat/termchat/history.py
 INFO Published 0 diagnostics for file:///home/juan/projects/TermChat/test_debug.py
 INFO Published 0 diagnostics for file:///home/juan/projects/TermChat/termchat/skills/base.py
 INFO Published 0 diagnostics for file:///home/juan/projects/TermChat/termchat/ui/app.py
 INFO Published 0 diagnostics for file:///home/juan/projects/TermChat/termchat/skills/parser.py
 INFO Published 0 diagnostics for file:///home/juan/projects/TermChat/termchat/config.py
 INFO Published 0 diagnostics for file:///home/juan/projects/TermChat/termchat/main.py
 INFO Validated open files and committed transaction.
 INFO Language server processed event `DidChangeTextDocument` in 0.04s (0.00s waiting)
 INFO Language server processed event `LspResponse` in 0.00s (0.00s waiting)
 INFO Handling non-canceled request textDocument/semanticTokens/full (1134)
 INFO Language server processed event `LspRequest(textDocument/semanticTokens/full)` in 0.00s (0.00s waiting)
 INFO Language server processed event `DidChangeWatchedFiles` in 0.00s (0.00s waiting)
 INFO Language server processed event `DidChangeWatchedFiles` in 0.00s (0.00s waiting)
