2026-05-19 08:25:44.200 [info] [main] Log level: Info
2026-05-19 08:25:44.200 [info] [main] Validating found git in: "git"
2026-05-19 08:25:44.200 [info] [main] Using git "2.54.0" from "git"
2026-05-19 08:25:44.200 [info] [Model][doInitialScan] Initial repository scan started
2026-05-19 08:25:44.200 [info] > git rev-parse --show-toplevel [7ms]
2026-05-19 08:25:44.200 [info] fatal: not a git repository (or any parent up to mount point /)
Stopping at filesystem boundary (GIT_DISCOVERY_ACROSS_FILESYSTEM not set).
2026-05-19 08:25:44.200 [info] [Model][doInitialScan] Initial repository scan completed - repositories (0), closed repositories (0), parent repositories (0), unsafe repositories (0)
2026-05-19 08:25:45.007 [info] > git rev-parse --show-toplevel [3ms]
2026-05-19 08:25:45.007 [info] fatal: not a git repository (or any parent up to mount point /)
Stopping at filesystem boundary (GIT_DISCOVERY_ACROSS_FILESYSTEM not set).
2026-05-19 08:25:45.292 [info] > git rev-parse --show-toplevel [3ms]
2026-05-19 08:25:45.292 [info] fatal: not a git repository (or any parent up to mount point /)
Stopping at filesystem boundary (GIT_DISCOVERY_ACROSS_FILESYSTEM not set).
2026-05-19 08:25:48.887 [info] > git rev-parse --show-toplevel [10ms]
2026-05-19 08:25:48.887 [info] fatal: not a git repository (or any parent up to mount point /)
Stopping at filesystem boundary (GIT_DISCOVERY_ACROSS_FILESYSTEM not set).
2026-05-19 08:25:50.293 [info] > git rev-parse --show-toplevel [5ms]
2026-05-19 08:25:50.293 [info] fatal: not a git repository (or any parent up to mount point /)
Stopping at filesystem boundary (GIT_DISCOVERY_ACROSS_FILESYSTEM not set).
2026-05-19 08:25:55.646 [info] > git rev-parse --show-toplevel [2ms]
2026-05-19 08:25:55.658 [info] > git rev-parse --git-dir --git-common-dir --show-superproject-working-tree [4ms]
2026-05-19 08:25:55.680 [info] [Model][openRepository] Opened repository (path): /home/juan/projects/TermChat
2026-05-19 08:25:55.680 [info] [Model][openRepository] Opened repository (real path): /home/juan/projects/TermChat
2026-05-19 08:25:55.680 [info] [Model][openRepository] Opened repository (kind): repository
2026-05-19 08:25:55.701 [info] > git config --get commit.template [6ms]
2026-05-19 08:25:55.702 [info] > git config --get --local core.virtualfilesystem [13ms]
2026-05-19 08:25:55.702 [warning] [Git][config] git config failed: Failed to execute git
2026-05-19 08:25:55.711 [info] [Git][getRemotes] No remotes found in the git config file
2026-05-19 08:25:55.713 [info] > git for-each-ref --format=%(refname)%00%(upstream:short)%00%(objectname)%00%(upstream:track)%00%(upstream:remotename)%00%(upstream:remoteref) refs/heads/master refs/remotes/master [2ms]
2026-05-19 08:25:55.713 [warning] [Git][getBranch] No such branch: master
2026-05-19 08:25:55.736 [info] > git status -z -uall [15ms]
2026-05-19 08:25:55.736 [info] > git for-each-ref --sort -committerdate --format %(refname)%00%(objectname)%00%(*objectname) [5ms]
2026-05-19 08:25:55.767 [info] > git for-each-ref --format=%(refname)%00%(upstream:short)%00%(objectname)%00%(upstream:track)%00%(upstream:remotename)%00%(upstream:remoteref) refs/heads/master refs/remotes/master [13ms]
2026-05-19 08:25:55.767 [warning] [Git][getBranch] No such branch: master
2026-05-19 08:25:55.768 [error] [GitHistoryProvider][resolveHEADMergeBase] Failed to resolve merge base for master: Error: No such branch: master.
2026-05-19 08:25:55.776 [info] > git config --get commit.template [10ms]
2026-05-19 08:25:55.784 [info] [Git][getRemotes] No remotes found in the git config file
2026-05-19 08:25:55.785 [info] > git for-each-ref --format=%(refname)%00%(upstream:short)%00%(objectname)%00%(upstream:track)%00%(upstream:remotename)%00%(upstream:remoteref) refs/heads/master refs/remotes/master [2ms]
2026-05-19 08:25:55.785 [warning] [Git][getBranch] No such branch: master
2026-05-19 08:25:55.799 [info] > git status -z -uall [7ms]
2026-05-19 08:25:55.800 [info] > git for-each-ref --sort -committerdate --format %(refname)%00%(objectname)%00%(*objectname) [2ms]
2026-05-19 08:25:56.247 [info] > git check-ignore -v -z --stdin [3ms]
2026-05-19 08:26:35.949 [info] > git config --get commit.template [2ms]
2026-05-19 08:26:35.959 [info] [Git][getRemotes] No remotes found in the git config file
2026-05-19 08:26:35.961 [info] > git for-each-ref --format=%(refname)%00%(upstream:short)%00%(objectname)%00%(upstream:track)%00%(upstream:remotename)%00%(upstream:remoteref) refs/heads/master refs/remotes/master [2ms]
2026-05-19 08:26:35.961 [warning] [Git][getBranch] No such branch: master
2026-05-19 08:26:35.989 [info] > git status -z -uall [17ms]
2026-05-19 08:26:35.989 [info] > git for-each-ref --sort -committerdate --format %(refname)%00%(objectname)%00%(*objectname) [4ms]
2026-05-19 08:26:36.014 [info] > git check-ignore -v -z --stdin [7ms]
2026-05-19 08:28:26.312 [info] > git check-ignore -v -z --stdin [3ms]
2026-05-19 08:28:26.983 [info] [Git][getRemotes] No remotes found in the git config file
2026-05-19 08:28:26.985 [info] > git config --get commit.template [9ms]
2026-05-19 08:28:26.985 [info] > git for-each-ref --format=%(refname)%00%(upstream:short)%00%(objectname)%00%(upstream:track)%00%(upstream:remotename)%00%(upstream:remoteref) refs/heads/master refs/remotes/master [2ms]
2026-05-19 08:28:26.986 [warning] [Git][getBranch] No such branch: master
2026-05-19 08:28:26.999 [info] > git status -z -uall [7ms]
2026-05-19 08:28:27.001 [info] > git for-each-ref --sort -committerdate --format %(refname)%00%(objectname)%00%(*objectname) [3ms]
2026-05-19 08:28:27.018 [info] > git check-ignore -v -z --stdin [3ms]
2026-05-19 08:29:31.470 [info] > git config --get commit.template [1ms]
2026-05-19 08:29:31.477 [info] [Git][getRemotes] No remotes found in the git config file
2026-05-19 08:29:31.479 [info] > git for-each-ref --format=%(refname)%00%(upstream:short)%00%(objectname)%00%(upstream:track)%00%(upstream:remotename)%00%(upstream:remoteref) refs/heads/master refs/remotes/master [2ms]
2026-05-19 08:29:31.479 [warning] [Git][getBranch] No such branch: master
2026-05-19 08:29:31.507 [info] > git status -z -uall [21ms]
2026-05-19 08:29:31.507 [info] > git check-ignore -v -z --stdin [2ms]
2026-05-19 08:29:31.509 [info] > git for-each-ref --sort -committerdate --format %(refname)%00%(objectname)%00%(*objectname) [13ms]
2026-05-19 08:29:38.601 [info] [Git][getRemotes] No remotes found in the git config file
2026-05-19 08:29:38.602 [info] > git config --get commit.template [8ms]
2026-05-19 08:29:38.603 [info] > git for-each-ref --format=%(refname)%00%(upstream:short)%00%(objectname)%00%(upstream:track)%00%(upstream:remotename)%00%(upstream:remoteref) refs/heads/master refs/remotes/master [3ms]
2026-05-19 08:29:38.603 [warning] [Git][getBranch] No such branch: master
2026-05-19 08:29:38.616 [info] > git status -z -uall [8ms]
2026-05-19 08:29:38.618 [info] > git for-each-ref --sort -committerdate --format %(refname)%00%(objectname)%00%(*objectname) [3ms]
2026-05-19 08:29:52.719 [info] [Git][getRemotes] No remotes found in the git config file
2026-05-19 08:29:52.720 [info] > git config --get commit.template [8ms]
2026-05-19 08:29:52.721 [info] > git for-each-ref --format=%(refname)%00%(upstream:short)%00%(objectname)%00%(upstream:track)%00%(upstream:remotename)%00%(upstream:remoteref) refs/heads/master refs/remotes/master [2ms]
2026-05-19 08:29:52.721 [warning] [Git][getBranch] No such branch: master
2026-05-19 08:29:52.735 [info] > git status -z -uall [8ms]
2026-05-19 08:29:52.737 [info] > git for-each-ref --sort -committerdate --format %(refname)%00%(objectname)%00%(*objectname) [3ms]
2026-05-19 08:30:18.714 [info] [Git][getRemotes] No remotes found in the git config file
2026-05-19 08:30:18.715 [info] > git config --get commit.template [8ms]
2026-05-19 08:30:18.715 [info] > git for-each-ref --format=%(refname)%00%(upstream:short)%00%(objectname)%00%(upstream:track)%00%(upstream:remotename)%00%(upstream:remoteref) refs/heads/master refs/remotes/master [2ms]
2026-05-19 08:30:18.716 [warning] [Git][getBranch] No such branch: master
2026-05-19 08:30:18.731 [info] > git status -z -uall [8ms]
2026-05-19 08:30:18.739 [info] > git for-each-ref --sort -committerdate --format %(refname)%00%(objectname)%00%(*objectname) [10ms]
2026-05-19 08:30:18.744 [info] > git check-ignore -v -z --stdin [6ms]
2026-05-19 08:40:30.701 [info] > git config --get commit.template [32ms]
2026-05-19 08:40:30.725 [info] [Git][getRemotes] No remotes found in the git config file
2026-05-19 08:40:30.745 [info] > git for-each-ref --format=%(refname)%00%(upstream:short)%00%(objectname)%00%(upstream:track)%00%(upstream:remotename)%00%(upstream:remoteref) refs/heads/master refs/remotes/master [21ms]
2026-05-19 08:40:30.746 [warning] [Git][getBranch] No such branch: master
2026-05-19 08:40:30.779 [info] > git status -z -uall [21ms]
2026-05-19 08:40:30.779 [info] > git for-each-ref --sort -committerdate --format %(refname)%00%(objectname)%00%(*objectname) [8ms]
2026-05-19 08:41:14.395 [info] > git check-ignore -v -z --stdin [2ms]
2026-05-19 08:41:15.127 [info] [Git][getRemotes] No remotes found in the git config file
2026-05-19 08:41:15.129 [info] > git config --get commit.template [19ms]
2026-05-19 08:41:15.130 [info] > git for-each-ref --format=%(refname)%00%(upstream:short)%00%(objectname)%00%(upstream:track)%00%(upstream:remotename)%00%(upstream:remoteref) refs/heads/master refs/remotes/master [3ms]
2026-05-19 08:41:15.130 [warning] [Git][getBranch] No such branch: master
2026-05-19 08:41:15.164 [info] > git status -z -uall [18ms]
2026-05-19 08:41:15.165 [info] > git for-each-ref --sort -committerdate --format %(refname)%00%(objectname)%00%(*objectname) [3ms]
2026-05-19 08:41:23.074 [info] [Git][getRemotes] No remotes found in the git config file
2026-05-19 08:41:23.075 [info] > git config --get commit.template [16ms]
2026-05-19 08:41:23.076 [info] > git for-each-ref --format=%(refname)%00%(upstream:short)%00%(objectname)%00%(upstream:track)%00%(upstream:remotename)%00%(upstream:remoteref) refs/heads/master refs/remotes/master [3ms]
2026-05-19 08:41:23.076 [warning] [Git][getBranch] No such branch: master
2026-05-19 08:41:23.104 [info] > git status -z -uall [15ms]
2026-05-19 08:41:23.105 [info] > git for-each-ref --sort -committerdate --format %(refname)%00%(objectname)%00%(*objectname) [2ms]
2026-05-19 08:42:04.311 [info] [Git][getRemotes] No remotes found in the git config file
2026-05-19 08:42:04.312 [info] > git config --get commit.template [18ms]
2026-05-19 08:42:04.312 [info] > git for-each-ref --format=%(refname)%00%(upstream:short)%00%(objectname)%00%(upstream:track)%00%(upstream:remotename)%00%(upstream:remoteref) refs/heads/master refs/remotes/master [2ms]
2026-05-19 08:42:04.313 [warning] [Git][getBranch] No such branch: master
2026-05-19 08:42:04.345 [info] > git status -z -uall [17ms]
2026-05-19 08:42:04.346 [info] > git for-each-ref --sort -committerdate --format %(refname)%00%(objectname)%00%(*objectname) [2ms]
2026-05-19 08:42:10.179 [info] [Git][getRemotes] No remotes found in the git config file
2026-05-19 08:42:10.195 [info] > git config --get commit.template [17ms]
2026-05-19 08:42:10.196 [info] > git for-each-ref --format=%(refname)%00%(upstream:short)%00%(objectname)%00%(upstream:track)%00%(upstream:remotename)%00%(upstream:remoteref) refs/heads/master refs/remotes/master [3ms]
2026-05-19 08:42:10.196 [warning] [Git][getBranch] No such branch: master
2026-05-19 08:42:10.228 [info] > git status -z -uall [18ms]
2026-05-19 08:42:10.229 [info] > git for-each-ref --sort -committerdate --format %(refname)%00%(objectname)%00%(*objectname) [3ms]
2026-05-19 08:43:33.632 [info] > git config --get commit.template [3ms]
2026-05-19 08:43:33.633 [info] [Git][getRemotes] No remotes found in the git config file
2026-05-19 08:43:33.647 [info] > git for-each-ref --format=%(refname)%00%(upstream:short)%00%(objectname)%00%(upstream:track)%00%(upstream:remotename)%00%(upstream:remoteref) refs/heads/master refs/remotes/master [3ms]
2026-05-19 08:43:33.647 [warning] [Git][getBranch] No such branch: master
2026-05-19 08:43:33.673 [info] > git status -z -uall [14ms]
2026-05-19 08:43:33.674 [info] > git for-each-ref --sort -committerdate --format %(refname)%00%(objectname)%00%(*objectname) [2ms]
2026-05-19 08:44:57.389 [info] [Git][getRemotes] No remotes found in the git config file
2026-05-19 08:44:57.390 [info] > git config --get commit.template [17ms]
2026-05-19 08:44:57.391 [info] > git for-each-ref --format=%(refname)%00%(upstream:short)%00%(objectname)%00%(upstream:track)%00%(upstream:remotename)%00%(upstream:remoteref) refs/heads/master refs/remotes/master [2ms]
2026-05-19 08:44:57.391 [warning] [Git][getBranch] No such branch: master
2026-05-19 08:44:57.440 [info] > git status -z -uall [34ms]
2026-05-19 08:44:57.440 [info] > git for-each-ref --sort -committerdate --format %(refname)%00%(objectname)%00%(*objectname) [18ms]
2026-05-19 08:44:57.447 [info] > git check-ignore -v -z --stdin [8ms]
2026-05-19 08:45:27.181 [info] > git config --get commit.template [3ms]
2026-05-19 08:45:27.195 [info] [Git][getRemotes] No remotes found in the git config file
2026-05-19 08:45:27.211 [info] > git for-each-ref --format=%(refname)%00%(upstream:short)%00%(objectname)%00%(upstream:track)%00%(upstream:remotename)%00%(upstream:remoteref) refs/heads/master refs/remotes/master [16ms]
2026-05-19 08:45:27.211 [warning] [Git][getBranch] No such branch: master
2026-05-19 08:45:27.241 [info] > git status -z -uall [17ms]
2026-05-19 08:45:27.245 [info] > git for-each-ref --sort -committerdate --format %(refname)%00%(objectname)%00%(*objectname) [7ms]
2026-05-19 08:45:32.284 [info] [Git][getRemotes] No remotes found in the git config file
2026-05-19 08:45:32.286 [info] > git config --get commit.template [17ms]
2026-05-19 08:45:32.287 [info] > git for-each-ref --format=%(refname)%00%(upstream:short)%00%(objectname)%00%(upstream:track)%00%(upstream:remotename)%00%(upstream:remoteref) refs/heads/master refs/remotes/master [3ms]
2026-05-19 08:45:32.287 [warning] [Git][getBranch] No such branch: master
2026-05-19 08:45:32.320 [info] > git status -z -uall [18ms]
2026-05-19 08:45:32.322 [info] > git for-each-ref --sort -committerdate --format %(refname)%00%(objectname)%00%(*objectname) [3ms]
2026-05-19 08:45:37.980 [info] [Git][getRemotes] No remotes found in the git config file
2026-05-19 08:45:37.981 [info] > git config --get commit.template [16ms]
2026-05-19 08:45:37.982 [info] > git for-each-ref --format=%(refname)%00%(upstream:short)%00%(objectname)%00%(upstream:track)%00%(upstream:remotename)%00%(upstream:remoteref) refs/heads/master refs/remotes/master [3ms]
2026-05-19 08:45:37.982 [warning] [Git][getBranch] No such branch: master
2026-05-19 08:45:38.012 [info] > git status -z -uall [17ms]
2026-05-19 08:45:38.013 [info] > git for-each-ref --sort -committerdate --format %(refname)%00%(objectname)%00%(*objectname) [3ms]
2026-05-19 08:45:49.557 [info] > git config --get commit.template [2ms]
2026-05-19 08:45:49.571 [info] [Git][getRemotes] No remotes found in the git config file
2026-05-19 08:45:49.572 [info] > git for-each-ref --format=%(refname)%00%(upstream:short)%00%(objectname)%00%(upstream:track)%00%(upstream:remotename)%00%(upstream:remoteref) refs/heads/master refs/remotes/master [2ms]
2026-05-19 08:45:49.572 [warning] [Git][getBranch] No such branch: master
2026-05-19 08:45:49.601 [info] > git status -z -uall [16ms]
2026-05-19 08:45:49.602 [info] > git for-each-ref --sort -committerdate --format %(refname)%00%(objectname)%00%(*objectname) [4ms]
2026-05-19 08:46:14.231 [info] > git config --get commit.template [3ms]
2026-05-19 08:46:14.244 [info] [Git][getRemotes] No remotes found in the git config file
2026-05-19 08:46:14.246 [info] > git for-each-ref --format=%(refname)%00%(upstream:short)%00%(objectname)%00%(upstream:track)%00%(upstream:remotename)%00%(upstream:remoteref) refs/heads/master refs/remotes/master [2ms]
2026-05-19 08:46:14.246 [warning] [Git][getBranch] No such branch: master
2026-05-19 08:46:14.275 [info] > git status -z -uall [15ms]
2026-05-19 08:46:14.276 [info] > git for-each-ref --sort -committerdate --format %(refname)%00%(objectname)%00%(*objectname) [2ms]
2026-05-19 08:46:19.309 [info] [Git][getRemotes] No remotes found in the git config file
2026-05-19 08:46:19.310 [info] > git config --get commit.template [14ms]
2026-05-19 08:46:19.310 [info] > git for-each-ref --format=%(refname)%00%(upstream:short)%00%(objectname)%00%(upstream:track)%00%(upstream:remotename)%00%(upstream:remoteref) refs/heads/master refs/remotes/master [2ms]
2026-05-19 08:46:19.311 [warning] [Git][getBranch] No such branch: master
2026-05-19 08:46:19.339 [info] > git status -z -uall [16ms]
2026-05-19 08:46:19.340 [info] > git for-each-ref --sort -committerdate --format %(refname)%00%(objectname)%00%(*objectname) [4ms]
2026-05-19 08:46:24.376 [info] [Git][getRemotes] No remotes found in the git config file
2026-05-19 08:46:24.378 [info] > git for-each-ref --format=%(refname)%00%(upstream:short)%00%(objectname)%00%(upstream:track)%00%(upstream:remotename)%00%(upstream:remoteref) refs/heads/master refs/remotes/master [3ms]
2026-05-19 08:46:24.378 [warning] [Git][getBranch] No such branch: master
2026-05-19 08:46:24.378 [info] > git config --get commit.template [17ms]
2026-05-19 08:46:24.411 [info] > git status -z -uall [17ms]
2026-05-19 08:46:24.412 [info] > git for-each-ref --sort -committerdate --format %(refname)%00%(objectname)%00%(*objectname) [2ms]
2026-05-19 08:46:29.448 [info] [Git][getRemotes] No remotes found in the git config file
2026-05-19 08:46:29.448 [info] > git config --get commit.template [14ms]
2026-05-19 08:46:29.449 [info] > git for-each-ref --format=%(refname)%00%(upstream:short)%00%(objectname)%00%(upstream:track)%00%(upstream:remotename)%00%(upstream:remoteref) refs/heads/master refs/remotes/master [2ms]
2026-05-19 08:46:29.449 [warning] [Git][getBranch] No such branch: master
2026-05-19 08:46:29.475 [info] > git status -z -uall [14ms]
2026-05-19 08:46:29.476 [info] > git for-each-ref --sort -committerdate --format %(refname)%00%(objectname)%00%(*objectname) [2ms]
2026-05-19 08:46:45.038 [info] > git config --get commit.template [3ms]
2026-05-19 08:46:45.052 [info] [Git][getRemotes] No remotes found in the git config file
2026-05-19 08:46:45.054 [info] > git for-each-ref --format=%(refname)%00%(upstream:short)%00%(objectname)%00%(upstream:track)%00%(upstream:remotename)%00%(upstream:remoteref) refs/heads/master refs/remotes/master [2ms]
2026-05-19 08:46:45.054 [warning] [Git][getBranch] No such branch: master
2026-05-19 08:46:45.081 [info] > git status -z -uall [14ms]
2026-05-19 08:46:45.082 [info] > git for-each-ref --sort -committerdate --format %(refname)%00%(objectname)%00%(*objectname) [3ms]
2026-05-19 08:46:50.115 [info] [Git][getRemotes] No remotes found in the git config file
2026-05-19 08:46:50.116 [info] > git config --get commit.template [15ms]
2026-05-19 08:46:50.116 [info] > git for-each-ref --format=%(refname)%00%(upstream:short)%00%(objectname)%00%(upstream:track)%00%(upstream:remotename)%00%(upstream:remoteref) refs/heads/master refs/remotes/master [2ms]
2026-05-19 08:46:50.116 [warning] [Git][getBranch] No such branch: master
2026-05-19 08:46:50.144 [info] > git status -z -uall [14ms]
2026-05-19 08:46:50.147 [info] > git for-each-ref --sort -committerdate --format %(refname)%00%(objectname)%00%(*objectname) [3ms]
2026-05-19 08:46:55.179 [info] [Git][getRemotes] No remotes found in the git config file
2026-05-19 08:46:55.181 [info] > git config --get commit.template [16ms]
2026-05-19 08:46:55.181 [info] > git for-each-ref --format=%(refname)%00%(upstream:short)%00%(objectname)%00%(upstream:track)%00%(upstream:remotename)%00%(upstream:remoteref) refs/heads/master refs/remotes/master [2ms]
2026-05-19 08:46:55.181 [warning] [Git][getBranch] No such branch: master
2026-05-19 08:46:55.209 [info] > git status -z -uall [15ms]
2026-05-19 08:46:55.210 [info] > git for-each-ref --sort -committerdate --format %(refname)%00%(objectname)%00%(*objectname) [3ms]
2026-05-19 08:47:00.243 [info] [Git][getRemotes] No remotes found in the git config file
2026-05-19 08:47:00.244 [info] > git config --get commit.template [14ms]
2026-05-19 08:47:00.244 [info] > git for-each-ref --format=%(refname)%00%(upstream:short)%00%(objectname)%00%(upstream:track)%00%(upstream:remotename)%00%(upstream:remoteref) refs/heads/master refs/remotes/master [2ms]
2026-05-19 08:47:00.244 [warning] [Git][getBranch] No such branch: master
2026-05-19 08:47:00.271 [info] > git status -z -uall [15ms]
2026-05-19 08:47:00.272 [info] > git for-each-ref --sort -committerdate --format %(refname)%00%(objectname)%00%(*objectname) [2ms]
2026-05-19 08:47:05.294 [info] [Git][getRemotes] No remotes found in the git config file
2026-05-19 08:47:05.307 [info] > git config --get commit.template [15ms]
2026-05-19 08:47:05.309 [info] > git for-each-ref --format=%(refname)%00%(upstream:short)%00%(objectname)%00%(upstream:track)%00%(upstream:remotename)%00%(upstream:remoteref) refs/heads/master refs/remotes/master [3ms]
2026-05-19 08:47:05.309 [warning] [Git][getBranch] No such branch: master
2026-05-19 08:47:05.337 [info] > git status -z -uall [15ms]
2026-05-19 08:47:05.339 [info] > git for-each-ref --sort -committerdate --format %(refname)%00%(objectname)%00%(*objectname) [3ms]
2026-05-19 08:47:23.553 [info] > git config --get commit.template [2ms]
2026-05-19 08:47:23.574 [info] [Git][getRemotes] No remotes found in the git config file
2026-05-19 08:47:23.583 [info] > git for-each-ref --format=%(refname)%00%(upstream:short)%00%(objectname)%00%(upstream:track)%00%(upstream:remotename)%00%(upstream:remoteref) refs/heads/master refs/remotes/master [10ms]
2026-05-19 08:47:23.583 [warning] [Git][getBranch] No such branch: master
2026-05-19 08:47:23.614 [info] > git status -z -uall [16ms]
2026-05-19 08:47:23.616 [info] > git for-each-ref --sort -committerdate --format %(refname)%00%(objectname)%00%(*objectname) [3ms]
2026-05-19 08:47:28.653 [info] [Git][getRemotes] No remotes found in the git config file
2026-05-19 08:47:28.654 [info] > git config --get commit.template [15ms]
2026-05-19 08:47:28.655 [info] > git for-each-ref --format=%(refname)%00%(upstream:short)%00%(objectname)%00%(upstream:track)%00%(upstream:remotename)%00%(upstream:remoteref) refs/heads/master refs/remotes/master [2ms]
2026-05-19 08:47:28.656 [warning] [Git][getBranch] No such branch: master
2026-05-19 08:47:28.686 [info] > git status -z -uall [17ms]
2026-05-19 08:47:28.688 [info] > git for-each-ref --sort -committerdate --format %(refname)%00%(objectname)%00%(*objectname) [5ms]
2026-05-19 08:47:33.720 [info] [Git][getRemotes] No remotes found in the git config file
2026-05-19 08:47:33.721 [info] > git config --get commit.template [15ms]
2026-05-19 08:47:33.722 [info] > git for-each-ref --format=%(refname)%00%(upstream:short)%00%(objectname)%00%(upstream:track)%00%(upstream:remotename)%00%(upstream:remoteref) refs/heads/master refs/remotes/master [2ms]
2026-05-19 08:47:33.722 [warning] [Git][getBranch] No such branch: master
2026-05-19 08:47:33.751 [info] > git status -z -uall [15ms]
2026-05-19 08:47:33.752 [info] > git for-each-ref --sort -committerdate --format %(refname)%00%(objectname)%00%(*objectname) [3ms]
2026-05-19 08:47:38.787 [info] [Git][getRemotes] No remotes found in the git config file
2026-05-19 08:47:38.788 [info] > git config --get commit.template [14ms]
2026-05-19 08:47:38.789 [info] > git for-each-ref --format=%(refname)%00%(upstream:short)%00%(objectname)%00%(upstream:track)%00%(upstream:remotename)%00%(upstream:remoteref) refs/heads/master refs/remotes/master [2ms]
2026-05-19 08:47:38.789 [warning] [Git][getBranch] No such branch: master
2026-05-19 08:47:38.820 [info] > git status -z -uall [19ms]
2026-05-19 08:47:38.820 [info] > git for-each-ref --sort -committerdate --format %(refname)%00%(objectname)%00%(*objectname) [6ms]
2026-05-19 08:47:43.856 [info] [Git][getRemotes] No remotes found in the git config file
2026-05-19 08:47:43.857 [info] > git config --get commit.template [15ms]
2026-05-19 08:47:43.858 [info] > git for-each-ref --format=%(refname)%00%(upstream:short)%00%(objectname)%00%(upstream:track)%00%(upstream:remotename)%00%(upstream:remoteref) refs/heads/master refs/remotes/master [2ms]
2026-05-19 08:47:43.858 [warning] [Git][getBranch] No such branch: master
2026-05-19 08:47:43.883 [info] > git status -z -uall [13ms]
2026-05-19 08:47:43.885 [info] > git for-each-ref --sort -committerdate --format %(refname)%00%(objectname)%00%(*objectname) [3ms]
2026-05-19 08:47:53.120 [info] [Git][getRemotes] No remotes found in the git config file
2026-05-19 08:47:53.121 [info] > git config --get commit.template [15ms]
2026-05-19 08:47:53.121 [info] > git for-each-ref --format=%(refname)%00%(upstream:short)%00%(objectname)%00%(upstream:track)%00%(upstream:remotename)%00%(upstream:remoteref) refs/heads/master refs/remotes/master [2ms]
2026-05-19 08:47:53.122 [warning] [Git][getBranch] No such branch: master
2026-05-19 08:47:53.149 [info] > git status -z -uall [14ms]
2026-05-19 08:47:53.150 [info] > git for-each-ref --sort -committerdate --format %(refname)%00%(objectname)%00%(*objectname) [3ms]
2026-05-19 08:47:58.607 [info] [Git][getRemotes] No remotes found in the git config file
2026-05-19 08:47:58.608 [info] > git config --get commit.template [15ms]
2026-05-19 08:47:58.612 [info] > git for-each-ref --format=%(refname)%00%(upstream:short)%00%(objectname)%00%(upstream:track)%00%(upstream:remotename)%00%(upstream:remoteref) refs/heads/master refs/remotes/master [6ms]
2026-05-19 08:47:58.612 [warning] [Git][getBranch] No such branch: master
2026-05-19 08:47:58.638 [info] > git status -z -uall [14ms]
2026-05-19 08:47:58.640 [info] > git for-each-ref --sort -committerdate --format %(refname)%00%(objectname)%00%(*objectname) [3ms]
2026-05-19 08:48:03.676 [info] [Git][getRemotes] No remotes found in the git config file
2026-05-19 08:48:03.678 [info] > git config --get commit.template [16ms]
2026-05-19 08:48:03.679 [info] > git for-each-ref --format=%(refname)%00%(upstream:short)%00%(objectname)%00%(upstream:track)%00%(upstream:remotename)%00%(upstream:remoteref) refs/heads/master refs/remotes/master [4ms]
2026-05-19 08:48:03.679 [warning] [Git][getBranch] No such branch: master
2026-05-19 08:48:03.715 [info] > git status -z -uall [22ms]
2026-05-19 08:48:03.715 [info] > git for-each-ref --sort -committerdate --format %(refname)%00%(objectname)%00%(*objectname) [9ms]
2026-05-19 08:48:08.752 [info] [Git][getRemotes] No remotes found in the git config file
2026-05-19 08:48:08.752 [info] > git config --get commit.template [16ms]
2026-05-19 08:48:08.753 [info] > git for-each-ref --format=%(refname)%00%(upstream:short)%00%(objectname)%00%(upstream:track)%00%(upstream:remotename)%00%(upstream:remoteref) refs/heads/master refs/remotes/master [2ms]
2026-05-19 08:48:08.753 [warning] [Git][getBranch] No such branch: master
2026-05-19 08:48:08.781 [info] > git status -z -uall [14ms]
2026-05-19 08:48:08.782 [info] > git for-each-ref --sort -committerdate --format %(refname)%00%(objectname)%00%(*objectname) [3ms]
2026-05-19 08:48:13.815 [info] [Git][getRemotes] No remotes found in the git config file
2026-05-19 08:48:13.816 [info] > git config --get commit.template [15ms]
2026-05-19 08:48:13.817 [info] > git for-each-ref --format=%(refname)%00%(upstream:short)%00%(objectname)%00%(upstream:track)%00%(upstream:remotename)%00%(upstream:remoteref) refs/heads/master refs/remotes/master [2ms]
2026-05-19 08:48:13.817 [warning] [Git][getBranch] No such branch: master
2026-05-19 08:48:13.852 [info] > git status -z -uall [22ms]
2026-05-19 08:48:13.852 [info] > git for-each-ref --sort -committerdate --format %(refname)%00%(objectname)%00%(*objectname) [7ms]
2026-05-19 08:48:18.883 [info] [Git][getRemotes] No remotes found in the git config file
2026-05-19 08:48:18.886 [info] > git for-each-ref --format=%(refname)%00%(upstream:short)%00%(objectname)%00%(upstream:track)%00%(upstream:remotename)%00%(upstream:remoteref) refs/heads/master refs/remotes/master [3ms]
2026-05-19 08:48:18.886 [warning] [Git][getBranch] No such branch: master
2026-05-19 08:48:18.886 [info] > git config --get commit.template [16ms]
2026-05-19 08:48:18.912 [info] > git status -z -uall [14ms]
2026-05-19 08:48:18.913 [info] > git for-each-ref --sort -committerdate --format %(refname)%00%(objectname)%00%(*objectname) [2ms]
2026-05-19 08:48:23.947 [info] [Git][getRemotes] No remotes found in the git config file
2026-05-19 08:48:23.948 [info] > git config --get commit.template [16ms]
2026-05-19 08:48:23.949 [info] > git for-each-ref --format=%(refname)%00%(upstream:short)%00%(objectname)%00%(upstream:track)%00%(upstream:remotename)%00%(upstream:remoteref) refs/heads/master refs/remotes/master [3ms]
2026-05-19 08:48:23.950 [warning] [Git][getBranch] No such branch: master
2026-05-19 08:48:23.980 [info] > git status -z -uall [17ms]
2026-05-19 08:48:23.980 [info] > git for-each-ref --sort -committerdate --format %(refname)%00%(objectname)%00%(*objectname) [3ms]
2026-05-19 08:48:29.012 [info] [Git][getRemotes] No remotes found in the git config file
2026-05-19 08:48:29.013 [info] > git config --get commit.template [14ms]
2026-05-19 08:48:29.014 [info] > git for-each-ref --format=%(refname)%00%(upstream:short)%00%(objectname)%00%(upstream:track)%00%(upstream:remotename)%00%(upstream:remoteref) refs/heads/master refs/remotes/master [2ms]
2026-05-19 08:48:29.014 [warning] [Git][getBranch] No such branch: master
2026-05-19 08:48:29.043 [info] > git status -z -uall [15ms]
2026-05-19 08:48:29.045 [info] > git for-each-ref --sort -committerdate --format %(refname)%00%(objectname)%00%(*objectname) [3ms]
2026-05-19 08:48:34.066 [info] > git config --get commit.template [2ms]
2026-05-19 08:48:34.080 [info] [Git][getRemotes] No remotes found in the git config file
2026-05-19 08:48:34.081 [info] > git for-each-ref --format=%(refname)%00%(upstream:short)%00%(objectname)%00%(upstream:track)%00%(upstream:remotename)%00%(upstream:remoteref) refs/heads/master refs/remotes/master [2ms]
2026-05-19 08:48:34.081 [warning] [Git][getBranch] No such branch: master
2026-05-19 08:48:34.110 [info] > git status -z -uall [15ms]
2026-05-19 08:48:34.111 [info] > git for-each-ref --sort -committerdate --format %(refname)%00%(objectname)%00%(*objectname) [2ms]
2026-05-19 08:48:39.143 [info] [Git][getRemotes] No remotes found in the git config file
2026-05-19 08:48:39.146 [info] > git for-each-ref --format=%(refname)%00%(upstream:short)%00%(objectname)%00%(upstream:track)%00%(upstream:remotename)%00%(upstream:remoteref) refs/heads/master refs/remotes/master [3ms]
2026-05-19 08:48:39.146 [warning] [Git][getBranch] No such branch: master
2026-05-19 08:48:39.146 [info] > git config --get commit.template [17ms]
2026-05-19 08:48:39.173 [info] > git status -z -uall [15ms]
2026-05-19 08:48:39.174 [info] > git for-each-ref --sort -committerdate --format %(refname)%00%(objectname)%00%(*objectname) [3ms]
2026-05-19 08:48:44.190 [info] [Git][getRemotes] No remotes found in the git config file
2026-05-19 08:48:44.201 [info] > git config --get commit.template [12ms]
2026-05-19 08:48:44.202 [info] > git for-each-ref --format=%(refname)%00%(upstream:short)%00%(objectname)%00%(upstream:track)%00%(upstream:remotename)%00%(upstream:remoteref) refs/heads/master refs/remotes/master [2ms]
2026-05-19 08:48:44.202 [warning] [Git][getBranch] No such branch: master
2026-05-19 08:48:44.225 [info] > git status -z -uall [12ms]
2026-05-19 08:48:44.227 [info] > git for-each-ref --sort -committerdate --format %(refname)%00%(objectname)%00%(*objectname) [1ms]
2026-05-19 08:48:56.614 [info] > git config --get commit.template [2ms]
2026-05-19 08:48:56.627 [info] [Git][getRemotes] No remotes found in the git config file
2026-05-19 08:48:56.629 [info] > git for-each-ref --format=%(refname)%00%(upstream:short)%00%(objectname)%00%(upstream:track)%00%(upstream:remotename)%00%(upstream:remoteref) refs/heads/master refs/remotes/master [2ms]
2026-05-19 08:48:56.629 [warning] [Git][getBranch] No such branch: master
2026-05-19 08:48:56.657 [info] > git status -z -uall [15ms]
2026-05-19 08:48:56.659 [info] > git for-each-ref --sort -committerdate --format %(refname)%00%(objectname)%00%(*objectname) [3ms]
2026-05-19 08:49:02.730 [info] > git config --get commit.template [10ms]
2026-05-19 08:49:02.748 [info] [Git][getRemotes] No remotes found in the git config file
2026-05-19 08:49:02.783 [info] > git for-each-ref --format=%(refname)%00%(upstream:short)%00%(objectname)%00%(upstream:track)%00%(upstream:remotename)%00%(upstream:remoteref) refs/heads/master refs/remotes/master [35ms]
2026-05-19 08:49:02.783 [warning] [Git][getBranch] No such branch: master
2026-05-19 08:49:02.815 [info] > git status -z -uall [20ms]
2026-05-19 08:49:02.816 [info] > git for-each-ref --sort -committerdate --format %(refname)%00%(objectname)%00%(*objectname) [7ms]
2026-05-19 08:49:07.838 [info] > git config --get commit.template [2ms]
2026-05-19 08:49:07.853 [info] [Git][getRemotes] No remotes found in the git config file
2026-05-19 08:49:07.855 [info] > git for-each-ref --format=%(refname)%00%(upstream:short)%00%(objectname)%00%(upstream:track)%00%(upstream:remotename)%00%(upstream:remoteref) refs/heads/master refs/remotes/master [3ms]
2026-05-19 08:49:07.855 [warning] [Git][getBranch] No such branch: master
2026-05-19 08:49:07.884 [info] > git status -z -uall [15ms]
2026-05-19 08:49:07.885 [info] > git for-each-ref --sort -committerdate --format %(refname)%00%(objectname)%00%(*objectname) [2ms]
2026-05-19 08:49:12.919 [info] [Git][getRemotes] No remotes found in the git config file
2026-05-19 08:49:12.920 [info] > git config --get commit.template [15ms]
2026-05-19 08:49:12.920 [info] > git for-each-ref --format=%(refname)%00%(upstream:short)%00%(objectname)%00%(upstream:track)%00%(upstream:remotename)%00%(upstream:remoteref) refs/heads/master refs/remotes/master [2ms]
2026-05-19 08:49:12.920 [warning] [Git][getBranch] No such branch: master
2026-05-19 08:49:12.950 [info] > git status -z -uall [16ms]
2026-05-19 08:49:12.951 [info] > git for-each-ref --sort -committerdate --format %(refname)%00%(objectname)%00%(*objectname) [3ms]
2026-05-19 08:49:17.987 [info] [Git][getRemotes] No remotes found in the git config file
2026-05-19 08:49:17.990 [info] > git config --get commit.template [17ms]
2026-05-19 08:49:17.991 [info] > git for-each-ref --format=%(refname)%00%(upstream:short)%00%(objectname)%00%(upstream:track)%00%(upstream:remotename)%00%(upstream:remoteref) refs/heads/master refs/remotes/master [4ms]
2026-05-19 08:49:17.991 [warning] [Git][getBranch] No such branch: master
2026-05-19 08:49:18.022 [info] > git status -z -uall [17ms]
2026-05-19 08:49:18.025 [info] > git for-each-ref --sort -committerdate --format %(refname)%00%(objectname)%00%(*objectname) [4ms]
2026-05-19 08:49:23.047 [info] > git config --get commit.template [2ms]
2026-05-19 08:49:23.060 [info] [Git][getRemotes] No remotes found in the git config file
2026-05-19 08:49:23.062 [info] > git for-each-ref --format=%(refname)%00%(upstream:short)%00%(objectname)%00%(upstream:track)%00%(upstream:remotename)%00%(upstream:remoteref) refs/heads/master refs/remotes/master [2ms]
2026-05-19 08:49:23.062 [warning] [Git][getBranch] No such branch: master
2026-05-19 08:49:23.089 [info] > git status -z -uall [14ms]
2026-05-19 08:49:23.091 [info] > git for-each-ref --sort -committerdate --format %(refname)%00%(objectname)%00%(*objectname) [3ms]
2026-05-19 08:49:28.909 [info] [Git][getRemotes] No remotes found in the git config file
2026-05-19 08:49:28.921 [info] > git for-each-ref --format=%(refname)%00%(upstream:short)%00%(objectname)%00%(upstream:track)%00%(upstream:remotename)%00%(upstream:remoteref) refs/heads/master refs/remotes/master [12ms]
2026-05-19 08:49:28.921 [warning] [Git][getBranch] No such branch: master
2026-05-19 08:49:28.922 [info] > git config --get commit.template [28ms]
2026-05-19 08:49:28.956 [info] > git status -z -uall [20ms]
2026-05-19 08:49:28.956 [info] > git for-each-ref --sort -committerdate --format %(refname)%00%(objectname)%00%(*objectname) [6ms]
2026-05-19 08:49:33.977 [info] [Git][getRemotes] No remotes found in the git config file
2026-05-19 08:49:33.990 [info] > git config --get commit.template [15ms]
2026-05-19 08:49:33.991 [info] > git for-each-ref --format=%(refname)%00%(upstream:short)%00%(objectname)%00%(upstream:track)%00%(upstream:remotename)%00%(upstream:remoteref) refs/heads/master refs/remotes/master [2ms]
2026-05-19 08:49:33.991 [warning] [Git][getBranch] No such branch: master
2026-05-19 08:49:34.017 [info] > git status -z -uall [14ms]
2026-05-19 08:49:34.019 [info] > git for-each-ref --sort -committerdate --format %(refname)%00%(objectname)%00%(*objectname) [3ms]
2026-05-19 08:49:39.049 [info] > git config --get commit.template [4ms]
2026-05-19 08:49:39.064 [info] [Git][getRemotes] No remotes found in the git config file
2026-05-19 08:49:39.066 [info] > git for-each-ref --format=%(refname)%00%(upstream:short)%00%(objectname)%00%(upstream:track)%00%(upstream:remotename)%00%(upstream:remoteref) refs/heads/master refs/remotes/master [3ms]
2026-05-19 08:49:39.066 [warning] [Git][getBranch] No such branch: master
2026-05-19 08:49:39.100 [info] > git status -z -uall [22ms]
2026-05-19 08:49:39.100 [info] > git for-each-ref --sort -committerdate --format %(refname)%00%(objectname)%00%(*objectname) [3ms]
2026-05-19 08:49:44.139 [info] [Git][getRemotes] No remotes found in the git config file
2026-05-19 08:49:44.140 [info] > git config --get commit.template [16ms]
2026-05-19 08:49:44.141 [info] > git for-each-ref --format=%(refname)%00%(upstream:short)%00%(objectname)%00%(upstream:track)%00%(upstream:remotename)%00%(upstream:remoteref) refs/heads/master refs/remotes/master [3ms]
2026-05-19 08:49:44.141 [warning] [Git][getBranch] No such branch: master
2026-05-19 08:49:44.171 [info] > git status -z -uall [16ms]
2026-05-19 08:49:44.172 [info] > git for-each-ref --sort -committerdate --format %(refname)%00%(objectname)%00%(*objectname) [3ms]
2026-05-19 08:49:49.206 [info] [Git][getRemotes] No remotes found in the git config file
2026-05-19 08:49:49.208 [info] > git config --get commit.template [19ms]
2026-05-19 08:49:49.209 [info] > git for-each-ref --format=%(refname)%00%(upstream:short)%00%(objectname)%00%(upstream:track)%00%(upstream:remotename)%00%(upstream:remoteref) refs/heads/master refs/remotes/master [3ms]
2026-05-19 08:49:49.210 [warning] [Git][getBranch] No such branch: master
2026-05-19 08:49:49.237 [info] > git status -z -uall [12ms]
2026-05-19 08:49:49.238 [info] > git for-each-ref --sort -committerdate --format %(refname)%00%(objectname)%00%(*objectname) [2ms]
2026-05-19 08:49:54.791 [info] > git config --get commit.template [3ms]
2026-05-19 08:49:54.804 [info] [Git][getRemotes] No remotes found in the git config file
2026-05-19 08:49:54.805 [info] > git for-each-ref --format=%(refname)%00%(upstream:short)%00%(objectname)%00%(upstream:track)%00%(upstream:remotename)%00%(upstream:remoteref) refs/heads/master refs/remotes/master [2ms]
2026-05-19 08:49:54.805 [warning] [Git][getBranch] No such branch: master
2026-05-19 08:49:54.832 [info] > git status -z -uall [14ms]
2026-05-19 08:49:54.833 [info] > git for-each-ref --sort -committerdate --format %(refname)%00%(objectname)%00%(*objectname) [3ms]
2026-05-19 08:50:07.465 [info] > git config --get commit.template [2ms]
2026-05-19 08:50:07.476 [info] [Git][getRemotes] No remotes found in the git config file
2026-05-19 08:50:07.477 [info] > git for-each-ref --format=%(refname)%00%(upstream:short)%00%(objectname)%00%(upstream:track)%00%(upstream:remotename)%00%(upstream:remoteref) refs/heads/master refs/remotes/master [2ms]
2026-05-19 08:50:07.478 [warning] [Git][getBranch] No such branch: master
2026-05-19 08:50:07.499 [info] > git status -z -uall [11ms]
2026-05-19 08:50:07.500 [info] > git for-each-ref --sort -committerdate --format %(refname)%00%(objectname)%00%(*objectname) [2ms]
2026-05-19 08:50:15.509 [info] [Git][getRemotes] No remotes found in the git config file
2026-05-19 08:50:15.510 [info] > git config --get commit.template [14ms]
2026-05-19 08:50:15.511 [info] > git for-each-ref --format=%(refname)%00%(upstream:short)%00%(objectname)%00%(upstream:track)%00%(upstream:remotename)%00%(upstream:remoteref) refs/heads/master refs/remotes/master [2ms]
2026-05-19 08:50:15.511 [warning] [Git][getBranch] No such branch: master
2026-05-19 08:50:15.536 [info] > git status -z -uall [13ms]
2026-05-19 08:50:15.537 [info] > git for-each-ref --sort -committerdate --format %(refname)%00%(objectname)%00%(*objectname) [2ms]
2026-05-19 08:50:29.099 [info] > git config --get commit.template [2ms]
2026-05-19 08:50:29.112 [info] [Git][getRemotes] No remotes found in the git config file
2026-05-19 08:50:29.114 [info] > git for-each-ref --format=%(refname)%00%(upstream:short)%00%(objectname)%00%(upstream:track)%00%(upstream:remotename)%00%(upstream:remoteref) refs/heads/master refs/remotes/master [2ms]
2026-05-19 08:50:29.114 [warning] [Git][getBranch] No such branch: master
2026-05-19 08:50:29.141 [info] > git status -z -uall [14ms]
2026-05-19 08:50:29.142 [info] > git for-each-ref --sort -committerdate --format %(refname)%00%(objectname)%00%(*objectname) [2ms]
2026-05-19 08:50:34.177 [info] [Git][getRemotes] No remotes found in the git config file
2026-05-19 08:50:34.178 [info] > git config --get commit.template [17ms]
2026-05-19 08:50:34.180 [info] > git for-each-ref --format=%(refname)%00%(upstream:short)%00%(objectname)%00%(upstream:track)%00%(upstream:remotename)%00%(upstream:remoteref) refs/heads/master refs/remotes/master [3ms]
2026-05-19 08:50:34.181 [warning] [Git][getBranch] No such branch: master
2026-05-19 08:50:34.217 [info] > git status -z -uall [22ms]
2026-05-19 08:50:34.218 [info] > git for-each-ref --sort -committerdate --format %(refname)%00%(objectname)%00%(*objectname) [8ms]
2026-05-19 08:50:43.319 [info] > git config --get commit.template [2ms]
2026-05-19 08:50:43.333 [info] [Git][getRemotes] No remotes found in the git config file
2026-05-19 08:50:43.335 [info] > git for-each-ref --format=%(refname)%00%(upstream:short)%00%(objectname)%00%(upstream:track)%00%(upstream:remotename)%00%(upstream:remoteref) refs/heads/master refs/remotes/master [2ms]
2026-05-19 08:50:43.335 [warning] [Git][getBranch] No such branch: master
2026-05-19 08:50:43.363 [info] > git status -z -uall [15ms]
2026-05-19 08:50:43.364 [info] > git for-each-ref --sort -committerdate --format %(refname)%00%(objectname)%00%(*objectname) [3ms]
2026-05-19 08:50:53.417 [info] [Git][getRemotes] No remotes found in the git config file
2026-05-19 08:50:53.424 [info] > git for-each-ref --format=%(refname)%00%(upstream:short)%00%(objectname)%00%(upstream:track)%00%(upstream:remotename)%00%(upstream:remoteref) refs/heads/master refs/remotes/master [7ms]
2026-05-19 08:50:53.424 [warning] [Git][getBranch] No such branch: master
2026-05-19 08:50:53.425 [info] > git config --get commit.template [27ms]
2026-05-19 08:50:53.460 [info] > git status -z -uall [19ms]
2026-05-19 08:50:53.464 [info] > git for-each-ref --sort -committerdate --format %(refname)%00%(objectname)%00%(*objectname) [7ms]
2026-05-19 08:50:58.499 [info] [Git][getRemotes] No remotes found in the git config file
2026-05-19 08:50:58.500 [info] > git config --get commit.template [13ms]
2026-05-19 08:50:58.500 [info] > git for-each-ref --format=%(refname)%00%(upstream:short)%00%(objectname)%00%(upstream:track)%00%(upstream:remotename)%00%(upstream:remoteref) refs/heads/master refs/remotes/master [2ms]
2026-05-19 08:50:58.500 [warning] [Git][getBranch] No such branch: master
2026-05-19 08:50:58.526 [info] > git status -z -uall [14ms]
2026-05-19 08:50:58.528 [info] > git for-each-ref --sort -committerdate --format %(refname)%00%(objectname)%00%(*objectname) [2ms]
2026-05-19 08:51:11.060 [info] [Git][getRemotes] No remotes found in the git config file
2026-05-19 08:51:11.062 [info] > git for-each-ref --format=%(refname)%00%(upstream:short)%00%(objectname)%00%(upstream:track)%00%(upstream:remotename)%00%(upstream:remoteref) refs/heads/master refs/remotes/master [3ms]
2026-05-19 08:51:11.062 [warning] [Git][getBranch] No such branch: master
2026-05-19 08:51:11.062 [info] > git config --get commit.template [18ms]
2026-05-19 08:51:11.090 [info] > git status -z -uall [15ms]
2026-05-19 08:51:11.091 [info] > git for-each-ref --sort -committerdate --format %(refname)%00%(objectname)%00%(*objectname) [2ms]
2026-05-19 08:51:26.492 [info] > git config --get commit.template [2ms]
2026-05-19 08:51:26.505 [info] [Git][getRemotes] No remotes found in the git config file
2026-05-19 08:51:26.506 [info] > git for-each-ref --format=%(refname)%00%(upstream:short)%00%(objectname)%00%(upstream:track)%00%(upstream:remotename)%00%(upstream:remoteref) refs/heads/master refs/remotes/master [2ms]
2026-05-19 08:51:26.507 [warning] [Git][getBranch] No such branch: master
2026-05-19 08:51:26.534 [info] > git status -z -uall [15ms]
2026-05-19 08:51:26.535 [info] > git for-each-ref --sort -committerdate --format %(refname)%00%(objectname)%00%(*objectname) [3ms]
2026-05-19 08:52:02.179 [info] > git config --get commit.template [2ms]
2026-05-19 08:52:02.192 [info] [Git][getRemotes] No remotes found in the git config file
2026-05-19 08:52:02.194 [info] > git for-each-ref --format=%(refname)%00%(upstream:short)%00%(objectname)%00%(upstream:track)%00%(upstream:remotename)%00%(upstream:remoteref) refs/heads/master refs/remotes/master [2ms]
2026-05-19 08:52:02.194 [warning] [Git][getBranch] No such branch: master
2026-05-19 08:52:02.220 [info] > git status -z -uall [14ms]
2026-05-19 08:52:02.222 [info] > git for-each-ref --sort -committerdate --format %(refname)%00%(objectname)%00%(*objectname) [3ms]
2026-05-19 08:52:17.593 [info] [Git][getRemotes] No remotes found in the git config file
2026-05-19 08:52:17.596 [info] > git config --get commit.template [34ms]
2026-05-19 08:52:17.599 [info] > git for-each-ref --format=%(refname)%00%(upstream:short)%00%(objectname)%00%(upstream:track)%00%(upstream:remotename)%00%(upstream:remoteref) refs/heads/master refs/remotes/master [6ms]
2026-05-19 08:52:17.599 [warning] [Git][getBranch] No such branch: master
2026-05-19 08:52:17.662 [info] > git status -z -uall [35ms]
2026-05-19 08:52:17.662 [info] > git for-each-ref --sort -committerdate --format %(refname)%00%(objectname)%00%(*objectname) [7ms]
2026-05-19 08:52:23.442 [info] > git config --get commit.template [2ms]
2026-05-19 08:52:23.456 [info] [Git][getRemotes] No remotes found in the git config file
2026-05-19 08:52:23.457 [info] > git for-each-ref --format=%(refname)%00%(upstream:short)%00%(objectname)%00%(upstream:track)%00%(upstream:remotename)%00%(upstream:remoteref) refs/heads/master refs/remotes/master [2ms]
2026-05-19 08:52:23.457 [warning] [Git][getBranch] No such branch: master
2026-05-19 08:52:23.492 [info] > git status -z -uall [21ms]
2026-05-19 08:52:23.492 [info] > git for-each-ref --sort -committerdate --format %(refname)%00%(objectname)%00%(*objectname) [7ms]
2026-05-19 08:52:28.527 [info] > git config --get commit.template [4ms]
2026-05-19 08:52:28.546 [info] [Git][getRemotes] No remotes found in the git config file
2026-05-19 08:52:28.548 [info] > git for-each-ref --format=%(refname)%00%(upstream:short)%00%(objectname)%00%(upstream:track)%00%(upstream:remotename)%00%(upstream:remoteref) refs/heads/master refs/remotes/master [3ms]
2026-05-19 08:52:28.548 [warning] [Git][getBranch] No such branch: master
2026-05-19 08:52:28.579 [info] > git status -z -uall [16ms]
2026-05-19 08:52:28.580 [info] > git for-each-ref --sort -committerdate --format %(refname)%00%(objectname)%00%(*objectname) [3ms]
2026-05-19 08:52:33.616 [info] [Git][getRemotes] No remotes found in the git config file
2026-05-19 08:52:33.617 [info] > git config --get commit.template [17ms]
2026-05-19 08:52:33.618 [info] > git for-each-ref --format=%(refname)%00%(upstream:short)%00%(objectname)%00%(upstream:track)%00%(upstream:remotename)%00%(upstream:remoteref) refs/heads/master refs/remotes/master [3ms]
2026-05-19 08:52:33.618 [warning] [Git][getBranch] No such branch: master
2026-05-19 08:52:33.646 [info] > git status -z -uall [15ms]
2026-05-19 08:52:33.647 [info] > git for-each-ref --sort -committerdate --format %(refname)%00%(objectname)%00%(*objectname) [2ms]
2026-05-19 08:52:40.230 [info] [Git][getRemotes] No remotes found in the git config file
2026-05-19 08:52:40.233 [info] > git config --get commit.template [34ms]
2026-05-19 08:52:40.238 [info] > git for-each-ref --format=%(refname)%00%(upstream:short)%00%(objectname)%00%(upstream:track)%00%(upstream:remotename)%00%(upstream:remoteref) refs/heads/master refs/remotes/master [8ms]
2026-05-19 08:52:40.238 [warning] [Git][getBranch] No such branch: master
2026-05-19 08:52:40.277 [info] > git status -z -uall [19ms]
2026-05-19 08:52:40.281 [info] > git for-each-ref --sort -committerdate --format %(refname)%00%(objectname)%00%(*objectname) [5ms]
2026-05-19 08:52:45.960 [info] > git config --get commit.template [4ms]
2026-05-19 08:52:45.974 [info] [Git][getRemotes] No remotes found in the git config file
2026-05-19 08:52:45.975 [info] > git for-each-ref --format=%(refname)%00%(upstream:short)%00%(objectname)%00%(upstream:track)%00%(upstream:remotename)%00%(upstream:remoteref) refs/heads/master refs/remotes/master [2ms]
2026-05-19 08:52:45.975 [warning] [Git][getBranch] No such branch: master
2026-05-19 08:52:46.003 [info] > git status -z -uall [15ms]
2026-05-19 08:52:46.004 [info] > git for-each-ref --sort -committerdate --format %(refname)%00%(objectname)%00%(*objectname) [2ms]
2026-05-19 08:52:51.039 [info] [Git][getRemotes] No remotes found in the git config file
2026-05-19 08:52:51.040 [info] > git config --get commit.template [14ms]
2026-05-19 08:52:51.041 [info] > git for-each-ref --format=%(refname)%00%(upstream:short)%00%(objectname)%00%(upstream:track)%00%(upstream:remotename)%00%(upstream:remoteref) refs/heads/master refs/remotes/master [2ms]
2026-05-19 08:52:51.041 [warning] [Git][getBranch] No such branch: master
2026-05-19 08:52:51.068 [info] > git status -z -uall [14ms]
2026-05-19 08:52:51.069 [info] > git for-each-ref --sort -committerdate --format %(refname)%00%(objectname)%00%(*objectname) [3ms]
2026-05-19 08:53:13.819 [info] > git config --get commit.template [3ms]
2026-05-19 08:53:13.832 [info] [Git][getRemotes] No remotes found in the git config file
2026-05-19 08:53:13.834 [info] > git for-each-ref --format=%(refname)%00%(upstream:short)%00%(objectname)%00%(upstream:track)%00%(upstream:remotename)%00%(upstream:remoteref) refs/heads/master refs/remotes/master [2ms]
2026-05-19 08:53:13.834 [warning] [Git][getBranch] No such branch: master
2026-05-19 08:53:13.861 [info] > git status -z -uall [15ms]
2026-05-19 08:53:13.862 [info] > git for-each-ref --sort -committerdate --format %(refname)%00%(objectname)%00%(*objectname) [2ms]
2026-05-19 08:53:18.896 [info] [Git][getRemotes] No remotes found in the git config file
2026-05-19 08:53:18.897 [info] > git config --get commit.template [15ms]
2026-05-19 08:53:18.897 [info] > git for-each-ref --format=%(refname)%00%(upstream:short)%00%(objectname)%00%(upstream:track)%00%(upstream:remotename)%00%(upstream:remoteref) refs/heads/master refs/remotes/master [2ms]
2026-05-19 08:53:18.897 [warning] [Git][getBranch] No such branch: master
2026-05-19 08:53:18.922 [info] > git status -z -uall [13ms]
2026-05-19 08:53:18.923 [info] > git for-each-ref --sort -committerdate --format %(refname)%00%(objectname)%00%(*objectname) [2ms]
2026-05-19 08:53:23.961 [info] [Git][getRemotes] No remotes found in the git config file
2026-05-19 08:53:23.962 [info] > git config --get commit.template [17ms]
2026-05-19 08:53:23.962 [info] > git for-each-ref --format=%(refname)%00%(upstream:short)%00%(objectname)%00%(upstream:track)%00%(upstream:remotename)%00%(upstream:remoteref) refs/heads/master refs/remotes/master [2ms]
2026-05-19 08:53:23.962 [warning] [Git][getBranch] No such branch: master
2026-05-19 08:53:23.992 [info] > git status -z -uall [16ms]
2026-05-19 08:53:23.993 [info] > git for-each-ref --sort -committerdate --format %(refname)%00%(objectname)%00%(*objectname) [2ms]
2026-05-19 08:53:29.021 [info] > git config --get commit.template [3ms]
2026-05-19 08:53:29.022 [info] [Git][getRemotes] No remotes found in the git config file
2026-05-19 08:53:29.039 [info] > git for-each-ref --format=%(refname)%00%(upstream:short)%00%(objectname)%00%(upstream:track)%00%(upstream:remotename)%00%(upstream:remoteref) refs/heads/master refs/remotes/master [2ms]
2026-05-19 08:53:29.040 [warning] [Git][getBranch] No such branch: master
2026-05-19 08:53:29.070 [info] > git status -z -uall [17ms]
2026-05-19 08:53:29.072 [info] > git for-each-ref --sort -committerdate --format %(refname)%00%(objectname)%00%(*objectname) [5ms]
2026-05-19 08:53:34.103 [info] [Git][getRemotes] No remotes found in the git config file
2026-05-19 08:53:34.104 [info] > git config --get commit.template [14ms]
2026-05-19 08:53:34.104 [info] > git for-each-ref --format=%(refname)%00%(upstream:short)%00%(objectname)%00%(upstream:track)%00%(upstream:remotename)%00%(upstream:remoteref) refs/heads/master refs/remotes/master [1ms]
2026-05-19 08:53:34.104 [warning] [Git][getBranch] No such branch: master
2026-05-19 08:53:34.131 [info] > git status -z -uall [14ms]
2026-05-19 08:53:34.132 [info] > git for-each-ref --sort -committerdate --format %(refname)%00%(objectname)%00%(*objectname) [2ms]
2026-05-19 08:53:57.093 [info] [Git][getRemotes] No remotes found in the git config file
2026-05-19 08:53:57.094 [info] > git config --get commit.template [19ms]
2026-05-19 08:53:57.094 [info] > git for-each-ref --format=%(refname)%00%(upstream:short)%00%(objectname)%00%(upstream:track)%00%(upstream:remotename)%00%(upstream:remoteref) refs/heads/master refs/remotes/master [2ms]
2026-05-19 08:53:57.095 [warning] [Git][getBranch] No such branch: master
2026-05-19 08:53:57.129 [info] > git status -z -uall [17ms]
2026-05-19 08:53:57.130 [info] > git for-each-ref --sort -committerdate --format %(refname)%00%(objectname)%00%(*objectname) [3ms]
2026-05-19 08:54:27.829 [info] > git config --get commit.template [7ms]
2026-05-19 08:54:27.863 [info] [Git][getRemotes] No remotes found in the git config file
2026-05-19 08:54:27.867 [info] > git for-each-ref --format=%(refname)%00%(upstream:short)%00%(objectname)%00%(upstream:track)%00%(upstream:remotename)%00%(upstream:remoteref) refs/heads/master refs/remotes/master [6ms]
2026-05-19 08:54:27.867 [warning] [Git][getBranch] No such branch: master
2026-05-19 08:54:27.932 [info] > git status -z -uall [32ms]
2026-05-19 08:54:27.940 [info] > git for-each-ref --sort -committerdate --format %(refname)%00%(objectname)%00%(*objectname) [8ms]
2026-05-19 08:54:33.339 [info] [Git][getRemotes] No remotes found in the git config file
2026-05-19 08:54:33.341 [info] > git config --get commit.template [16ms]
2026-05-19 08:54:33.342 [info] > git for-each-ref --format=%(refname)%00%(upstream:short)%00%(objectname)%00%(upstream:track)%00%(upstream:remotename)%00%(upstream:remoteref) refs/heads/master refs/remotes/master [3ms]
2026-05-19 08:54:33.342 [warning] [Git][getBranch] No such branch: master
2026-05-19 08:54:33.370 [info] > git status -z -uall [15ms]
2026-05-19 08:54:33.372 [info] > git for-each-ref --sort -committerdate --format %(refname)%00%(objectname)%00%(*objectname) [3ms]
2026-05-19 08:54:42.651 [info] > git config --get commit.template [5ms]
2026-05-19 08:54:42.681 [info] [Git][getRemotes] No remotes found in the git config file
2026-05-19 08:54:42.683 [info] > git for-each-ref --format=%(refname)%00%(upstream:short)%00%(objectname)%00%(upstream:track)%00%(upstream:remotename)%00%(upstream:remoteref) refs/heads/master refs/remotes/master [2ms]
2026-05-19 08:54:42.683 [warning] [Git][getBranch] No such branch: master
2026-05-19 08:54:42.750 [info] > git status -z -uall [37ms]
2026-05-19 08:54:42.762 [info] > git for-each-ref --sort -committerdate --format %(refname)%00%(objectname)%00%(*objectname) [15ms]
2026-05-19 08:55:00.525 [info] [Git][getRemotes] No remotes found in the git config file
2026-05-19 08:55:00.526 [info] > git config --get commit.template [18ms]
2026-05-19 08:55:00.527 [info] > git for-each-ref --format=%(refname)%00%(upstream:short)%00%(objectname)%00%(upstream:track)%00%(upstream:remotename)%00%(upstream:remoteref) refs/heads/master refs/remotes/master [2ms]
2026-05-19 08:55:00.527 [warning] [Git][getBranch] No such branch: master
2026-05-19 08:55:00.553 [info] > git status -z -uall [14ms]
2026-05-19 08:55:00.554 [info] > git for-each-ref --sort -committerdate --format %(refname)%00%(objectname)%00%(*objectname) [2ms]
2026-05-19 08:55:05.580 [info] > git config --get commit.template [4ms]
2026-05-19 08:55:05.618 [info] [Git][getRemotes] No remotes found in the git config file
2026-05-19 08:55:05.624 [info] > git for-each-ref --format=%(refname)%00%(upstream:short)%00%(objectname)%00%(upstream:track)%00%(upstream:remotename)%00%(upstream:remoteref) refs/heads/master refs/remotes/master [6ms]
2026-05-19 08:55:05.624 [warning] [Git][getBranch] No such branch: master
2026-05-19 08:55:05.660 [info] > git status -z -uall [23ms]
2026-05-19 08:55:05.660 [info] > git for-each-ref --sort -committerdate --format %(refname)%00%(objectname)%00%(*objectname) [9ms]
2026-05-19 08:55:10.696 [info] [Git][getRemotes] No remotes found in the git config file
2026-05-19 08:55:10.698 [info] > git config --get commit.template [16ms]
2026-05-19 08:55:10.698 [info] > git for-each-ref --format=%(refname)%00%(upstream:short)%00%(objectname)%00%(upstream:track)%00%(upstream:remotename)%00%(upstream:remoteref) refs/heads/master refs/remotes/master [2ms]
2026-05-19 08:55:10.698 [warning] [Git][getBranch] No such branch: master
2026-05-19 08:55:10.725 [info] > git status -z -uall [14ms]
2026-05-19 08:55:10.726 [info] > git for-each-ref --sort -committerdate --format %(refname)%00%(objectname)%00%(*objectname) [2ms]
2026-05-19 08:55:15.762 [info] [Git][getRemotes] No remotes found in the git config file
2026-05-19 08:55:15.763 [info] > git config --get commit.template [17ms]
2026-05-19 08:55:15.764 [info] > git for-each-ref --format=%(refname)%00%(upstream:short)%00%(objectname)%00%(upstream:track)%00%(upstream:remotename)%00%(upstream:remoteref) refs/heads/master refs/remotes/master [3ms]
2026-05-19 08:55:15.764 [warning] [Git][getBranch] No such branch: master
2026-05-19 08:55:15.792 [info] > git status -z -uall [15ms]
2026-05-19 08:55:15.794 [info] > git for-each-ref --sort -committerdate --format %(refname)%00%(objectname)%00%(*objectname) [3ms]
2026-05-19 08:55:20.815 [info] [Git][getRemotes] No remotes found in the git config file
2026-05-19 08:55:20.830 [info] > git config --get commit.template [17ms]
2026-05-19 08:55:20.832 [info] > git for-each-ref --format=%(refname)%00%(upstream:short)%00%(objectname)%00%(upstream:track)%00%(upstream:remotename)%00%(upstream:remoteref) refs/heads/master refs/remotes/master [2ms]
2026-05-19 08:55:20.832 [warning] [Git][getBranch] No such branch: master
2026-05-19 08:55:20.864 [info] > git status -z -uall [19ms]
2026-05-19 08:55:20.864 [info] > git for-each-ref --sort -committerdate --format %(refname)%00%(objectname)%00%(*objectname) [5ms]
2026-05-19 08:55:25.894 [info] [Git][getRemotes] No remotes found in the git config file
2026-05-19 08:55:25.894 [info] > git config --get commit.template [14ms]
2026-05-19 08:55:25.895 [info] > git for-each-ref --format=%(refname)%00%(upstream:short)%00%(objectname)%00%(upstream:track)%00%(upstream:remotename)%00%(upstream:remoteref) refs/heads/master refs/remotes/master [2ms]
2026-05-19 08:55:25.895 [warning] [Git][getBranch] No such branch: master
2026-05-19 08:55:25.921 [info] > git status -z -uall [14ms]
2026-05-19 08:55:25.922 [info] > git for-each-ref --sort -committerdate --format %(refname)%00%(objectname)%00%(*objectname) [2ms]
2026-05-19 08:55:34.608 [info] [Git][getRemotes] No remotes found in the git config file
2026-05-19 08:55:34.612 [info] > git config --get commit.template [6ms]
2026-05-19 08:55:34.643 [info] > git for-each-ref --format=%(refname)%00%(upstream:short)%00%(objectname)%00%(upstream:track)%00%(upstream:remotename)%00%(upstream:remoteref) refs/heads/master refs/remotes/master [5ms]
2026-05-19 08:55:34.643 [warning] [Git][getBranch] No such branch: master
2026-05-19 08:55:34.699 [info] > git status -z -uall [29ms]
2026-05-19 08:55:34.703 [info] > git for-each-ref --sort -committerdate --format %(refname)%00%(objectname)%00%(*objectname) [7ms]
2026-05-19 08:56:15.450 [info] > git config --get commit.template [3ms]
2026-05-19 08:56:15.462 [info] [Git][getRemotes] No remotes found in the git config file
2026-05-19 08:56:15.464 [info] > git for-each-ref --format=%(refname)%00%(upstream:short)%00%(objectname)%00%(upstream:track)%00%(upstream:remotename)%00%(upstream:remoteref) refs/heads/master refs/remotes/master [2ms]
2026-05-19 08:56:15.464 [warning] [Git][getBranch] No such branch: master
2026-05-19 08:56:15.490 [info] > git status -z -uall [14ms]
2026-05-19 08:56:15.491 [info] > git for-each-ref --sort -committerdate --format %(refname)%00%(objectname)%00%(*objectname) [2ms]
2026-05-19 08:56:20.628 [info] > git config --get commit.template [3ms]
2026-05-19 08:56:20.641 [info] [Git][getRemotes] No remotes found in the git config file
2026-05-19 08:56:20.642 [info] > git for-each-ref --format=%(refname)%00%(upstream:short)%00%(objectname)%00%(upstream:track)%00%(upstream:remotename)%00%(upstream:remoteref) refs/heads/master refs/remotes/master [2ms]
2026-05-19 08:56:20.643 [warning] [Git][getBranch] No such branch: master
2026-05-19 08:56:20.669 [info] > git status -z -uall [14ms]
2026-05-19 08:56:20.670 [info] > git for-each-ref --sort -committerdate --format %(refname)%00%(objectname)%00%(*objectname) [2ms]
2026-05-19 08:56:25.707 [info] [Git][getRemotes] No remotes found in the git config file
2026-05-19 08:56:25.708 [info] > git config --get commit.template [15ms]
2026-05-19 08:56:25.709 [info] > git for-each-ref --format=%(refname)%00%(upstream:short)%00%(objectname)%00%(upstream:track)%00%(upstream:remotename)%00%(upstream:remoteref) refs/heads/master refs/remotes/master [2ms]
2026-05-19 08:56:25.709 [warning] [Git][getBranch] No such branch: master
2026-05-19 08:56:25.736 [info] > git status -z -uall [14ms]
2026-05-19 08:56:25.737 [info] > git for-each-ref --sort -committerdate --format %(refname)%00%(objectname)%00%(*objectname) [2ms]
2026-05-19 08:56:30.758 [info] > git config --get commit.template [1ms]
2026-05-19 08:56:30.772 [info] [Git][getRemotes] No remotes found in the git config file
2026-05-19 08:56:30.773 [info] > git for-each-ref --format=%(refname)%00%(upstream:short)%00%(objectname)%00%(upstream:track)%00%(upstream:remotename)%00%(upstream:remoteref) refs/heads/master refs/remotes/master [2ms]
2026-05-19 08:56:30.773 [warning] [Git][getBranch] No such branch: master
2026-05-19 08:56:30.801 [info] > git status -z -uall [14ms]
2026-05-19 08:56:30.802 [info] > git for-each-ref --sort -committerdate --format %(refname)%00%(objectname)%00%(*objectname) [2ms]
2026-05-19 08:56:35.836 [info] [Git][getRemotes] No remotes found in the git config file
2026-05-19 08:56:35.837 [info] > git config --get commit.template [15ms]
2026-05-19 08:56:35.837 [info] > git for-each-ref --format=%(refname)%00%(upstream:short)%00%(objectname)%00%(upstream:track)%00%(upstream:remotename)%00%(upstream:remoteref) refs/heads/master refs/remotes/master [1ms]
2026-05-19 08:56:35.837 [warning] [Git][getBranch] No such branch: master
2026-05-19 08:56:35.864 [info] > git status -z -uall [14ms]
2026-05-19 08:56:35.865 [info] > git for-each-ref --sort -committerdate --format %(refname)%00%(objectname)%00%(*objectname) [2ms]
2026-05-19 08:57:02.427 [info] [Git][getRemotes] No remotes found in the git config file
2026-05-19 08:57:02.428 [info] > git config --get commit.template [15ms]
2026-05-19 08:57:02.429 [info] > git for-each-ref --format=%(refname)%00%(upstream:short)%00%(objectname)%00%(upstream:track)%00%(upstream:remotename)%00%(upstream:remoteref) refs/heads/master refs/remotes/master [3ms]
2026-05-19 08:57:02.429 [warning] [Git][getBranch] No such branch: master
2026-05-19 08:57:02.458 [info] > git status -z -uall [15ms]
2026-05-19 08:57:02.471 [info] > git for-each-ref --sort -committerdate --format %(refname)%00%(objectname)%00%(*objectname) [14ms]
2026-05-19 08:57:07.507 [info] [Git][getRemotes] No remotes found in the git config file
2026-05-19 08:57:07.508 [info] > git config --get commit.template [16ms]
2026-05-19 08:57:07.508 [info] > git for-each-ref --format=%(refname)%00%(upstream:short)%00%(objectname)%00%(upstream:track)%00%(upstream:remotename)%00%(upstream:remoteref) refs/heads/master refs/remotes/master [2ms]
2026-05-19 08:57:07.508 [warning] [Git][getBranch] No such branch: master
2026-05-19 08:57:07.537 [info] > git status -z -uall [15ms]
2026-05-19 08:57:07.538 [info] > git for-each-ref --sort -committerdate --format %(refname)%00%(objectname)%00%(*objectname) [3ms]
2026-05-19 08:57:12.568 [info] [Git][getRemotes] No remotes found in the git config file
2026-05-19 08:57:12.570 [info] > git config --get commit.template [15ms]
2026-05-19 08:57:12.570 [info] > git for-each-ref --format=%(refname)%00%(upstream:short)%00%(objectname)%00%(upstream:track)%00%(upstream:remotename)%00%(upstream:remoteref) refs/heads/master refs/remotes/master [2ms]
2026-05-19 08:57:12.570 [warning] [Git][getBranch] No such branch: master
2026-05-19 08:57:12.596 [info] > git status -z -uall [13ms]
2026-05-19 08:57:12.597 [info] > git for-each-ref --sort -committerdate --format %(refname)%00%(objectname)%00%(*objectname) [2ms]
2026-05-19 08:57:39.626 [info] [Git][getRemotes] No remotes found in the git config file
2026-05-19 08:57:39.629 [info] > git config --get commit.template [37ms]
2026-05-19 08:57:39.631 [info] > git for-each-ref --format=%(refname)%00%(upstream:short)%00%(objectname)%00%(upstream:track)%00%(upstream:remotename)%00%(upstream:remoteref) refs/heads/master refs/remotes/master [6ms]
2026-05-19 08:57:39.631 [warning] [Git][getBranch] No such branch: master
2026-05-19 08:57:39.680 [info] > git status -z -uall [29ms]
2026-05-19 08:57:39.693 [info] > git for-each-ref --sort -committerdate --format %(refname)%00%(objectname)%00%(*objectname) [17ms]
2026-05-19 08:57:45.510 [info] > git config --get commit.template [2ms]
2026-05-19 08:57:45.525 [info] [Git][getRemotes] No remotes found in the git config file
2026-05-19 08:57:45.527 [info] > git for-each-ref --format=%(refname)%00%(upstream:short)%00%(objectname)%00%(upstream:track)%00%(upstream:remotename)%00%(upstream:remoteref) refs/heads/master refs/remotes/master [3ms]
2026-05-19 08:57:45.527 [warning] [Git][getBranch] No such branch: master
2026-05-19 08:57:45.567 [info] > git status -z -uall [26ms]
2026-05-19 08:57:45.567 [info] > git for-each-ref --sort -committerdate --format %(refname)%00%(objectname)%00%(*objectname) [12ms]
2026-05-19 08:57:57.518 [info] [Git][getRemotes] No remotes found in the git config file
2026-05-19 08:57:57.523 [info] > git config --get commit.template [37ms]
2026-05-19 08:57:57.525 [info] > git for-each-ref --format=%(refname)%00%(upstream:short)%00%(objectname)%00%(upstream:track)%00%(upstream:remotename)%00%(upstream:remoteref) refs/heads/master refs/remotes/master [8ms]
2026-05-19 08:57:57.525 [warning] [Git][getBranch] No such branch: master
2026-05-19 08:57:57.600 [info] > git status -z -uall [42ms]
2026-05-19 08:57:57.612 [info] > git for-each-ref --sort -committerdate --format %(refname)%00%(objectname)%00%(*objectname) [15ms]
2026-05-19 08:58:02.645 [info] [Git][getRemotes] No remotes found in the git config file
2026-05-19 08:58:02.646 [info] > git config --get commit.template [15ms]
2026-05-19 08:58:02.646 [info] > git for-each-ref --format=%(refname)%00%(upstream:short)%00%(objectname)%00%(upstream:track)%00%(upstream:remotename)%00%(upstream:remoteref) refs/heads/master refs/remotes/master [2ms]
2026-05-19 08:58:02.646 [warning] [Git][getBranch] No such branch: master
2026-05-19 08:58:02.673 [info] > git status -z -uall [14ms]
2026-05-19 08:58:02.674 [info] > git for-each-ref --sort -committerdate --format %(refname)%00%(objectname)%00%(*objectname) [2ms]
2026-05-19 08:58:11.323 [info] > git config --get commit.template [2ms]
2026-05-19 08:58:11.336 [info] [Git][getRemotes] No remotes found in the git config file
2026-05-19 08:58:11.338 [info] > git for-each-ref --format=%(refname)%00%(upstream:short)%00%(objectname)%00%(upstream:track)%00%(upstream:remotename)%00%(upstream:remoteref) refs/heads/master refs/remotes/master [2ms]
2026-05-19 08:58:11.338 [warning] [Git][getBranch] No such branch: master
2026-05-19 08:58:11.364 [info] > git status -z -uall [14ms]
2026-05-19 08:58:11.365 [info] > git for-each-ref --sort -committerdate --format %(refname)%00%(objectname)%00%(*objectname) [2ms]
2026-05-19 08:58:18.892 [info] [Git][getRemotes] No remotes found in the git config file
2026-05-19 08:58:18.893 [info] > git for-each-ref --format=%(refname)%00%(upstream:short)%00%(objectname)%00%(upstream:track)%00%(upstream:remotename)%00%(upstream:remoteref) refs/heads/master refs/remotes/master [2ms]
2026-05-19 08:58:18.893 [warning] [Git][getBranch] No such branch: master
2026-05-19 08:58:18.894 [info] > git config --get commit.template [39ms]
2026-05-19 08:58:18.938 [info] > git status -z -uall [18ms]
2026-05-19 08:58:18.941 [info] > git for-each-ref --sort -committerdate --format %(refname)%00%(objectname)%00%(*objectname) [5ms]
2026-05-19 08:58:23.962 [info] [Git][getRemotes] No remotes found in the git config file
2026-05-19 08:58:23.976 [info] > git config --get commit.template [16ms]
2026-05-19 08:58:23.977 [info] > git for-each-ref --format=%(refname)%00%(upstream:short)%00%(objectname)%00%(upstream:track)%00%(upstream:remotename)%00%(upstream:remoteref) refs/heads/master refs/remotes/master [2ms]
2026-05-19 08:58:23.977 [warning] [Git][getBranch] No such branch: master
2026-05-19 08:58:24.005 [info] > git status -z -uall [15ms]
2026-05-19 08:58:24.006 [info] > git for-each-ref --sort -committerdate --format %(refname)%00%(objectname)%00%(*objectname) [2ms]
2026-05-19 08:58:30.589 [info] > git config --get commit.template [9ms]
2026-05-19 08:58:30.606 [info] [Git][getRemotes] No remotes found in the git config file
2026-05-19 08:58:30.608 [info] > git for-each-ref --format=%(refname)%00%(upstream:short)%00%(objectname)%00%(upstream:track)%00%(upstream:remotename)%00%(upstream:remoteref) refs/heads/master refs/remotes/master [3ms]
2026-05-19 08:58:30.608 [warning] [Git][getBranch] No such branch: master
2026-05-19 08:58:30.666 [info] > git status -z -uall [45ms]
2026-05-19 08:58:30.667 [info] > git for-each-ref --sort -committerdate --format %(refname)%00%(objectname)%00%(*objectname) [31ms]
2026-05-19 08:58:35.702 [info] [Git][getRemotes] No remotes found in the git config file
2026-05-19 08:58:35.703 [info] > git config --get commit.template [18ms]
2026-05-19 08:58:35.704 [info] > git for-each-ref --format=%(refname)%00%(upstream:short)%00%(objectname)%00%(upstream:track)%00%(upstream:remotename)%00%(upstream:remoteref) refs/heads/master refs/remotes/master [3ms]
2026-05-19 08:58:35.704 [warning] [Git][getBranch] No such branch: master
2026-05-19 08:58:35.732 [info] > git status -z -uall [15ms]
2026-05-19 08:58:35.738 [info] > git for-each-ref --sort -committerdate --format %(refname)%00%(objectname)%00%(*objectname) [7ms]
2026-05-19 08:58:44.681 [info] [Git][getRemotes] No remotes found in the git config file
2026-05-19 08:58:44.684 [info] > git config --get commit.template [35ms]
2026-05-19 08:58:44.686 [info] > git for-each-ref --format=%(refname)%00%(upstream:short)%00%(objectname)%00%(upstream:track)%00%(upstream:remotename)%00%(upstream:remoteref) refs/heads/master refs/remotes/master [6ms]
2026-05-19 08:58:44.686 [warning] [Git][getBranch] No such branch: master
2026-05-19 08:58:44.735 [info] > git status -z -uall [29ms]
2026-05-19 08:58:44.740 [info] > git for-each-ref --sort -committerdate --format %(refname)%00%(objectname)%00%(*objectname) [7ms]
2026-05-19 08:58:49.773 [info] [Git][getRemotes] No remotes found in the git config file
2026-05-19 08:58:49.775 [info] > git config --get commit.template [14ms]
2026-05-19 08:58:49.775 [info] > git for-each-ref --format=%(refname)%00%(upstream:short)%00%(objectname)%00%(upstream:track)%00%(upstream:remotename)%00%(upstream:remoteref) refs/heads/master refs/remotes/master [2ms]
2026-05-19 08:58:49.775 [warning] [Git][getBranch] No such branch: master
2026-05-19 08:58:49.801 [info] > git status -z -uall [14ms]
2026-05-19 08:58:49.802 [info] > git for-each-ref --sort -committerdate --format %(refname)%00%(objectname)%00%(*objectname) [2ms]
2026-05-19 08:58:59.056 [info] > git config --get commit.template [2ms]
2026-05-19 08:58:59.070 [info] [Git][getRemotes] No remotes found in the git config file
2026-05-19 08:58:59.072 [info] > git for-each-ref --format=%(refname)%00%(upstream:short)%00%(objectname)%00%(upstream:track)%00%(upstream:remotename)%00%(upstream:remoteref) refs/heads/master refs/remotes/master [2ms]
2026-05-19 08:58:59.072 [warning] [Git][getBranch] No such branch: master
2026-05-19 08:58:59.099 [info] > git status -z -uall [15ms]
2026-05-19 08:58:59.100 [info] > git for-each-ref --sort -committerdate --format %(refname)%00%(objectname)%00%(*objectname) [2ms]
2026-05-19 08:59:05.556 [info] > git config --get commit.template [3ms]
2026-05-19 08:59:05.570 [info] [Git][getRemotes] No remotes found in the git config file
2026-05-19 08:59:05.572 [info] > git for-each-ref --format=%(refname)%00%(upstream:short)%00%(objectname)%00%(upstream:track)%00%(upstream:remotename)%00%(upstream:remoteref) refs/heads/master refs/remotes/master [2ms]
2026-05-19 08:59:05.572 [warning] [Git][getBranch] No such branch: master
2026-05-19 08:59:05.601 [info] > git status -z -uall [16ms]
2026-05-19 08:59:05.602 [info] > git for-each-ref --sort -committerdate --format %(refname)%00%(objectname)%00%(*objectname) [2ms]
2026-05-19 08:59:10.623 [info] [Git][getRemotes] No remotes found in the git config file
2026-05-19 08:59:10.636 [info] > git config --get commit.template [14ms]
2026-05-19 08:59:10.637 [info] > git for-each-ref --format=%(refname)%00%(upstream:short)%00%(objectname)%00%(upstream:track)%00%(upstream:remotename)%00%(upstream:remoteref) refs/heads/master refs/remotes/master [2ms]
2026-05-19 08:59:10.637 [warning] [Git][getBranch] No such branch: master
2026-05-19 08:59:10.662 [info] > git status -z -uall [13ms]
2026-05-19 08:59:10.663 [info] > git for-each-ref --sort -committerdate --format %(refname)%00%(objectname)%00%(*objectname) [2ms]
2026-05-19 08:59:15.682 [info] [Git][getRemotes] No remotes found in the git config file
2026-05-19 08:59:15.696 [info] > git config --get commit.template [15ms]
2026-05-19 08:59:15.696 [info] > git for-each-ref --format=%(refname)%00%(upstream:short)%00%(objectname)%00%(upstream:track)%00%(upstream:remotename)%00%(upstream:remoteref) refs/heads/master refs/remotes/master [1ms]
2026-05-19 08:59:15.696 [warning] [Git][getBranch] No such branch: master
2026-05-19 08:59:15.724 [info] > git status -z -uall [15ms]
2026-05-19 08:59:15.725 [info] > git for-each-ref --sort -committerdate --format %(refname)%00%(objectname)%00%(*objectname) [3ms]
2026-05-19 08:59:30.438 [info] [Git][getRemotes] No remotes found in the git config file
2026-05-19 08:59:30.441 [info] > git config --get commit.template [37ms]
2026-05-19 08:59:30.444 [info] > git for-each-ref --format=%(refname)%00%(upstream:short)%00%(objectname)%00%(upstream:track)%00%(upstream:remotename)%00%(upstream:remoteref) refs/heads/master refs/remotes/master [7ms]
2026-05-19 08:59:30.444 [warning] [Git][getBranch] No such branch: master
2026-05-19 08:59:30.500 [info] > git status -z -uall [33ms]
2026-05-19 08:59:30.514 [info] > git for-each-ref --sort -committerdate --format %(refname)%00%(objectname)%00%(*objectname) [15ms]
2026-05-19 08:59:35.534 [info] > git config --get commit.template [2ms]
2026-05-19 08:59:35.548 [info] [Git][getRemotes] No remotes found in the git config file
2026-05-19 08:59:35.550 [info] > git for-each-ref --format=%(refname)%00%(upstream:short)%00%(objectname)%00%(upstream:track)%00%(upstream:remotename)%00%(upstream:remoteref) refs/heads/master refs/remotes/master [2ms]
2026-05-19 08:59:35.550 [warning] [Git][getBranch] No such branch: master
2026-05-19 08:59:35.580 [info] > git status -z -uall [16ms]
2026-05-19 08:59:35.581 [info] > git for-each-ref --sort -committerdate --format %(refname)%00%(objectname)%00%(*objectname) [2ms]
2026-05-19 08:59:40.616 [info] [Git][getRemotes] No remotes found in the git config file
2026-05-19 08:59:40.617 [info] > git config --get commit.template [14ms]
2026-05-19 08:59:40.618 [info] > git for-each-ref --format=%(refname)%00%(upstream:short)%00%(objectname)%00%(upstream:track)%00%(upstream:remotename)%00%(upstream:remoteref) refs/heads/master refs/remotes/master [2ms]
2026-05-19 08:59:40.618 [warning] [Git][getBranch] No such branch: master
2026-05-19 08:59:40.645 [info] > git status -z -uall [15ms]
2026-05-19 08:59:40.646 [info] > git for-each-ref --sort -committerdate --format %(refname)%00%(objectname)%00%(*objectname) [2ms]
2026-05-19 08:59:47.883 [info] > git config --get commit.template [3ms]
2026-05-19 08:59:47.896 [info] [Git][getRemotes] No remotes found in the git config file
2026-05-19 08:59:47.897 [info] > git for-each-ref --format=%(refname)%00%(upstream:short)%00%(objectname)%00%(upstream:track)%00%(upstream:remotename)%00%(upstream:remoteref) refs/heads/master refs/remotes/master [2ms]
2026-05-19 08:59:47.898 [warning] [Git][getBranch] No such branch: master
2026-05-19 08:59:47.926 [info] > git status -z -uall [16ms]
2026-05-19 08:59:47.927 [info] > git for-each-ref --sort -committerdate --format %(refname)%00%(objectname)%00%(*objectname) [4ms]
2026-05-19 08:59:59.845 [info] [Git][getRemotes] No remotes found in the git config file
2026-05-19 08:59:59.846 [info] > git config --get commit.template [32ms]
2026-05-19 08:59:59.848 [info] > git for-each-ref --format=%(refname)%00%(upstream:short)%00%(objectname)%00%(upstream:track)%00%(upstream:remotename)%00%(upstream:remoteref) refs/heads/master refs/remotes/master [4ms]
2026-05-19 08:59:59.848 [warning] [Git][getBranch] No such branch: master
2026-05-19 08:59:59.907 [info] > git status -z -uall [28ms]
2026-05-19 08:59:59.910 [info] > git for-each-ref --sort -committerdate --format %(refname)%00%(objectname)%00%(*objectname) [5ms]
2026-05-19 09:00:04.942 [info] [Git][getRemotes] No remotes found in the git config file
2026-05-19 09:00:04.943 [info] > git config --get commit.template [15ms]
2026-05-19 09:00:04.944 [info] > git for-each-ref --format=%(refname)%00%(upstream:short)%00%(objectname)%00%(upstream:track)%00%(upstream:remotename)%00%(upstream:remoteref) refs/heads/master refs/remotes/master [3ms]
2026-05-19 09:00:04.944 [warning] [Git][getBranch] No such branch: master
2026-05-19 09:00:04.972 [info] > git status -z -uall [15ms]
2026-05-19 09:00:04.973 [info] > git for-each-ref --sort -committerdate --format %(refname)%00%(objectname)%00%(*objectname) [4ms]
2026-05-19 09:00:10.453 [info] [Git][getRemotes] No remotes found in the git config file
2026-05-19 09:00:10.454 [info] > git config --get commit.template [16ms]
2026-05-19 09:00:10.455 [info] > git for-each-ref --format=%(refname)%00%(upstream:short)%00%(objectname)%00%(upstream:track)%00%(upstream:remotename)%00%(upstream:remoteref) refs/heads/master refs/remotes/master [2ms]
2026-05-19 09:00:10.455 [warning] [Git][getBranch] No such branch: master
2026-05-19 09:00:10.483 [info] > git status -z -uall [15ms]
2026-05-19 09:00:10.487 [info] > git for-each-ref --sort -committerdate --format %(refname)%00%(objectname)%00%(*objectname) [5ms]
2026-05-19 09:00:15.521 [info] [Git][getRemotes] No remotes found in the git config file
2026-05-19 09:00:15.523 [info] > git config --get commit.template [16ms]
2026-05-19 09:00:15.523 [info] > git for-each-ref --format=%(refname)%00%(upstream:short)%00%(objectname)%00%(upstream:track)%00%(upstream:remotename)%00%(upstream:remoteref) refs/heads/master refs/remotes/master [2ms]
2026-05-19 09:00:15.523 [warning] [Git][getBranch] No such branch: master
2026-05-19 09:00:15.556 [info] > git status -z -uall [19ms]
2026-05-19 09:00:15.557 [info] > git for-each-ref --sort -committerdate --format %(refname)%00%(objectname)%00%(*objectname) [5ms]
2026-05-19 09:00:20.593 [info] [Git][getRemotes] No remotes found in the git config file
2026-05-19 09:00:20.594 [info] > git config --get commit.template [16ms]
2026-05-19 09:00:20.595 [info] > git for-each-ref --format=%(refname)%00%(upstream:short)%00%(objectname)%00%(upstream:track)%00%(upstream:remotename)%00%(upstream:remoteref) refs/heads/master refs/remotes/master [3ms]
2026-05-19 09:00:20.595 [warning] [Git][getBranch] No such branch: master
2026-05-19 09:00:20.626 [info] > git status -z -uall [18ms]
2026-05-19 09:00:20.626 [info] > git for-each-ref --sort -committerdate --format %(refname)%00%(objectname)%00%(*objectname) [4ms]
2026-05-19 09:00:25.665 [info] [Git][getRemotes] No remotes found in the git config file
2026-05-19 09:00:25.666 [info] > git config --get commit.template [16ms]
2026-05-19 09:00:25.667 [info] > git for-each-ref --format=%(refname)%00%(upstream:short)%00%(objectname)%00%(upstream:track)%00%(upstream:remotename)%00%(upstream:remoteref) refs/heads/master refs/remotes/master [2ms]
2026-05-19 09:00:25.667 [warning] [Git][getBranch] No such branch: master
2026-05-19 09:00:25.696 [info] > git status -z -uall [15ms]
2026-05-19 09:00:25.697 [info] > git for-each-ref --sort -committerdate --format %(refname)%00%(objectname)%00%(*objectname) [3ms]
2026-05-19 09:00:30.740 [info] [Git][getRemotes] No remotes found in the git config file
2026-05-19 09:00:30.741 [info] > git config --get commit.template [20ms]
2026-05-19 09:00:30.742 [info] > git for-each-ref --format=%(refname)%00%(upstream:short)%00%(objectname)%00%(upstream:track)%00%(upstream:remotename)%00%(upstream:remoteref) refs/heads/master refs/remotes/master [2ms]
2026-05-19 09:00:30.742 [warning] [Git][getBranch] No such branch: master
2026-05-19 09:00:30.777 [info] > git status -z -uall [18ms]
2026-05-19 09:00:30.779 [info] > git for-each-ref --sort -committerdate --format %(refname)%00%(objectname)%00%(*objectname) [3ms]
2026-05-19 09:00:56.795 [info] > git config --get commit.template [6ms]
2026-05-19 09:00:56.821 [info] [Git][getRemotes] No remotes found in the git config file
2026-05-19 09:00:56.823 [info] > git for-each-ref --format=%(refname)%00%(upstream:short)%00%(objectname)%00%(upstream:track)%00%(upstream:remotename)%00%(upstream:remoteref) refs/heads/master refs/remotes/master [3ms]
2026-05-19 09:00:56.823 [warning] [Git][getBranch] No such branch: master
2026-05-19 09:00:56.866 [info] > git status -z -uall [23ms]
2026-05-19 09:00:56.875 [info] > git for-each-ref --sort -committerdate --format %(refname)%00%(objectname)%00%(*objectname) [13ms]
2026-05-19 09:01:01.906 [info] [Git][getRemotes] No remotes found in the git config file
2026-05-19 09:01:01.907 [info] > git config --get commit.template [14ms]
2026-05-19 09:01:01.908 [info] > git for-each-ref --format=%(refname)%00%(upstream:short)%00%(objectname)%00%(upstream:track)%00%(upstream:remotename)%00%(upstream:remoteref) refs/heads/master refs/remotes/master [2ms]
2026-05-19 09:01:01.908 [warning] [Git][getBranch] No such branch: master
2026-05-19 09:01:01.934 [info] > git status -z -uall [13ms]
2026-05-19 09:01:01.935 [info] > git for-each-ref --sort -committerdate --format %(refname)%00%(objectname)%00%(*objectname) [2ms]
2026-05-19 09:01:43.634 [info] > git config --get commit.template [2ms]
2026-05-19 09:01:43.648 [info] [Git][getRemotes] No remotes found in the git config file
2026-05-19 09:01:43.650 [info] > git for-each-ref --format=%(refname)%00%(upstream:short)%00%(objectname)%00%(upstream:track)%00%(upstream:remotename)%00%(upstream:remoteref) refs/heads/master refs/remotes/master [2ms]
2026-05-19 09:01:43.650 [warning] [Git][getBranch] No such branch: master
2026-05-19 09:01:43.676 [info] > git status -z -uall [14ms]
2026-05-19 09:01:43.677 [info] > git for-each-ref --sort -committerdate --format %(refname)%00%(objectname)%00%(*objectname) [2ms]
2026-05-19 09:01:48.710 [info] [Git][getRemotes] No remotes found in the git config file
2026-05-19 09:01:48.711 [info] > git config --get commit.template [15ms]
2026-05-19 09:01:48.711 [info] > git for-each-ref --format=%(refname)%00%(upstream:short)%00%(objectname)%00%(upstream:track)%00%(upstream:remotename)%00%(upstream:remoteref) refs/heads/master refs/remotes/master [2ms]
2026-05-19 09:01:48.711 [warning] [Git][getBranch] No such branch: master
2026-05-19 09:01:48.749 [info] > git status -z -uall [25ms]
2026-05-19 09:01:48.749 [info] > git for-each-ref --sort -committerdate --format %(refname)%00%(objectname)%00%(*objectname) [11ms]
2026-05-19 09:01:53.781 [info] [Git][getRemotes] No remotes found in the git config file
2026-05-19 09:01:53.782 [info] > git config --get commit.template [14ms]
2026-05-19 09:01:53.783 [info] > git for-each-ref --format=%(refname)%00%(upstream:short)%00%(objectname)%00%(upstream:track)%00%(upstream:remotename)%00%(upstream:remoteref) refs/heads/master refs/remotes/master [2ms]
2026-05-19 09:01:53.783 [warning] [Git][getBranch] No such branch: master
2026-05-19 09:01:53.809 [info] > git status -z -uall [14ms]
2026-05-19 09:01:53.810 [info] > git for-each-ref --sort -committerdate --format %(refname)%00%(objectname)%00%(*objectname) [2ms]
2026-05-19 09:05:27.838 [info] [Git][getRemotes] No remotes found in the git config file
2026-05-19 09:05:27.851 [info] > git config --get commit.template [14ms]
2026-05-19 09:05:27.852 [info] > git for-each-ref --format=%(refname)%00%(upstream:short)%00%(objectname)%00%(upstream:track)%00%(upstream:remotename)%00%(upstream:remoteref) refs/heads/master refs/remotes/master [2ms]
2026-05-19 09:05:27.852 [warning] [Git][getBranch] No such branch: master
2026-05-19 09:05:27.879 [info] > git status -z -uall [13ms]
2026-05-19 09:05:27.880 [info] > git for-each-ref --sort -committerdate --format %(refname)%00%(objectname)%00%(*objectname) [2ms]
2026-05-19 09:05:37.478 [info] > git config --get commit.template [3ms]
2026-05-19 09:05:37.492 [info] [Git][getRemotes] No remotes found in the git config file
2026-05-19 09:05:37.493 [info] > git for-each-ref --format=%(refname)%00%(upstream:short)%00%(objectname)%00%(upstream:track)%00%(upstream:remotename)%00%(upstream:remoteref) refs/heads/master refs/remotes/master [2ms]
2026-05-19 09:05:37.493 [warning] [Git][getBranch] No such branch: master
2026-05-19 09:05:37.520 [info] > git status -z -uall [14ms]
2026-05-19 09:05:37.522 [info] > git for-each-ref --sort -committerdate --format %(refname)%00%(objectname)%00%(*objectname) [3ms]
2026-05-19 09:05:43.173 [info] [Git][getRemotes] No remotes found in the git config file
2026-05-19 09:05:43.174 [info] > git config --get commit.template [16ms]
2026-05-19 09:05:43.175 [info] > git for-each-ref --format=%(refname)%00%(upstream:short)%00%(objectname)%00%(upstream:track)%00%(upstream:remotename)%00%(upstream:remoteref) refs/heads/master refs/remotes/master [2ms]
2026-05-19 09:05:43.175 [warning] [Git][getBranch] No such branch: master
2026-05-19 09:05:43.200 [info] > git status -z -uall [14ms]
2026-05-19 09:05:43.201 [info] > git for-each-ref --sort -committerdate --format %(refname)%00%(objectname)%00%(*objectname) [2ms]
2026-05-19 09:05:57.371 [info] [Git][getRemotes] No remotes found in the git config file
2026-05-19 09:05:57.373 [info] > git for-each-ref --format=%(refname)%00%(upstream:short)%00%(objectname)%00%(upstream:track)%00%(upstream:remotename)%00%(upstream:remoteref) refs/heads/master refs/remotes/master [2ms]
2026-05-19 09:05:57.373 [warning] [Git][getBranch] No such branch: master
2026-05-19 09:05:57.373 [info] > git config --get commit.template [15ms]
2026-05-19 09:05:57.400 [info] > git status -z -uall [13ms]
2026-05-19 09:05:57.401 [info] > git for-each-ref --sort -committerdate --format %(refname)%00%(objectname)%00%(*objectname) [2ms]
2026-05-19 09:06:29.253 [info] [Git][getRemotes] No remotes found in the git config file
2026-05-19 09:06:29.256 [info] > git config --get commit.template [24ms]
2026-05-19 09:06:29.267 [info] > git for-each-ref --format=%(refname)%00%(upstream:short)%00%(objectname)%00%(upstream:track)%00%(upstream:remotename)%00%(upstream:remoteref) refs/heads/master refs/remotes/master [14ms]
2026-05-19 09:06:29.267 [warning] [Git][getBranch] No such branch: master
2026-05-19 09:06:29.296 [info] > git status -z -uall [16ms]
2026-05-19 09:06:29.301 [info] > git for-each-ref --sort -committerdate --format %(refname)%00%(objectname)%00%(*objectname) [7ms]
2026-05-19 09:06:34.337 [info] [Git][getRemotes] No remotes found in the git config file
2026-05-19 09:06:34.339 [info] > git config --get commit.template [16ms]
2026-05-19 09:06:34.340 [info] > git for-each-ref --format=%(refname)%00%(upstream:short)%00%(objectname)%00%(upstream:track)%00%(upstream:remotename)%00%(upstream:remoteref) refs/heads/master refs/remotes/master [3ms]
2026-05-19 09:06:34.340 [warning] [Git][getBranch] No such branch: master
2026-05-19 09:06:34.368 [info] > git status -z -uall [15ms]
2026-05-19 09:06:34.370 [info] > git for-each-ref --sort -committerdate --format %(refname)%00%(objectname)%00%(*objectname) [3ms]
2026-05-19 09:06:39.396 [info] [Git][getRemotes] No remotes found in the git config file
2026-05-19 09:06:39.399 [info] > git for-each-ref --format=%(refname)%00%(upstream:short)%00%(objectname)%00%(upstream:track)%00%(upstream:remotename)%00%(upstream:remoteref) refs/heads/master refs/remotes/master [3ms]
2026-05-19 09:06:39.399 [warning] [Git][getBranch] No such branch: master
2026-05-19 09:06:39.399 [info] > git config --get commit.template [12ms]
2026-05-19 09:06:39.422 [info] > git status -z -uall [13ms]
2026-05-19 09:06:39.423 [info] > git for-each-ref --sort -committerdate --format %(refname)%00%(objectname)%00%(*objectname) [3ms]
2026-05-19 09:06:44.455 [info] [Git][getRemotes] No remotes found in the git config file
2026-05-19 09:06:44.456 [info] > git config --get commit.template [15ms]
2026-05-19 09:06:44.457 [info] > git for-each-ref --format=%(refname)%00%(upstream:short)%00%(objectname)%00%(upstream:track)%00%(upstream:remotename)%00%(upstream:remoteref) refs/heads/master refs/remotes/master [3ms]
2026-05-19 09:06:44.457 [warning] [Git][getBranch] No such branch: master
2026-05-19 09:06:44.483 [info] > git status -z -uall [14ms]
2026-05-19 09:06:44.484 [info] > git for-each-ref --sort -committerdate --format %(refname)%00%(objectname)%00%(*objectname) [2ms]
2026-05-19 09:06:49.506 [info] > git config --get commit.template [2ms]
2026-05-19 09:06:49.521 [info] [Git][getRemotes] No remotes found in the git config file
2026-05-19 09:06:49.523 [info] > git for-each-ref --format=%(refname)%00%(upstream:short)%00%(objectname)%00%(upstream:track)%00%(upstream:remotename)%00%(upstream:remoteref) refs/heads/master refs/remotes/master [2ms]
2026-05-19 09:06:49.523 [warning] [Git][getBranch] No such branch: master
2026-05-19 09:06:49.552 [info] > git status -z -uall [15ms]
2026-05-19 09:06:49.553 [info] > git for-each-ref --sort -committerdate --format %(refname)%00%(objectname)%00%(*objectname) [2ms]
2026-05-19 09:07:06.924 [info] > git config --get commit.template [9ms]
2026-05-19 09:07:06.962 [info] [Git][getRemotes] No remotes found in the git config file
2026-05-19 09:07:06.967 [info] > git for-each-ref --format=%(refname)%00%(upstream:short)%00%(objectname)%00%(upstream:track)%00%(upstream:remotename)%00%(upstream:remoteref) refs/heads/master refs/remotes/master [5ms]
2026-05-19 09:07:06.968 [warning] [Git][getBranch] No such branch: master
2026-05-19 09:07:07.042 [info] > git status -z -uall [39ms]
2026-05-19 09:07:07.046 [info] > git for-each-ref --sort -committerdate --format %(refname)%00%(objectname)%00%(*objectname) [5ms]
2026-05-19 09:07:12.080 [info] [Git][getRemotes] No remotes found in the git config file
2026-05-19 09:07:12.081 [info] > git config --get commit.template [16ms]
2026-05-19 09:07:12.082 [info] > git for-each-ref --format=%(refname)%00%(upstream:short)%00%(objectname)%00%(upstream:track)%00%(upstream:remotename)%00%(upstream:remoteref) refs/heads/master refs/remotes/master [2ms]
2026-05-19 09:07:12.082 [warning] [Git][getBranch] No such branch: master
2026-05-19 09:07:12.109 [info] > git status -z -uall [14ms]
2026-05-19 09:07:12.111 [info] > git for-each-ref --sort -committerdate --format %(refname)%00%(objectname)%00%(*objectname) [3ms]
2026-05-19 09:07:22.622 [info] > git config --get commit.template [3ms]
2026-05-19 09:07:22.635 [info] [Git][getRemotes] No remotes found in the git config file
2026-05-19 09:07:22.637 [info] > git for-each-ref --format=%(refname)%00%(upstream:short)%00%(objectname)%00%(upstream:track)%00%(upstream:remotename)%00%(upstream:remoteref) refs/heads/master refs/remotes/master [2ms]
2026-05-19 09:07:22.637 [warning] [Git][getBranch] No such branch: master
2026-05-19 09:07:22.669 [info] > git status -z -uall [17ms]
2026-05-19 09:07:22.670 [info] > git for-each-ref --sort -committerdate --format %(refname)%00%(objectname)%00%(*objectname) [2ms]
2026-05-19 09:07:27.688 [info] [Git][getRemotes] No remotes found in the git config file
2026-05-19 09:07:27.706 [info] > git config --get commit.template [19ms]
2026-05-19 09:07:27.738 [info] > git for-each-ref --format=%(refname)%00%(upstream:short)%00%(objectname)%00%(upstream:track)%00%(upstream:remotename)%00%(upstream:remoteref) refs/heads/master refs/remotes/master [34ms]
2026-05-19 09:07:27.738 [warning] [Git][getBranch] No such branch: master
2026-05-19 09:07:27.773 [info] > git status -z -uall [21ms]
2026-05-19 09:07:27.773 [info] > git for-each-ref --sort -committerdate --format %(refname)%00%(objectname)%00%(*objectname) [6ms]
2026-05-19 09:07:32.809 [info] [Git][getRemotes] No remotes found in the git config file
2026-05-19 09:07:32.810 [info] > git config --get commit.template [16ms]
2026-05-19 09:07:32.810 [info] > git for-each-ref --format=%(refname)%00%(upstream:short)%00%(objectname)%00%(upstream:track)%00%(upstream:remotename)%00%(upstream:remoteref) refs/heads/master refs/remotes/master [2ms]
2026-05-19 09:07:32.810 [warning] [Git][getBranch] No such branch: master
2026-05-19 09:07:32.839 [info] > git status -z -uall [16ms]
2026-05-19 09:07:32.841 [info] > git for-each-ref --sort -committerdate --format %(refname)%00%(objectname)%00%(*objectname) [2ms]
2026-05-19 09:07:47.145 [info] [Git][getRemotes] No remotes found in the git config file
2026-05-19 09:07:47.145 [info] > git config --get commit.template [37ms]
2026-05-19 09:07:47.146 [info] > git for-each-ref --format=%(refname)%00%(upstream:short)%00%(objectname)%00%(upstream:track)%00%(upstream:remotename)%00%(upstream:remoteref) refs/heads/master refs/remotes/master [2ms]
2026-05-19 09:07:47.146 [warning] [Git][getBranch] No such branch: master
2026-05-19 09:07:47.200 [info] > git status -z -uall [26ms]
2026-05-19 09:07:47.211 [info] > git for-each-ref --sort -committerdate --format %(refname)%00%(objectname)%00%(*objectname) [14ms]
2026-05-19 09:07:57.842 [info] [Git][getRemotes] No remotes found in the git config file
2026-05-19 09:07:57.846 [info] > git config --get commit.template [37ms]
2026-05-19 09:07:57.849 [info] > git for-each-ref --format=%(refname)%00%(upstream:short)%00%(objectname)%00%(upstream:track)%00%(upstream:remotename)%00%(upstream:remoteref) refs/heads/master refs/remotes/master [7ms]
2026-05-19 09:07:57.850 [warning] [Git][getBranch] No such branch: master
2026-05-19 09:07:57.904 [info] > git status -z -uall [25ms]
2026-05-19 09:07:57.911 [info] > git for-each-ref --sort -committerdate --format %(refname)%00%(objectname)%00%(*objectname) [10ms]
2026-05-19 09:08:13.679 [info] > git config --get commit.template [4ms]
2026-05-19 09:08:13.714 [info] [Git][getRemotes] No remotes found in the git config file
2026-05-19 09:08:13.720 [info] > git for-each-ref --format=%(refname)%00%(upstream:short)%00%(objectname)%00%(upstream:track)%00%(upstream:remotename)%00%(upstream:remoteref) refs/heads/master refs/remotes/master [7ms]
2026-05-19 09:08:13.721 [warning] [Git][getBranch] No such branch: master
2026-05-19 09:08:13.780 [info] > git status -z -uall [28ms]
2026-05-19 09:08:13.793 [info] > git for-each-ref --sort -committerdate --format %(refname)%00%(objectname)%00%(*objectname) [15ms]
2026-05-19 09:08:25.541 [info] [Git][getRemotes] No remotes found in the git config file
2026-05-19 09:08:25.543 [info] > git config --get commit.template [25ms]
2026-05-19 09:08:25.545 [info] > git for-each-ref --format=%(refname)%00%(upstream:short)%00%(objectname)%00%(upstream:track)%00%(upstream:remotename)%00%(upstream:remoteref) refs/heads/master refs/remotes/master [5ms]
2026-05-19 09:08:25.545 [warning] [Git][getBranch] No such branch: master
2026-05-19 09:08:25.587 [info] > git status -z -uall [23ms]
2026-05-19 09:08:25.591 [info] > git for-each-ref --sort -committerdate --format %(refname)%00%(objectname)%00%(*objectname) [6ms]
2026-05-19 09:08:30.612 [info] [Git][getRemotes] No remotes found in the git config file
2026-05-19 09:08:30.627 [info] > git config --get commit.template [17ms]
2026-05-19 09:08:30.628 [info] > git for-each-ref --format=%(refname)%00%(upstream:short)%00%(objectname)%00%(upstream:track)%00%(upstream:remotename)%00%(upstream:remoteref) refs/heads/master refs/remotes/master [2ms]
2026-05-19 09:08:30.628 [warning] [Git][getBranch] No such branch: master
2026-05-19 09:08:30.656 [info] > git status -z -uall [15ms]
2026-05-19 09:08:30.657 [info] > git for-each-ref --sort -committerdate --format %(refname)%00%(objectname)%00%(*objectname) [2ms]
2026-05-19 09:08:49.297 [info] [Git][getRemotes] No remotes found in the git config file
2026-05-19 09:08:49.333 [info] > git config --get commit.template [41ms]
2026-05-19 09:08:49.338 [info] > git for-each-ref --format=%(refname)%00%(upstream:short)%00%(objectname)%00%(upstream:track)%00%(upstream:remotename)%00%(upstream:remoteref) refs/heads/master refs/remotes/master [7ms]
2026-05-19 09:08:49.338 [warning] [Git][getBranch] No such branch: master
2026-05-19 09:08:49.427 [info] > git status -z -uall [60ms]
2026-05-19 09:08:49.427 [info] > git for-each-ref --sort -committerdate --format %(refname)%00%(objectname)%00%(*objectname) [26ms]
2026-05-19 09:47:09.602 [info] [Git][getRemotes] No remotes found in the git config file
2026-05-19 09:47:09.605 [info] > git config --get commit.template [45ms]
2026-05-19 09:47:09.619 [info] > git for-each-ref --format=%(refname)%00%(upstream:short)%00%(objectname)%00%(upstream:track)%00%(upstream:remotename)%00%(upstream:remoteref) refs/heads/master refs/remotes/master [18ms]
2026-05-19 09:47:09.620 [warning] [Git][getBranch] No such branch: master
2026-05-19 09:47:09.663 [info] > git status -z -uall [21ms]
2026-05-19 09:47:09.663 [info] > git for-each-ref --sort -committerdate --format %(refname)%00%(objectname)%00%(*objectname) [7ms]
2026-05-19 09:47:15.872 [info] [Git][getRemotes] No remotes found in the git config file
2026-05-19 09:47:15.874 [info] > git config --get commit.template [23ms]
2026-05-19 09:47:15.877 [info] > git for-each-ref --format=%(refname)%00%(upstream:short)%00%(objectname)%00%(upstream:track)%00%(upstream:remotename)%00%(upstream:remoteref) refs/heads/master refs/remotes/master [5ms]
2026-05-19 09:47:15.877 [warning] [Git][getBranch] No such branch: master
2026-05-19 09:47:15.919 [info] > git status -z -uall [19ms]
2026-05-19 09:47:15.926 [info] > git for-each-ref --sort -committerdate --format %(refname)%00%(objectname)%00%(*objectname) [9ms]
2026-05-19 09:47:22.878 [info] [Git][getRemotes] No remotes found in the git config file
2026-05-19 09:47:22.891 [info] > git config --get commit.template [15ms]
2026-05-19 09:47:22.893 [info] > git for-each-ref --format=%(refname)%00%(upstream:short)%00%(objectname)%00%(upstream:track)%00%(upstream:remotename)%00%(upstream:remoteref) refs/heads/master refs/remotes/master [3ms]
2026-05-19 09:47:22.893 [warning] [Git][getBranch] No such branch: master
2026-05-19 09:47:22.922 [info] > git status -z -uall [16ms]
2026-05-19 09:47:22.923 [info] > git for-each-ref --sort -committerdate --format %(refname)%00%(objectname)%00%(*objectname) [2ms]
2026-05-19 09:47:32.250 [info] [Git][getRemotes] No remotes found in the git config file
2026-05-19 09:47:32.255 [info] > git for-each-ref --format=%(refname)%00%(upstream:short)%00%(objectname)%00%(upstream:track)%00%(upstream:remotename)%00%(upstream:remoteref) refs/heads/master refs/remotes/master [6ms]
2026-05-19 09:47:32.255 [warning] [Git][getBranch] No such branch: master
2026-05-19 09:47:32.256 [info] > git config --get commit.template [41ms]
2026-05-19 09:47:32.315 [info] > git status -z -uall [28ms]
2026-05-19 09:47:32.325 [info] > git for-each-ref --sort -committerdate --format %(refname)%00%(objectname)%00%(*objectname) [13ms]
2026-05-19 09:47:37.362 [info] [Git][getRemotes] No remotes found in the git config file
2026-05-19 09:47:37.363 [info] > git config --get commit.template [16ms]
2026-05-19 09:47:37.364 [info] > git for-each-ref --format=%(refname)%00%(upstream:short)%00%(objectname)%00%(upstream:track)%00%(upstream:remotename)%00%(upstream:remoteref) refs/heads/master refs/remotes/master [2ms]
2026-05-19 09:47:37.364 [warning] [Git][getBranch] No such branch: master
2026-05-19 09:47:37.393 [info] > git status -z -uall [15ms]
2026-05-19 09:47:37.395 [info] > git for-each-ref --sort -committerdate --format %(refname)%00%(objectname)%00%(*objectname) [3ms]
2026-05-19 09:47:43.548 [info] [Git][getRemotes] No remotes found in the git config file
2026-05-19 09:47:43.549 [info] > git config --get commit.template [19ms]
2026-05-19 09:47:43.550 [info] > git for-each-ref --format=%(refname)%00%(upstream:short)%00%(objectname)%00%(upstream:track)%00%(upstream:remotename)%00%(upstream:remoteref) refs/heads/master refs/remotes/master [2ms]
2026-05-19 09:47:43.550 [warning] [Git][getBranch] No such branch: master
2026-05-19 09:47:43.582 [info] > git status -z -uall [15ms]
2026-05-19 09:47:43.590 [info] > git for-each-ref --sort -committerdate --format %(refname)%00%(objectname)%00%(*objectname) [9ms]
2026-05-19 09:47:48.619 [info] > git config --get commit.template [10ms]
2026-05-19 09:47:48.634 [info] [Git][getRemotes] No remotes found in the git config file
2026-05-19 09:47:48.641 [info] > git for-each-ref --format=%(refname)%00%(upstream:short)%00%(objectname)%00%(upstream:track)%00%(upstream:remotename)%00%(upstream:remoteref) refs/heads/master refs/remotes/master [7ms]
2026-05-19 09:47:48.641 [warning] [Git][getBranch] No such branch: master
2026-05-19 09:47:48.668 [info] > git status -z -uall [13ms]
2026-05-19 09:47:48.671 [info] > git for-each-ref --sort -committerdate --format %(refname)%00%(objectname)%00%(*objectname) [4ms]
2026-05-19 09:47:53.709 [info] [Git][getRemotes] No remotes found in the git config file
2026-05-19 09:47:53.710 [info] > git config --get commit.template [18ms]
2026-05-19 09:47:53.710 [info] > git for-each-ref --format=%(refname)%00%(upstream:short)%00%(objectname)%00%(upstream:track)%00%(upstream:remotename)%00%(upstream:remoteref) refs/heads/master refs/remotes/master [2ms]
2026-05-19 09:47:53.710 [warning] [Git][getBranch] No such branch: master
2026-05-19 09:47:53.736 [info] > git status -z -uall [14ms]
2026-05-19 09:47:53.738 [info] > git for-each-ref --sort -committerdate --format %(refname)%00%(objectname)%00%(*objectname) [3ms]
2026-05-19 09:49:11.312 [info] > git config --get commit.template [10ms]
2026-05-19 09:49:11.348 [info] [Git][getRemotes] No remotes found in the git config file
2026-05-19 09:49:11.353 [info] > git for-each-ref --format=%(refname)%00%(upstream:short)%00%(objectname)%00%(upstream:track)%00%(upstream:remotename)%00%(upstream:remoteref) refs/heads/master refs/remotes/master [6ms]
2026-05-19 09:49:11.354 [warning] [Git][getBranch] No such branch: master
2026-05-19 09:49:11.426 [info] > git status -z -uall [37ms]
2026-05-19 09:49:11.437 [info] > git for-each-ref --sort -committerdate --format %(refname)%00%(objectname)%00%(*objectname) [15ms]
2026-05-19 09:49:17.565 [info] [Git][getRemotes] No remotes found in the git config file
2026-05-19 09:49:17.568 [info] > git config --get commit.template [36ms]
2026-05-19 09:49:17.574 [info] > git for-each-ref --format=%(refname)%00%(upstream:short)%00%(objectname)%00%(upstream:track)%00%(upstream:remotename)%00%(upstream:remoteref) refs/heads/master refs/remotes/master [8ms]
2026-05-19 09:49:17.574 [warning] [Git][getBranch] No such branch: master
2026-05-19 09:49:17.661 [info] > git status -z -uall [47ms]
2026-05-19 09:49:17.672 [info] > git for-each-ref --sort -committerdate --format %(refname)%00%(objectname)%00%(*objectname) [19ms]
2026-05-19 09:49:25.587 [info] > git config --get commit.template [3ms]
2026-05-19 09:49:25.605 [info] [Git][getRemotes] No remotes found in the git config file
2026-05-19 09:49:25.606 [info] > git for-each-ref --format=%(refname)%00%(upstream:short)%00%(objectname)%00%(upstream:track)%00%(upstream:remotename)%00%(upstream:remoteref) refs/heads/master refs/remotes/master [2ms]
2026-05-19 09:49:25.606 [warning] [Git][getBranch] No such branch: master
2026-05-19 09:49:25.637 [info] > git status -z -uall [17ms]
2026-05-19 09:49:25.638 [info] > git for-each-ref --sort -committerdate --format %(refname)%00%(objectname)%00%(*objectname) [3ms]
2026-05-19 09:55:32.015 [info] > git config --get commit.template [5ms]
2026-05-19 09:55:32.032 [info] [Git][getRemotes] No remotes found in the git config file
2026-05-19 09:55:32.034 [info] > git for-each-ref --format=%(refname)%00%(upstream:short)%00%(objectname)%00%(upstream:track)%00%(upstream:remotename)%00%(upstream:remoteref) refs/heads/master refs/remotes/master [2ms]
2026-05-19 09:55:32.034 [warning] [Git][getBranch] No such branch: master
2026-05-19 09:55:32.064 [info] > git status -z -uall [15ms]
2026-05-19 09:55:32.065 [info] > git for-each-ref --sort -committerdate --format %(refname)%00%(objectname)%00%(*objectname) [2ms]
2026-05-19 09:55:37.103 [info] [Git][getRemotes] No remotes found in the git config file
2026-05-19 09:55:37.104 [info] > git config --get commit.template [16ms]
2026-05-19 09:55:37.105 [info] > git for-each-ref --format=%(refname)%00%(upstream:short)%00%(objectname)%00%(upstream:track)%00%(upstream:remotename)%00%(upstream:remoteref) refs/heads/master refs/remotes/master [3ms]
2026-05-19 09:55:37.105 [warning] [Git][getBranch] No such branch: master
2026-05-19 09:55:37.141 [info] > git status -z -uall [22ms]
2026-05-19 09:55:37.141 [info] > git for-each-ref --sort -committerdate --format %(refname)%00%(objectname)%00%(*objectname) [6ms]
2026-05-19 09:56:06.681 [info] [Git][getRemotes] No remotes found in the git config file
2026-05-19 09:56:06.683 [info] > git config --get commit.template [37ms]
2026-05-19 09:56:06.687 [info] > git for-each-ref --format=%(refname)%00%(upstream:short)%00%(objectname)%00%(upstream:track)%00%(upstream:remotename)%00%(upstream:remoteref) refs/heads/master refs/remotes/master [6ms]
2026-05-19 09:56:06.687 [warning] [Git][getBranch] No such branch: master
2026-05-19 09:56:06.757 [info] > git status -z -uall [42ms]
2026-05-19 09:56:06.758 [info] > git for-each-ref --sort -committerdate --format %(refname)%00%(objectname)%00%(*objectname) [12ms]
2026-05-19 09:56:11.793 [info] [Git][getRemotes] No remotes found in the git config file
2026-05-19 09:56:11.794 [info] > git config --get commit.template [15ms]
2026-05-19 09:56:11.795 [info] > git for-each-ref --format=%(refname)%00%(upstream:short)%00%(objectname)%00%(upstream:track)%00%(upstream:remotename)%00%(upstream:remoteref) refs/heads/master refs/remotes/master [2ms]
2026-05-19 09:56:11.795 [warning] [Git][getBranch] No such branch: master
2026-05-19 09:56:11.822 [info] > git status -z -uall [15ms]
2026-05-19 09:56:11.823 [info] > git for-each-ref --sort -committerdate --format %(refname)%00%(objectname)%00%(*objectname) [2ms]
2026-05-19 09:56:19.918 [info] > git config --get commit.template [5ms]
2026-05-19 09:56:19.919 [info] [Git][getRemotes] No remotes found in the git config file
2026-05-19 09:56:19.955 [info] > git for-each-ref --format=%(refname)%00%(upstream:short)%00%(objectname)%00%(upstream:track)%00%(upstream:remotename)%00%(upstream:remoteref) refs/heads/master refs/remotes/master [6ms]
2026-05-19 09:56:19.955 [warning] [Git][getBranch] No such branch: master
2026-05-19 09:56:20.027 [info] > git status -z -uall [42ms]
2026-05-19 09:56:20.040 [info] > git for-each-ref --sort -committerdate --format %(refname)%00%(objectname)%00%(*objectname) [16ms]
2026-05-19 09:56:36.583 [info] [Git][getRemotes] No remotes found in the git config file
2026-05-19 09:56:36.590 [info] > git config --get commit.template [45ms]
2026-05-19 09:56:36.593 [info] > git for-each-ref --format=%(refname)%00%(upstream:short)%00%(objectname)%00%(upstream:track)%00%(upstream:remotename)%00%(upstream:remoteref) refs/heads/master refs/remotes/master [10ms]
2026-05-19 09:56:36.594 [warning] [Git][getBranch] No such branch: master
2026-05-19 09:56:36.646 [info] > git status -z -uall [20ms]
2026-05-19 09:56:36.656 [info] > git for-each-ref --sort -committerdate --format %(refname)%00%(objectname)%00%(*objectname) [11ms]
2026-05-19 09:56:44.403 [info] [Git][getRemotes] No remotes found in the git config file
2026-05-19 09:56:44.403 [info] > git config --get commit.template [17ms]
2026-05-19 09:56:44.405 [info] > git for-each-ref --format=%(refname)%00%(upstream:short)%00%(objectname)%00%(upstream:track)%00%(upstream:remotename)%00%(upstream:remoteref) refs/heads/master refs/remotes/master [3ms]
2026-05-19 09:56:44.405 [warning] [Git][getBranch] No such branch: master
2026-05-19 09:56:44.435 [info] > git status -z -uall [16ms]
2026-05-19 09:56:44.436 [info] > git for-each-ref --sort -committerdate --format %(refname)%00%(objectname)%00%(*objectname) [3ms]
2026-05-19 09:56:55.565 [info] [Git][getRemotes] No remotes found in the git config file
2026-05-19 09:56:55.567 [info] > git config --get commit.template [32ms]
2026-05-19 09:56:55.570 [info] > git for-each-ref --format=%(refname)%00%(upstream:short)%00%(objectname)%00%(upstream:track)%00%(upstream:remotename)%00%(upstream:remoteref) refs/heads/master refs/remotes/master [6ms]
2026-05-19 09:56:55.570 [warning] [Git][getBranch] No such branch: master
2026-05-19 09:56:55.638 [info] > git status -z -uall [38ms]
2026-05-19 09:56:55.654 [info] > git for-each-ref --sort -committerdate --format %(refname)%00%(objectname)%00%(*objectname) [21ms]
2026-05-19 09:57:00.677 [info] > git config --get commit.template [2ms]
2026-05-19 09:57:00.691 [info] [Git][getRemotes] No remotes found in the git config file
2026-05-19 09:57:00.693 [info] > git for-each-ref --format=%(refname)%00%(upstream:short)%00%(objectname)%00%(upstream:track)%00%(upstream:remotename)%00%(upstream:remoteref) refs/heads/master refs/remotes/master [2ms]
2026-05-19 09:57:00.693 [warning] [Git][getBranch] No such branch: master
2026-05-19 09:57:00.722 [info] > git status -z -uall [15ms]
2026-05-19 09:57:00.724 [info] > git for-each-ref --sort -committerdate --format %(refname)%00%(objectname)%00%(*objectname) [3ms]
2026-05-19 09:57:05.762 [info] [Git][getRemotes] No remotes found in the git config file
2026-05-19 09:57:05.763 [info] > git config --get commit.template [15ms]
2026-05-19 09:57:05.763 [info] > git for-each-ref --format=%(refname)%00%(upstream:short)%00%(objectname)%00%(upstream:track)%00%(upstream:remotename)%00%(upstream:remoteref) refs/heads/master refs/remotes/master [2ms]
2026-05-19 09:57:05.763 [warning] [Git][getBranch] No such branch: master
2026-05-19 09:57:05.793 [info] > git status -z -uall [16ms]
2026-05-19 09:57:05.794 [info] > git for-each-ref --sort -committerdate --format %(refname)%00%(objectname)%00%(*objectname) [2ms]
2026-05-19 09:57:12.883 [info] > git config --get commit.template [14ms]
2026-05-19 09:57:12.930 [info] [Git][getRemotes] No remotes found in the git config file
2026-05-19 09:57:12.932 [info] > git for-each-ref --format=%(refname)%00%(upstream:short)%00%(objectname)%00%(upstream:track)%00%(upstream:remotename)%00%(upstream:remoteref) refs/heads/master refs/remotes/master [2ms]
2026-05-19 09:57:12.933 [warning] [Git][getBranch] No such branch: master
2026-05-19 09:57:12.966 [info] > git status -z -uall [17ms]
2026-05-19 09:57:12.968 [info] > git for-each-ref --sort -committerdate --format %(refname)%00%(objectname)%00%(*objectname) [4ms]
2026-05-19 09:57:17.992 [info] > git config --get commit.template [2ms]
2026-05-19 09:57:18.005 [info] [Git][getRemotes] No remotes found in the git config file
2026-05-19 09:57:18.007 [info] > git for-each-ref --format=%(refname)%00%(upstream:short)%00%(objectname)%00%(upstream:track)%00%(upstream:remotename)%00%(upstream:remoteref) refs/heads/master refs/remotes/master [2ms]
2026-05-19 09:57:18.007 [warning] [Git][getBranch] No such branch: master
2026-05-19 09:57:18.034 [info] > git status -z -uall [14ms]
2026-05-19 09:57:18.035 [info] > git for-each-ref --sort -committerdate --format %(refname)%00%(objectname)%00%(*objectname) [3ms]
2026-05-19 09:57:26.665 [info] [Git][getRemotes] No remotes found in the git config file
2026-05-19 09:57:26.666 [info] > git config --get commit.template [16ms]
2026-05-19 09:57:26.667 [info] > git for-each-ref --format=%(refname)%00%(upstream:short)%00%(objectname)%00%(upstream:track)%00%(upstream:remotename)%00%(upstream:remoteref) refs/heads/master refs/remotes/master [2ms]
2026-05-19 09:57:26.667 [warning] [Git][getBranch] No such branch: master
2026-05-19 09:57:26.695 [info] > git status -z -uall [14ms]
2026-05-19 09:57:26.696 [info] > git for-each-ref --sort -committerdate --format %(refname)%00%(objectname)%00%(*objectname) [3ms]
2026-05-19 09:57:34.640 [info] [Git][getRemotes] No remotes found in the git config file
2026-05-19 09:57:34.641 [info] > git config --get commit.template [38ms]
2026-05-19 09:57:34.641 [info] > git for-each-ref --format=%(refname)%00%(upstream:short)%00%(objectname)%00%(upstream:track)%00%(upstream:remotename)%00%(upstream:remoteref) refs/heads/master refs/remotes/master [1ms]
2026-05-19 09:57:34.641 [warning] [Git][getBranch] No such branch: master
2026-05-19 09:57:34.709 [info] > git status -z -uall [37ms]
2026-05-19 09:57:34.722 [info] > git for-each-ref --sort -committerdate --format %(refname)%00%(objectname)%00%(*objectname) [15ms]
2026-05-19 09:58:20.239 [info] [Git][getRemotes] No remotes found in the git config file
2026-05-19 09:58:20.239 [info] > git config --get commit.template [37ms]
2026-05-19 09:58:20.240 [info] > git for-each-ref --format=%(refname)%00%(upstream:short)%00%(objectname)%00%(upstream:track)%00%(upstream:remotename)%00%(upstream:remoteref) refs/heads/master refs/remotes/master [2ms]
2026-05-19 09:58:20.240 [warning] [Git][getBranch] No such branch: master
2026-05-19 09:58:20.290 [info] > git status -z -uall [32ms]
2026-05-19 09:58:20.290 [info] > git for-each-ref --sort -committerdate --format %(refname)%00%(objectname)%00%(*objectname) [14ms]
2026-05-19 09:58:25.605 [info] [Git][getRemotes] No remotes found in the git config file
2026-05-19 09:58:25.606 [info] > git config --get commit.template [17ms]
2026-05-19 09:58:25.615 [info] > git for-each-ref --format=%(refname)%00%(upstream:short)%00%(objectname)%00%(upstream:track)%00%(upstream:remotename)%00%(upstream:remoteref) refs/heads/master refs/remotes/master [10ms]
2026-05-19 09:58:25.616 [warning] [Git][getBranch] No such branch: master
2026-05-19 09:58:25.644 [info] > git status -z -uall [15ms]
2026-05-19 09:58:25.646 [info] > git for-each-ref --sort -committerdate --format %(refname)%00%(objectname)%00%(*objectname) [3ms]
2026-05-19 09:58:31.709 [info] > git config --get commit.template [7ms]
2026-05-19 09:58:31.739 [info] [Git][getRemotes] No remotes found in the git config file
2026-05-19 09:58:31.753 [info] > git for-each-ref --format=%(refname)%00%(upstream:short)%00%(objectname)%00%(upstream:track)%00%(upstream:remotename)%00%(upstream:remoteref) refs/heads/master refs/remotes/master [15ms]
2026-05-19 09:58:31.754 [warning] [Git][getBranch] No such branch: master
2026-05-19 09:58:31.809 [info] > git status -z -uall [27ms]
2026-05-19 09:58:31.820 [info] > git for-each-ref --sort -committerdate --format %(refname)%00%(objectname)%00%(*objectname) [14ms]
2026-05-19 09:58:52.968 [info] [Git][getRemotes] No remotes found in the git config file
2026-05-19 09:58:52.969 [info] > git config --get commit.template [16ms]
2026-05-19 09:58:52.969 [info] > git for-each-ref --format=%(refname)%00%(upstream:short)%00%(objectname)%00%(upstream:track)%00%(upstream:remotename)%00%(upstream:remoteref) refs/heads/master refs/remotes/master [2ms]
2026-05-19 09:58:52.970 [warning] [Git][getBranch] No such branch: master
2026-05-19 09:58:52.998 [info] > git status -z -uall [16ms]
2026-05-19 09:58:52.999 [info] > git for-each-ref --sort -committerdate --format %(refname)%00%(objectname)%00%(*objectname) [2ms]
2026-05-19 09:59:01.659 [info] [Git][getRemotes] No remotes found in the git config file
2026-05-19 09:59:01.663 [info] > git config --get commit.template [42ms]
2026-05-19 09:59:01.668 [info] > git for-each-ref --format=%(refname)%00%(upstream:short)%00%(objectname)%00%(upstream:track)%00%(upstream:remotename)%00%(upstream:remoteref) refs/heads/master refs/remotes/master [10ms]
2026-05-19 09:59:01.668 [warning] [Git][getBranch] No such branch: master
2026-05-19 09:59:01.736 [info] > git status -z -uall [31ms]
2026-05-19 09:59:01.741 [info] > git for-each-ref --sort -committerdate --format %(refname)%00%(objectname)%00%(*objectname) [6ms]
2026-05-19 10:00:14.198 [info] [Git][getRemotes] No remotes found in the git config file
2026-05-19 10:00:14.199 [info] > git config --get commit.template [16ms]
2026-05-19 10:00:14.206 [info] > git for-each-ref --format=%(refname)%00%(upstream:short)%00%(objectname)%00%(upstream:track)%00%(upstream:remotename)%00%(upstream:remoteref) refs/heads/master refs/remotes/master [8ms]
2026-05-19 10:00:14.207 [warning] [Git][getBranch] No such branch: master
2026-05-19 10:00:14.242 [info] > git status -z -uall [19ms]
2026-05-19 10:00:14.242 [info] > git for-each-ref --sort -committerdate --format %(refname)%00%(objectname)%00%(*objectname) [5ms]
2026-05-19 10:00:19.277 [info] > git config --get commit.template [8ms]
2026-05-19 10:00:19.298 [info] [Git][getRemotes] No remotes found in the git config file
2026-05-19 10:00:19.301 [info] > git for-each-ref --format=%(refname)%00%(upstream:short)%00%(objectname)%00%(upstream:track)%00%(upstream:remotename)%00%(upstream:remoteref) refs/heads/master refs/remotes/master [3ms]
2026-05-19 10:00:19.301 [warning] [Git][getBranch] No such branch: master
2026-05-19 10:00:19.346 [info] > git status -z -uall [27ms]
2026-05-19 10:00:19.347 [info] > git for-each-ref --sort -committerdate --format %(refname)%00%(objectname)%00%(*objectname) [11ms]
2026-05-19 10:00:25.632 [info] [Git][getRemotes] No remotes found in the git config file
2026-05-19 10:00:25.632 [info] > git config --get commit.template [14ms]
2026-05-19 10:00:25.634 [info] > git for-each-ref --format=%(refname)%00%(upstream:short)%00%(objectname)%00%(upstream:track)%00%(upstream:remotename)%00%(upstream:remoteref) refs/heads/master refs/remotes/master [3ms]
2026-05-19 10:00:25.634 [warning] [Git][getBranch] No such branch: master
2026-05-19 10:00:25.662 [info] > git status -z -uall [15ms]
2026-05-19 10:00:25.663 [info] > git for-each-ref --sort -committerdate --format %(refname)%00%(objectname)%00%(*objectname) [2ms]
2026-05-19 10:00:58.849 [info] > git config --get commit.template [6ms]
2026-05-19 10:00:58.889 [info] [Git][getRemotes] No remotes found in the git config file
2026-05-19 10:00:58.895 [info] > git for-each-ref --format=%(refname)%00%(upstream:short)%00%(objectname)%00%(upstream:track)%00%(upstream:remotename)%00%(upstream:remoteref) refs/heads/master refs/remotes/master [5ms]
2026-05-19 10:00:58.895 [warning] [Git][getBranch] No such branch: master
2026-05-19 10:00:58.951 [info] > git status -z -uall [18ms]
2026-05-19 10:00:58.959 [info] > git for-each-ref --sort -committerdate --format %(refname)%00%(objectname)%00%(*objectname) [9ms]
2026-05-19 10:01:04.492 [info] [Git][getRemotes] No remotes found in the git config file
2026-05-19 10:01:04.498 [info] > git for-each-ref --format=%(refname)%00%(upstream:short)%00%(objectname)%00%(upstream:track)%00%(upstream:remotename)%00%(upstream:remoteref) refs/heads/master refs/remotes/master [7ms]
2026-05-19 10:01:04.498 [warning] [Git][getBranch] No such branch: master
2026-05-19 10:01:04.498 [info] > git config --get commit.template [40ms]
2026-05-19 10:01:04.557 [info] > git status -z -uall [32ms]
2026-05-19 10:01:04.575 [info] > git for-each-ref --sort -committerdate --format %(refname)%00%(objectname)%00%(*objectname) [20ms]
2026-05-19 10:01:10.976 [info] > git config --get commit.template [6ms]
2026-05-19 10:01:11.010 [info] [Git][getRemotes] No remotes found in the git config file
2026-05-19 10:01:11.016 [info] > git for-each-ref --format=%(refname)%00%(upstream:short)%00%(objectname)%00%(upstream:track)%00%(upstream:remotename)%00%(upstream:remoteref) refs/heads/master refs/remotes/master [7ms]
2026-05-19 10:01:11.016 [warning] [Git][getBranch] No such branch: master
2026-05-19 10:01:11.065 [info] > git status -z -uall [22ms]
2026-05-19 10:01:11.078 [info] > git for-each-ref --sort -committerdate --format %(refname)%00%(objectname)%00%(*objectname) [17ms]
2026-05-19 10:01:21.059 [info] [Git][getRemotes] No remotes found in the git config file
2026-05-19 10:01:21.062 [info] > git config --get commit.template [42ms]
2026-05-19 10:01:21.064 [info] > git for-each-ref --format=%(refname)%00%(upstream:short)%00%(objectname)%00%(upstream:track)%00%(upstream:remotename)%00%(upstream:remoteref) refs/heads/master refs/remotes/master [6ms]
2026-05-19 10:01:21.064 [warning] [Git][getBranch] No such branch: master
2026-05-19 10:01:21.147 [info] > git status -z -uall [51ms]
2026-05-19 10:01:21.147 [info] > git for-each-ref --sort -committerdate --format %(refname)%00%(objectname)%00%(*objectname) [15ms]
2026-05-19 10:01:26.183 [info] [Git][getRemotes] No remotes found in the git config file
2026-05-19 10:01:26.210 [info] > git config --get commit.template [29ms]
2026-05-19 10:01:26.212 [info] > git for-each-ref --format=%(refname)%00%(upstream:short)%00%(objectname)%00%(upstream:track)%00%(upstream:remotename)%00%(upstream:remoteref) refs/heads/master refs/remotes/master [6ms]
2026-05-19 10:01:26.212 [warning] [Git][getBranch] No such branch: master
2026-05-19 10:01:26.258 [info] > git status -z -uall [24ms]
2026-05-19 10:01:26.260 [info] > git for-each-ref --sort -committerdate --format %(refname)%00%(objectname)%00%(*objectname) [4ms]
2026-05-19 10:01:42.931 [info] [Git][getRemotes] No remotes found in the git config file
2026-05-19 10:01:42.932 [info] > git config --get commit.template [16ms]
2026-05-19 10:01:42.933 [info] > git for-each-ref --format=%(refname)%00%(upstream:short)%00%(objectname)%00%(upstream:track)%00%(upstream:remotename)%00%(upstream:remoteref) refs/heads/master refs/remotes/master [2ms]
2026-05-19 10:01:42.933 [warning] [Git][getBranch] No such branch: master
2026-05-19 10:01:42.962 [info] > git status -z -uall [16ms]
2026-05-19 10:01:42.963 [info] > git for-each-ref --sort -committerdate --format %(refname)%00%(objectname)%00%(*objectname) [3ms]
2026-05-19 10:01:53.594 [info] [Git][getRemotes] No remotes found in the git config file
2026-05-19 10:01:53.608 [info] > git config --get commit.template [16ms]
2026-05-19 10:01:53.609 [info] > git for-each-ref --format=%(refname)%00%(upstream:short)%00%(objectname)%00%(upstream:track)%00%(upstream:remotename)%00%(upstream:remoteref) refs/heads/master refs/remotes/master [2ms]
2026-05-19 10:01:53.609 [warning] [Git][getBranch] No such branch: master
2026-05-19 10:01:53.636 [info] > git status -z -uall [14ms]
2026-05-19 10:01:53.637 [info] > git for-each-ref --sort -committerdate --format %(refname)%00%(objectname)%00%(*objectname) [2ms]
2026-05-19 10:01:58.674 [info] [Git][getRemotes] No remotes found in the git config file
2026-05-19 10:01:58.675 [info] > git config --get commit.template [16ms]
2026-05-19 10:01:58.676 [info] > git for-each-ref --format=%(refname)%00%(upstream:short)%00%(objectname)%00%(upstream:track)%00%(upstream:remotename)%00%(upstream:remoteref) refs/heads/master refs/remotes/master [2ms]
2026-05-19 10:01:58.676 [warning] [Git][getBranch] No such branch: master
2026-05-19 10:01:58.704 [info] > git status -z -uall [15ms]
2026-05-19 10:01:58.705 [info] > git for-each-ref --sort -committerdate --format %(refname)%00%(objectname)%00%(*objectname) [2ms]
2026-05-19 10:02:03.727 [info] > git config --get commit.template [1ms]
2026-05-19 10:02:03.740 [info] [Git][getRemotes] No remotes found in the git config file
2026-05-19 10:02:03.741 [info] > git for-each-ref --format=%(refname)%00%(upstream:short)%00%(objectname)%00%(upstream:track)%00%(upstream:remotename)%00%(upstream:remoteref) refs/heads/master refs/remotes/master [1ms]
2026-05-19 10:02:03.742 [warning] [Git][getBranch] No such branch: master
2026-05-19 10:02:03.769 [info] > git status -z -uall [15ms]
2026-05-19 10:02:03.770 [info] > git for-each-ref --sort -committerdate --format %(refname)%00%(objectname)%00%(*objectname) [2ms]
2026-05-19 10:02:08.800 [info] > git config --get commit.template [9ms]
2026-05-19 10:02:08.816 [info] [Git][getRemotes] No remotes found in the git config file
2026-05-19 10:02:08.817 [info] > git for-each-ref --format=%(refname)%00%(upstream:short)%00%(objectname)%00%(upstream:track)%00%(upstream:remotename)%00%(upstream:remoteref) refs/heads/master refs/remotes/master [2ms]
2026-05-19 10:02:08.817 [warning] [Git][getBranch] No such branch: master
2026-05-19 10:02:08.845 [info] > git status -z -uall [15ms]
2026-05-19 10:02:08.846 [info] > git for-each-ref --sort -committerdate --format %(refname)%00%(objectname)%00%(*objectname) [2ms]
2026-05-19 10:02:13.865 [info] > git config --get commit.template [2ms]
2026-05-19 10:02:13.879 [info] [Git][getRemotes] No remotes found in the git config file
2026-05-19 10:02:13.880 [info] > git for-each-ref --format=%(refname)%00%(upstream:short)%00%(objectname)%00%(upstream:track)%00%(upstream:remotename)%00%(upstream:remoteref) refs/heads/master refs/remotes/master [2ms]
2026-05-19 10:02:13.880 [warning] [Git][getBranch] No such branch: master
2026-05-19 10:02:13.906 [info] > git status -z -uall [14ms]
2026-05-19 10:02:13.908 [info] > git for-each-ref --sort -committerdate --format %(refname)%00%(objectname)%00%(*objectname) [3ms]
2026-05-19 10:02:18.942 [info] [Git][getRemotes] No remotes found in the git config file
2026-05-19 10:02:18.943 [info] > git config --get commit.template [16ms]
2026-05-19 10:02:18.943 [info] > git for-each-ref --format=%(refname)%00%(upstream:short)%00%(objectname)%00%(upstream:track)%00%(upstream:remotename)%00%(upstream:remoteref) refs/heads/master refs/remotes/master [2ms]
2026-05-19 10:02:18.943 [warning] [Git][getBranch] No such branch: master
2026-05-19 10:02:18.974 [info] > git status -z -uall [17ms]
2026-05-19 10:02:18.976 [info] > git for-each-ref --sort -committerdate --format %(refname)%00%(objectname)%00%(*objectname) [4ms]
2026-05-19 10:02:23.995 [info] [Git][getRemotes] No remotes found in the git config file
2026-05-19 10:02:24.009 [info] > git config --get commit.template [15ms]
2026-05-19 10:02:24.010 [info] > git for-each-ref --format=%(refname)%00%(upstream:short)%00%(objectname)%00%(upstream:track)%00%(upstream:remotename)%00%(upstream:remoteref) refs/heads/master refs/remotes/master [2ms]
2026-05-19 10:02:24.010 [warning] [Git][getBranch] No such branch: master
2026-05-19 10:02:24.037 [info] > git status -z -uall [15ms]
2026-05-19 10:02:24.038 [info] > git for-each-ref --sort -committerdate --format %(refname)%00%(objectname)%00%(*objectname) [2ms]
2026-05-19 10:02:29.061 [info] > git config --get commit.template [2ms]
2026-05-19 10:02:29.076 [info] [Git][getRemotes] No remotes found in the git config file
2026-05-19 10:02:29.078 [info] > git for-each-ref --format=%(refname)%00%(upstream:short)%00%(objectname)%00%(upstream:track)%00%(upstream:remotename)%00%(upstream:remoteref) refs/heads/master refs/remotes/master [2ms]
2026-05-19 10:02:29.078 [warning] [Git][getBranch] No such branch: master
2026-05-19 10:02:29.107 [info] > git status -z -uall [15ms]
2026-05-19 10:02:29.109 [info] > git for-each-ref --sort -committerdate --format %(refname)%00%(objectname)%00%(*objectname) [3ms]
2026-05-19 10:02:34.135 [info] > git config --get commit.template [4ms]
2026-05-19 10:02:34.149 [info] [Git][getRemotes] No remotes found in the git config file
2026-05-19 10:02:34.150 [info] > git for-each-ref --format=%(refname)%00%(upstream:short)%00%(objectname)%00%(upstream:track)%00%(upstream:remotename)%00%(upstream:remoteref) refs/heads/master refs/remotes/master [2ms]
2026-05-19 10:02:34.150 [warning] [Git][getBranch] No such branch: master
2026-05-19 10:02:34.178 [info] > git status -z -uall [15ms]
2026-05-19 10:02:34.179 [info] > git for-each-ref --sort -committerdate --format %(refname)%00%(objectname)%00%(*objectname) [2ms]
2026-05-19 10:02:42.682 [info] [Git][getRemotes] No remotes found in the git config file
2026-05-19 10:02:42.684 [info] > git config --get commit.template [15ms]
2026-05-19 10:02:42.684 [info] > git for-each-ref --format=%(refname)%00%(upstream:short)%00%(objectname)%00%(upstream:track)%00%(upstream:remotename)%00%(upstream:remoteref) refs/heads/master refs/remotes/master [2ms]
2026-05-19 10:02:42.684 [warning] [Git][getBranch] No such branch: master
2026-05-19 10:02:42.712 [info] > git status -z -uall [15ms]
2026-05-19 10:02:42.713 [info] > git for-each-ref --sort -committerdate --format %(refname)%00%(objectname)%00%(*objectname) [2ms]
2026-05-19 10:03:08.544 [info] [Git][getRemotes] No remotes found in the git config file
2026-05-19 10:03:08.547 [info] > git for-each-ref --format=%(refname)%00%(upstream:short)%00%(objectname)%00%(upstream:track)%00%(upstream:remotename)%00%(upstream:remoteref) refs/heads/master refs/remotes/master [3ms]
2026-05-19 10:03:08.547 [warning] [Git][getBranch] No such branch: master
2026-05-19 10:03:08.547 [info] > git config --get commit.template [17ms]
2026-05-19 10:03:08.573 [info] > git status -z -uall [13ms]
2026-05-19 10:03:08.574 [info] > git for-each-ref --sort -committerdate --format %(refname)%00%(objectname)%00%(*objectname) [1ms]
2026-05-19 10:03:13.596 [info] > git config --get commit.template [2ms]
2026-05-19 10:03:13.610 [info] [Git][getRemotes] No remotes found in the git config file
2026-05-19 10:03:13.611 [info] > git for-each-ref --format=%(refname)%00%(upstream:short)%00%(objectname)%00%(upstream:track)%00%(upstream:remotename)%00%(upstream:remoteref) refs/heads/master refs/remotes/master [1ms]
2026-05-19 10:03:13.611 [warning] [Git][getBranch] No such branch: master
2026-05-19 10:03:13.640 [info] > git status -z -uall [16ms]
2026-05-19 10:03:13.641 [info] > git for-each-ref --sort -committerdate --format %(refname)%00%(objectname)%00%(*objectname) [3ms]
2026-05-19 10:03:18.666 [info] > git config --get commit.template [4ms]
2026-05-19 10:03:18.680 [info] [Git][getRemotes] No remotes found in the git config file
2026-05-19 10:03:18.682 [info] > git for-each-ref --format=%(refname)%00%(upstream:short)%00%(objectname)%00%(upstream:track)%00%(upstream:remotename)%00%(upstream:remoteref) refs/heads/master refs/remotes/master [3ms]
2026-05-19 10:03:18.682 [warning] [Git][getBranch] No such branch: master
2026-05-19 10:03:18.710 [info] > git status -z -uall [15ms]
2026-05-19 10:03:18.712 [info] > git for-each-ref --sort -committerdate --format %(refname)%00%(objectname)%00%(*objectname) [3ms]
2026-05-19 10:03:23.744 [info] [Git][getRemotes] No remotes found in the git config file
2026-05-19 10:03:23.745 [info] > git config --get commit.template [15ms]
2026-05-19 10:03:23.745 [info] > git for-each-ref --format=%(refname)%00%(upstream:short)%00%(objectname)%00%(upstream:track)%00%(upstream:remotename)%00%(upstream:remoteref) refs/heads/master refs/remotes/master [2ms]
2026-05-19 10:03:23.745 [warning] [Git][getBranch] No such branch: master
2026-05-19 10:03:23.772 [info] > git status -z -uall [14ms]
2026-05-19 10:03:23.773 [info] > git for-each-ref --sort -committerdate --format %(refname)%00%(objectname)%00%(*objectname) [2ms]
2026-05-19 10:04:32.374 [info] [Git][getRemotes] No remotes found in the git config file
2026-05-19 10:04:32.376 [info] > git for-each-ref --format=%(refname)%00%(upstream:short)%00%(objectname)%00%(upstream:track)%00%(upstream:remotename)%00%(upstream:remoteref) refs/heads/master refs/remotes/master [2ms]
2026-05-19 10:04:32.377 [warning] [Git][getBranch] No such branch: master
2026-05-19 10:04:32.377 [info] > git config --get commit.template [17ms]
2026-05-19 10:04:32.403 [info] > git status -z -uall [14ms]
2026-05-19 10:04:32.405 [info] > git for-each-ref --sort -committerdate --format %(refname)%00%(objectname)%00%(*objectname) [3ms]
2026-05-19 10:04:43.156 [info] [Git][getRemotes] No remotes found in the git config file
2026-05-19 10:04:43.157 [info] > git config --get commit.template [16ms]
2026-05-19 10:04:43.158 [info] > git for-each-ref --format=%(refname)%00%(upstream:short)%00%(objectname)%00%(upstream:track)%00%(upstream:remotename)%00%(upstream:remoteref) refs/heads/master refs/remotes/master [2ms]
2026-05-19 10:04:43.158 [warning] [Git][getBranch] No such branch: master
2026-05-19 10:04:43.188 [info] > git status -z -uall [17ms]
2026-05-19 10:04:43.189 [info] > git for-each-ref --sort -committerdate --format %(refname)%00%(objectname)%00%(*objectname) [5ms]
2026-05-19 10:04:48.221 [info] [Git][getRemotes] No remotes found in the git config file
2026-05-19 10:04:48.222 [info] > git config --get commit.template [15ms]
2026-05-19 10:04:48.223 [info] > git for-each-ref --format=%(refname)%00%(upstream:short)%00%(objectname)%00%(upstream:track)%00%(upstream:remotename)%00%(upstream:remoteref) refs/heads/master refs/remotes/master [2ms]
2026-05-19 10:04:48.223 [warning] [Git][getBranch] No such branch: master
2026-05-19 10:04:48.250 [info] > git status -z -uall [15ms]
2026-05-19 10:04:48.251 [info] > git for-each-ref --sort -committerdate --format %(refname)%00%(objectname)%00%(*objectname) [3ms]
2026-05-19 10:04:55.176 [info] [Git][getRemotes] No remotes found in the git config file
2026-05-19 10:04:55.177 [info] > git config --get commit.template [16ms]
2026-05-19 10:04:55.182 [info] > git for-each-ref --format=%(refname)%00%(upstream:short)%00%(objectname)%00%(upstream:track)%00%(upstream:remotename)%00%(upstream:remoteref) refs/heads/master refs/remotes/master [7ms]
2026-05-19 10:04:55.183 [warning] [Git][getBranch] No such branch: master
2026-05-19 10:04:55.214 [info] > git status -z -uall [18ms]
2026-05-19 10:04:55.214 [info] > git for-each-ref --sort -committerdate --format %(refname)%00%(objectname)%00%(*objectname) [5ms]
2026-05-19 10:05:00.248 [info] [Git][getRemotes] No remotes found in the git config file
2026-05-19 10:05:00.249 [info] > git config --get commit.template [15ms]
2026-05-19 10:05:00.249 [info] > git for-each-ref --format=%(refname)%00%(upstream:short)%00%(objectname)%00%(upstream:track)%00%(upstream:remotename)%00%(upstream:remoteref) refs/heads/master refs/remotes/master [2ms]
2026-05-19 10:05:00.250 [warning] [Git][getBranch] No such branch: master
2026-05-19 10:05:00.277 [info] > git status -z -uall [15ms]
2026-05-19 10:05:00.278 [info] > git for-each-ref --sort -committerdate --format %(refname)%00%(objectname)%00%(*objectname) [2ms]
2026-05-19 10:05:05.314 [info] [Git][getRemotes] No remotes found in the git config file
2026-05-19 10:05:05.315 [info] > git config --get commit.template [14ms]
2026-05-19 10:05:05.316 [info] > git for-each-ref --format=%(refname)%00%(upstream:short)%00%(objectname)%00%(upstream:track)%00%(upstream:remotename)%00%(upstream:remoteref) refs/heads/master refs/remotes/master [2ms]
2026-05-19 10:05:05.316 [warning] [Git][getBranch] No such branch: master
2026-05-19 10:05:05.343 [info] > git status -z -uall [15ms]
2026-05-19 10:05:05.344 [info] > git for-each-ref --sort -committerdate --format %(refname)%00%(objectname)%00%(*objectname) [2ms]
2026-05-19 10:05:10.382 [info] [Git][getRemotes] No remotes found in the git config file
2026-05-19 10:05:10.383 [info] > git config --get commit.template [17ms]
2026-05-19 10:05:10.383 [info] > git for-each-ref --format=%(refname)%00%(upstream:short)%00%(objectname)%00%(upstream:track)%00%(upstream:remotename)%00%(upstream:remoteref) refs/heads/master refs/remotes/master [2ms]
2026-05-19 10:05:10.384 [warning] [Git][getBranch] No such branch: master
2026-05-19 10:05:10.411 [info] > git status -z -uall [14ms]
2026-05-19 10:05:10.412 [info] > git for-each-ref --sort -committerdate --format %(refname)%00%(objectname)%00%(*objectname) [2ms]
2026-05-19 10:05:15.446 [info] [Git][getRemotes] No remotes found in the git config file
2026-05-19 10:05:15.447 [info] > git config --get commit.template [15ms]
2026-05-19 10:05:15.448 [info] > git for-each-ref --format=%(refname)%00%(upstream:short)%00%(objectname)%00%(upstream:track)%00%(upstream:remotename)%00%(upstream:remoteref) refs/heads/master refs/remotes/master [2ms]
2026-05-19 10:05:15.448 [warning] [Git][getBranch] No such branch: master
2026-05-19 10:05:15.476 [info] > git status -z -uall [15ms]
2026-05-19 10:05:15.477 [info] > git for-each-ref --sort -committerdate --format %(refname)%00%(objectname)%00%(*objectname) [2ms]
2026-05-19 10:05:30.546 [info] > git config --get commit.template [32ms]
2026-05-19 10:05:30.572 [info] [Git][getRemotes] No remotes found in the git config file
2026-05-19 10:05:30.578 [info] > git for-each-ref --format=%(refname)%00%(upstream:short)%00%(objectname)%00%(upstream:track)%00%(upstream:remotename)%00%(upstream:remoteref) refs/heads/master refs/remotes/master [6ms]
2026-05-19 10:05:30.578 [warning] [Git][getBranch] No such branch: master
2026-05-19 10:05:30.639 [info] > git status -z -uall [45ms]
2026-05-19 10:05:30.639 [info] > git for-each-ref --sort -committerdate --format %(refname)%00%(objectname)%00%(*objectname) [26ms]
2026-05-19 10:05:35.675 [info] [Git][getRemotes] No remotes found in the git config file
2026-05-19 10:05:35.676 [info] > git config --get commit.template [15ms]
2026-05-19 10:05:35.677 [info] > git for-each-ref --format=%(refname)%00%(upstream:short)%00%(objectname)%00%(upstream:track)%00%(upstream:remotename)%00%(upstream:remoteref) refs/heads/master refs/remotes/master [2ms]
2026-05-19 10:05:35.677 [warning] [Git][getBranch] No such branch: master
2026-05-19 10:05:35.706 [info] > git status -z -uall [15ms]
2026-05-19 10:05:35.708 [info] > git for-each-ref --sort -committerdate --format %(refname)%00%(objectname)%00%(*objectname) [3ms]
2026-05-19 10:05:43.262 [info] > git config --get commit.template [2ms]
2026-05-19 10:05:43.279 [info] [Git][getRemotes] No remotes found in the git config file
2026-05-19 10:05:43.282 [info] > git for-each-ref --format=%(refname)%00%(upstream:short)%00%(objectname)%00%(upstream:track)%00%(upstream:remotename)%00%(upstream:remoteref) refs/heads/master refs/remotes/master [4ms]
2026-05-19 10:05:43.282 [warning] [Git][getBranch] No such branch: master
2026-05-19 10:05:43.311 [info] > git status -z -uall [15ms]
2026-05-19 10:05:43.313 [info] > git for-each-ref --sort -committerdate --format %(refname)%00%(objectname)%00%(*objectname) [3ms]
2026-05-19 10:06:04.577 [info] [Git][getRemotes] No remotes found in the git config file
2026-05-19 10:06:04.581 [info] > git config --get commit.template [36ms]
2026-05-19 10:06:04.582 [info] > git for-each-ref --format=%(refname)%00%(upstream:short)%00%(objectname)%00%(upstream:track)%00%(upstream:remotename)%00%(upstream:remoteref) refs/heads/master refs/remotes/master [5ms]
2026-05-19 10:06:04.582 [warning] [Git][getBranch] No such branch: master
2026-05-19 10:06:04.655 [info] > git status -z -uall [39ms]
2026-05-19 10:06:04.659 [info] > git for-each-ref --sort -committerdate --format %(refname)%00%(objectname)%00%(*objectname) [11ms]
2026-05-19 10:06:25.174 [info] [Git][getRemotes] No remotes found in the git config file
2026-05-19 10:06:25.190 [info] > git config --get commit.template [16ms]
2026-05-19 10:06:25.190 [info] > git for-each-ref --format=%(refname)%00%(upstream:short)%00%(objectname)%00%(upstream:track)%00%(upstream:remotename)%00%(upstream:remoteref) refs/heads/master refs/remotes/master [2ms]
2026-05-19 10:06:25.190 [warning] [Git][getBranch] No such branch: master
2026-05-19 10:06:25.228 [info] > git status -z -uall [25ms]
2026-05-19 10:06:25.228 [info] > git for-each-ref --sort -committerdate --format %(refname)%00%(objectname)%00%(*objectname) [10ms]
2026-05-19 10:06:35.878 [info] [Git][getRemotes] No remotes found in the git config file
2026-05-19 10:06:35.879 [info] > git config --get commit.template [17ms]
2026-05-19 10:06:35.880 [info] > git for-each-ref --format=%(refname)%00%(upstream:short)%00%(objectname)%00%(upstream:track)%00%(upstream:remotename)%00%(upstream:remoteref) refs/heads/master refs/remotes/master [3ms]
2026-05-19 10:06:35.880 [warning] [Git][getBranch] No such branch: master
2026-05-19 10:06:35.910 [info] > git status -z -uall [16ms]
2026-05-19 10:06:35.911 [info] > git for-each-ref --sort -committerdate --format %(refname)%00%(objectname)%00%(*objectname) [3ms]
2026-05-19 10:06:40.946 [info] [Git][getRemotes] No remotes found in the git config file
2026-05-19 10:06:40.948 [info] > git config --get commit.template [16ms]
2026-05-19 10:06:40.951 [info] > git for-each-ref --format=%(refname)%00%(upstream:short)%00%(objectname)%00%(upstream:track)%00%(upstream:remotename)%00%(upstream:remoteref) refs/heads/master refs/remotes/master [5ms]
2026-05-19 10:06:40.951 [warning] [Git][getBranch] No such branch: master
2026-05-19 10:06:40.981 [info] > git status -z -uall [16ms]
2026-05-19 10:06:40.983 [info] > git for-each-ref --sort -committerdate --format %(refname)%00%(objectname)%00%(*objectname) [4ms]
2026-05-19 10:06:46.019 [info] [Git][getRemotes] No remotes found in the git config file
2026-05-19 10:06:46.019 [info] > git config --get commit.template [16ms]
2026-05-19 10:06:46.020 [info] > git for-each-ref --format=%(refname)%00%(upstream:short)%00%(objectname)%00%(upstream:track)%00%(upstream:remotename)%00%(upstream:remoteref) refs/heads/master refs/remotes/master [2ms]
2026-05-19 10:06:46.020 [warning] [Git][getBranch] No such branch: master
2026-05-19 10:06:46.050 [info] > git status -z -uall [16ms]
2026-05-19 10:06:46.052 [info] > git for-each-ref --sort -committerdate --format %(refname)%00%(objectname)%00%(*objectname) [3ms]
2026-05-19 10:07:04.832 [info] [Git][getRemotes] No remotes found in the git config file
2026-05-19 10:07:04.833 [info] > git config --get commit.template [17ms]
2026-05-19 10:07:04.834 [info] > git for-each-ref --format=%(refname)%00%(upstream:short)%00%(objectname)%00%(upstream:track)%00%(upstream:remotename)%00%(upstream:remoteref) refs/heads/master refs/remotes/master [2ms]
2026-05-19 10:07:04.834 [warning] [Git][getBranch] No such branch: master
2026-05-19 10:07:04.865 [info] > git status -z -uall [16ms]
2026-05-19 10:07:04.866 [info] > git for-each-ref --sort -committerdate --format %(refname)%00%(objectname)%00%(*objectname) [2ms]
2026-05-19 10:07:24.367 [info] > git config --get commit.template [2ms]
2026-05-19 10:07:24.382 [info] [Git][getRemotes] No remotes found in the git config file
2026-05-19 10:07:24.384 [info] > git for-each-ref --format=%(refname)%00%(upstream:short)%00%(objectname)%00%(upstream:track)%00%(upstream:remotename)%00%(upstream:remoteref) refs/heads/master refs/remotes/master [2ms]
2026-05-19 10:07:24.384 [warning] [Git][getBranch] No such branch: master
2026-05-19 10:07:24.420 [info] > git status -z -uall [23ms]
2026-05-19 10:07:24.420 [info] > git for-each-ref --sort -committerdate --format %(refname)%00%(objectname)%00%(*objectname) [9ms]
2026-05-19 10:07:31.528 [info] [Git][getRemotes] No remotes found in the git config file
2026-05-19 10:07:31.543 [info] > git config --get commit.template [16ms]
2026-05-19 10:07:31.544 [info] > git for-each-ref --format=%(refname)%00%(upstream:short)%00%(objectname)%00%(upstream:track)%00%(upstream:remotename)%00%(upstream:remoteref) refs/heads/master refs/remotes/master [2ms]
2026-05-19 10:07:31.544 [warning] [Git][getBranch] No such branch: master
2026-05-19 10:07:31.583 [info] > git status -z -uall [23ms]
2026-05-19 10:07:31.583 [info] > git for-each-ref --sort -committerdate --format %(refname)%00%(objectname)%00%(*objectname) [7ms]
2026-05-19 10:07:36.620 [info] [Git][getRemotes] No remotes found in the git config file
2026-05-19 10:07:36.621 [info] > git config --get commit.template [17ms]
2026-05-19 10:07:36.622 [info] > git for-each-ref --format=%(refname)%00%(upstream:short)%00%(objectname)%00%(upstream:track)%00%(upstream:remotename)%00%(upstream:remoteref) refs/heads/master refs/remotes/master [2ms]
2026-05-19 10:07:36.622 [warning] [Git][getBranch] No such branch: master
2026-05-19 10:07:36.653 [info] > git status -z -uall [16ms]
2026-05-19 10:07:36.655 [info] > git for-each-ref --sort -committerdate --format %(refname)%00%(objectname)%00%(*objectname) [3ms]
2026-05-19 10:07:41.682 [info] > git config --get commit.template [3ms]
2026-05-19 10:07:41.698 [info] [Git][getRemotes] No remotes found in the git config file
2026-05-19 10:07:41.700 [info] > git for-each-ref --format=%(refname)%00%(upstream:short)%00%(objectname)%00%(upstream:track)%00%(upstream:remotename)%00%(upstream:remoteref) refs/heads/master refs/remotes/master [3ms]
2026-05-19 10:07:41.700 [warning] [Git][getBranch] No such branch: master
2026-05-19 10:07:41.729 [info] > git status -z -uall [15ms]
2026-05-19 10:07:41.730 [info] > git for-each-ref --sort -committerdate --format %(refname)%00%(objectname)%00%(*objectname) [3ms]
2026-05-19 10:07:46.763 [info] [Git][getRemotes] No remotes found in the git config file
2026-05-19 10:07:46.764 [info] > git config --get commit.template [15ms]
2026-05-19 10:07:46.764 [info] > git for-each-ref --format=%(refname)%00%(upstream:short)%00%(objectname)%00%(upstream:track)%00%(upstream:remotename)%00%(upstream:remoteref) refs/heads/master refs/remotes/master [2ms]
2026-05-19 10:07:46.764 [warning] [Git][getBranch] No such branch: master
2026-05-19 10:07:46.792 [info] > git status -z -uall [15ms]
2026-05-19 10:07:46.793 [info] > git for-each-ref --sort -committerdate --format %(refname)%00%(objectname)%00%(*objectname) [2ms]
2026-05-19 10:07:51.829 [info] [Git][getRemotes] No remotes found in the git config file
2026-05-19 10:07:51.830 [info] > git config --get commit.template [15ms]
2026-05-19 10:07:51.830 [info] > git for-each-ref --format=%(refname)%00%(upstream:short)%00%(objectname)%00%(upstream:track)%00%(upstream:remotename)%00%(upstream:remoteref) refs/heads/master refs/remotes/master [2ms]
2026-05-19 10:07:51.830 [warning] [Git][getBranch] No such branch: master
2026-05-19 10:07:51.858 [info] > git status -z -uall [14ms]
2026-05-19 10:07:51.859 [info] > git for-each-ref --sort -committerdate --format %(refname)%00%(objectname)%00%(*objectname) [2ms]
2026-05-19 10:08:00.064 [info] > git config --get commit.template [5ms]
2026-05-19 10:08:00.092 [info] [Git][getRemotes] No remotes found in the git config file
2026-05-19 10:08:00.111 [info] > git for-each-ref --format=%(refname)%00%(upstream:short)%00%(objectname)%00%(upstream:track)%00%(upstream:remotename)%00%(upstream:remoteref) refs/heads/master refs/remotes/master [19ms]
2026-05-19 10:08:00.112 [warning] [Git][getBranch] No such branch: master
2026-05-19 10:08:00.143 [info] > git status -z -uall [19ms]
2026-05-19 10:08:00.143 [info] > git for-each-ref --sort -committerdate --format %(refname)%00%(objectname)%00%(*objectname) [5ms]
2026-05-19 10:08:05.176 [info] [Git][getRemotes] No remotes found in the git config file
2026-05-19 10:08:05.177 [info] > git config --get commit.template [15ms]
2026-05-19 10:08:05.178 [info] > git for-each-ref --format=%(refname)%00%(upstream:short)%00%(objectname)%00%(upstream:track)%00%(upstream:remotename)%00%(upstream:remoteref) refs/heads/master refs/remotes/master [2ms]
2026-05-19 10:08:05.178 [warning] [Git][getBranch] No such branch: master
2026-05-19 10:08:05.204 [info] > git status -z -uall [14ms]
2026-05-19 10:08:05.206 [info] > git for-each-ref --sort -committerdate --format %(refname)%00%(objectname)%00%(*objectname) [3ms]
2026-05-19 10:08:10.241 [info] [Git][getRemotes] No remotes found in the git config file
2026-05-19 10:08:10.242 [info] > git config --get commit.template [17ms]
2026-05-19 10:08:10.242 [info] > git for-each-ref --format=%(refname)%00%(upstream:short)%00%(objectname)%00%(upstream:track)%00%(upstream:remotename)%00%(upstream:remoteref) refs/heads/master refs/remotes/master [2ms]
2026-05-19 10:08:10.242 [warning] [Git][getBranch] No such branch: master
2026-05-19 10:08:10.271 [info] > git status -z -uall [15ms]
2026-05-19 10:08:10.272 [info] > git for-each-ref --sort -committerdate --format %(refname)%00%(objectname)%00%(*objectname) [2ms]
2026-05-19 10:08:15.304 [info] [Git][getRemotes] No remotes found in the git config file
2026-05-19 10:08:15.305 [info] > git config --get commit.template [15ms]
2026-05-19 10:08:15.305 [info] > git for-each-ref --format=%(refname)%00%(upstream:short)%00%(objectname)%00%(upstream:track)%00%(upstream:remotename)%00%(upstream:remoteref) refs/heads/master refs/remotes/master [2ms]
2026-05-19 10:08:15.305 [warning] [Git][getBranch] No such branch: master
2026-05-19 10:08:15.334 [info] > git status -z -uall [15ms]
2026-05-19 10:08:15.335 [info] > git for-each-ref --sort -committerdate --format %(refname)%00%(objectname)%00%(*objectname) [2ms]
2026-05-19 10:08:20.368 [info] [Git][getRemotes] No remotes found in the git config file
2026-05-19 10:08:20.368 [info] > git config --get commit.template [14ms]
2026-05-19 10:08:20.369 [info] > git for-each-ref --format=%(refname)%00%(upstream:short)%00%(objectname)%00%(upstream:track)%00%(upstream:remotename)%00%(upstream:remoteref) refs/heads/master refs/remotes/master [2ms]
2026-05-19 10:08:20.369 [warning] [Git][getBranch] No such branch: master
2026-05-19 10:08:20.404 [info] > git status -z -uall [22ms]
2026-05-19 10:08:20.405 [info] > git for-each-ref --sort -committerdate --format %(refname)%00%(objectname)%00%(*objectname) [8ms]
2026-05-19 10:08:25.427 [info] [Git][getRemotes] No remotes found in the git config file
2026-05-19 10:08:25.441 [info] > git config --get commit.template [15ms]
2026-05-19 10:08:25.442 [info] > git for-each-ref --format=%(refname)%00%(upstream:short)%00%(objectname)%00%(upstream:track)%00%(upstream:remotename)%00%(upstream:remoteref) refs/heads/master refs/remotes/master [2ms]
2026-05-19 10:08:25.442 [warning] [Git][getBranch] No such branch: master
2026-05-19 10:08:25.479 [info] > git status -z -uall [23ms]
2026-05-19 10:08:25.479 [info] > git for-each-ref --sort -committerdate --format %(refname)%00%(objectname)%00%(*objectname) [7ms]
2026-05-19 10:08:31.272 [info] [Git][getRemotes] No remotes found in the git config file
2026-05-19 10:08:31.274 [info] > git config --get commit.template [17ms]
2026-05-19 10:08:31.274 [info] > git for-each-ref --format=%(refname)%00%(upstream:short)%00%(objectname)%00%(upstream:track)%00%(upstream:remotename)%00%(upstream:remoteref) refs/heads/master refs/remotes/master [3ms]
2026-05-19 10:08:31.274 [warning] [Git][getBranch] No such branch: master
2026-05-19 10:08:31.303 [info] > git status -z -uall [15ms]
2026-05-19 10:08:31.304 [info] > git for-each-ref --sort -committerdate --format %(refname)%00%(objectname)%00%(*objectname) [3ms]
2026-05-19 10:08:36.684 [info] [Git][getRemotes] No remotes found in the git config file
2026-05-19 10:08:36.696 [info] > git config --get commit.template [14ms]
2026-05-19 10:08:36.698 [info] > git for-each-ref --format=%(refname)%00%(upstream:short)%00%(objectname)%00%(upstream:track)%00%(upstream:remotename)%00%(upstream:remoteref) refs/heads/master refs/remotes/master [2ms]
2026-05-19 10:08:36.698 [warning] [Git][getBranch] No such branch: master
2026-05-19 10:08:36.725 [info] > git status -z -uall [15ms]
2026-05-19 10:08:36.726 [info] > git for-each-ref --sort -committerdate --format %(refname)%00%(objectname)%00%(*objectname) [2ms]
2026-05-19 10:08:43.767 [info] [Git][getRemotes] No remotes found in the git config file
2026-05-19 10:08:43.769 [info] > git for-each-ref --format=%(refname)%00%(upstream:short)%00%(objectname)%00%(upstream:track)%00%(upstream:remotename)%00%(upstream:remoteref) refs/heads/master refs/remotes/master [3ms]
2026-05-19 10:08:43.769 [warning] [Git][getBranch] No such branch: master
2026-05-19 10:08:43.769 [info] > git config --get commit.template [16ms]
2026-05-19 10:08:43.796 [info] > git status -z -uall [14ms]
2026-05-19 10:08:43.798 [info] > git for-each-ref --sort -committerdate --format %(refname)%00%(objectname)%00%(*objectname) [3ms]
2026-05-19 10:08:49.436 [info] [Git][getRemotes] No remotes found in the git config file
2026-05-19 10:08:49.437 [info] > git config --get commit.template [14ms]
2026-05-19 10:08:49.438 [info] > git for-each-ref --format=%(refname)%00%(upstream:short)%00%(objectname)%00%(upstream:track)%00%(upstream:remotename)%00%(upstream:remoteref) refs/heads/master refs/remotes/master [3ms]
2026-05-19 10:08:49.438 [warning] [Git][getBranch] No such branch: master
2026-05-19 10:08:49.466 [info] > git status -z -uall [15ms]
2026-05-19 10:08:49.467 [info] > git for-each-ref --sort -committerdate --format %(refname)%00%(objectname)%00%(*objectname) [2ms]
2026-05-19 10:09:03.942 [info] > git config --get commit.template [2ms]
2026-05-19 10:09:03.956 [info] [Git][getRemotes] No remotes found in the git config file
2026-05-19 10:09:03.958 [info] > git for-each-ref --format=%(refname)%00%(upstream:short)%00%(objectname)%00%(upstream:track)%00%(upstream:remotename)%00%(upstream:remoteref) refs/heads/master refs/remotes/master [2ms]
2026-05-19 10:09:03.958 [warning] [Git][getBranch] No such branch: master
2026-05-19 10:09:03.985 [info] > git status -z -uall [14ms]
2026-05-19 10:09:03.986 [info] > git for-each-ref --sort -committerdate --format %(refname)%00%(objectname)%00%(*objectname) [2ms]
2026-05-19 10:09:09.023 [info] [Git][getRemotes] No remotes found in the git config file
2026-05-19 10:09:09.025 [info] > git config --get commit.template [19ms]
2026-05-19 10:09:09.025 [info] > git for-each-ref --format=%(refname)%00%(upstream:short)%00%(objectname)%00%(upstream:track)%00%(upstream:remotename)%00%(upstream:remoteref) refs/heads/master refs/remotes/master [2ms]
2026-05-19 10:09:09.026 [warning] [Git][getBranch] No such branch: master
2026-05-19 10:09:09.055 [info] > git status -z -uall [16ms]
2026-05-19 10:09:09.056 [info] > git for-each-ref --sort -committerdate --format %(refname)%00%(objectname)%00%(*objectname) [2ms]
2026-05-19 10:09:14.090 [info] > git config --get commit.template [12ms]
2026-05-19 10:09:14.105 [info] [Git][getRemotes] No remotes found in the git config file
2026-05-19 10:09:14.107 [info] > git for-each-ref --format=%(refname)%00%(upstream:short)%00%(objectname)%00%(upstream:track)%00%(upstream:remotename)%00%(upstream:remoteref) refs/heads/master refs/remotes/master [2ms]
2026-05-19 10:09:14.107 [warning] [Git][getBranch] No such branch: master
2026-05-19 10:09:14.139 [info] > git status -z -uall [18ms]
2026-05-19 10:09:14.141 [info] > git for-each-ref --sort -committerdate --format %(refname)%00%(objectname)%00%(*objectname) [4ms]
2026-05-19 10:09:21.539 [info] > git config --get commit.template [3ms]
2026-05-19 10:09:21.553 [info] [Git][getRemotes] No remotes found in the git config file
2026-05-19 10:09:21.555 [info] > git for-each-ref --format=%(refname)%00%(upstream:short)%00%(objectname)%00%(upstream:track)%00%(upstream:remotename)%00%(upstream:remoteref) refs/heads/master refs/remotes/master [1ms]
2026-05-19 10:09:21.555 [warning] [Git][getBranch] No such branch: master
2026-05-19 10:09:21.583 [info] > git status -z -uall [15ms]
2026-05-19 10:09:21.584 [info] > git for-each-ref --sort -committerdate --format %(refname)%00%(objectname)%00%(*objectname) [2ms]
2026-05-19 10:09:26.621 [info] [Git][getRemotes] No remotes found in the git config file
2026-05-19 10:09:26.622 [info] > git config --get commit.template [17ms]
2026-05-19 10:09:26.623 [info] > git for-each-ref --format=%(refname)%00%(upstream:short)%00%(objectname)%00%(upstream:track)%00%(upstream:remotename)%00%(upstream:remoteref) refs/heads/master refs/remotes/master [2ms]
2026-05-19 10:09:26.623 [warning] [Git][getBranch] No such branch: master
2026-05-19 10:09:26.652 [info] > git status -z -uall [16ms]
2026-05-19 10:09:26.654 [info] > git for-each-ref --sort -committerdate --format %(refname)%00%(objectname)%00%(*objectname) [3ms]
2026-05-19 10:09:31.694 [info] > git config --get commit.template [21ms]
2026-05-19 10:09:31.711 [info] [Git][getRemotes] No remotes found in the git config file
2026-05-19 10:09:31.740 [info] > git for-each-ref --format=%(refname)%00%(upstream:short)%00%(objectname)%00%(upstream:track)%00%(upstream:remotename)%00%(upstream:remoteref) refs/heads/master refs/remotes/master [28ms]
2026-05-19 10:09:31.740 [warning] [Git][getBranch] No such branch: master
2026-05-19 10:09:31.772 [info] > git status -z -uall [18ms]
2026-05-19 10:09:31.773 [info] > git for-each-ref --sort -committerdate --format %(refname)%00%(objectname)%00%(*objectname) [3ms]
2026-05-19 10:09:36.809 [info] [Git][getRemotes] No remotes found in the git config file
2026-05-19 10:09:36.811 [info] > git config --get commit.template [17ms]
2026-05-19 10:09:36.811 [info] > git for-each-ref --format=%(refname)%00%(upstream:short)%00%(objectname)%00%(upstream:track)%00%(upstream:remotename)%00%(upstream:remoteref) refs/heads/master refs/remotes/master [2ms]
2026-05-19 10:09:36.811 [warning] [Git][getBranch] No such branch: master
2026-05-19 10:09:36.840 [info] > git status -z -uall [15ms]
2026-05-19 10:09:36.841 [info] > git for-each-ref --sort -committerdate --format %(refname)%00%(objectname)%00%(*objectname) [2ms]
2026-05-19 10:09:41.908 [info] > git config --get commit.template [1ms]
2026-05-19 10:09:41.920 [info] [Git][getRemotes] No remotes found in the git config file
2026-05-19 10:09:41.921 [info] > git for-each-ref --format=%(refname)%00%(upstream:short)%00%(objectname)%00%(upstream:track)%00%(upstream:remotename)%00%(upstream:remoteref) refs/heads/master refs/remotes/master [1ms]
2026-05-19 10:09:41.921 [warning] [Git][getBranch] No such branch: master
2026-05-19 10:09:41.946 [info] > git status -z -uall [14ms]
2026-05-19 10:09:41.947 [info] > git for-each-ref --sort -committerdate --format %(refname)%00%(objectname)%00%(*objectname) [3ms]
2026-05-19 10:09:46.971 [info] > git config --get commit.template [2ms]
2026-05-19 10:09:46.985 [info] [Git][getRemotes] No remotes found in the git config file
2026-05-19 10:09:46.986 [info] > git for-each-ref --format=%(refname)%00%(upstream:short)%00%(objectname)%00%(upstream:track)%00%(upstream:remotename)%00%(upstream:remoteref) refs/heads/master refs/remotes/master [2ms]
2026-05-19 10:09:46.987 [warning] [Git][getBranch] No such branch: master
2026-05-19 10:09:47.018 [info] > git status -z -uall [17ms]
2026-05-19 10:09:47.019 [info] > git for-each-ref --sort -committerdate --format %(refname)%00%(objectname)%00%(*objectname) [4ms]
2026-05-19 10:09:56.223 [info] [Git][getRemotes] No remotes found in the git config file
2026-05-19 10:09:56.226 [info] > git for-each-ref --format=%(refname)%00%(upstream:short)%00%(objectname)%00%(upstream:track)%00%(upstream:remotename)%00%(upstream:remoteref) refs/heads/master refs/remotes/master [3ms]
2026-05-19 10:09:56.226 [warning] [Git][getBranch] No such branch: master
2026-05-19 10:09:56.226 [info] > git config --get commit.template [20ms]
2026-05-19 10:09:56.257 [info] > git status -z -uall [17ms]
2026-05-19 10:09:56.258 [info] > git for-each-ref --sort -committerdate --format %(refname)%00%(objectname)%00%(*objectname) [2ms]
2026-05-19 10:10:02.467 [info] [Git][getRemotes] No remotes found in the git config file
2026-05-19 10:10:02.469 [info] > git config --get commit.template [18ms]
2026-05-19 10:10:02.470 [info] > git for-each-ref --format=%(refname)%00%(upstream:short)%00%(objectname)%00%(upstream:track)%00%(upstream:remotename)%00%(upstream:remoteref) refs/heads/master refs/remotes/master [3ms]
2026-05-19 10:10:02.470 [warning] [Git][getBranch] No such branch: master
2026-05-19 10:10:02.517 [info] > git status -z -uall [34ms]
2026-05-19 10:10:02.517 [info] > git for-each-ref --sort -committerdate --format %(refname)%00%(objectname)%00%(*objectname) [16ms]
2026-05-19 10:10:07.545 [info] > git config --get commit.template [5ms]
2026-05-19 10:10:07.562 [info] [Git][getRemotes] No remotes found in the git config file
2026-05-19 10:10:07.574 [info] > git for-each-ref --format=%(refname)%00%(upstream:short)%00%(objectname)%00%(upstream:track)%00%(upstream:remotename)%00%(upstream:remoteref) refs/heads/master refs/remotes/master [13ms]
2026-05-19 10:10:07.574 [warning] [Git][getBranch] No such branch: master
2026-05-19 10:10:07.610 [info] > git status -z -uall [20ms]
2026-05-19 10:10:07.611 [info] > git for-each-ref --sort -committerdate --format %(refname)%00%(objectname)%00%(*objectname) [5ms]
2026-05-19 10:10:12.635 [info] > git config --get commit.template [2ms]
2026-05-19 10:10:12.648 [info] [Git][getRemotes] No remotes found in the git config file
2026-05-19 10:10:12.650 [info] > git for-each-ref --format=%(refname)%00%(upstream:short)%00%(objectname)%00%(upstream:track)%00%(upstream:remotename)%00%(upstream:remoteref) refs/heads/master refs/remotes/master [2ms]
2026-05-19 10:10:12.650 [warning] [Git][getBranch] No such branch: master
2026-05-19 10:10:12.678 [info] > git status -z -uall [15ms]
2026-05-19 10:10:12.679 [info] > git for-each-ref --sort -committerdate --format %(refname)%00%(objectname)%00%(*objectname) [2ms]
2026-05-19 10:10:17.716 [info] [Git][getRemotes] No remotes found in the git config file
2026-05-19 10:10:17.718 [info] > git config --get commit.template [18ms]
2026-05-19 10:10:17.719 [info] > git for-each-ref --format=%(refname)%00%(upstream:short)%00%(objectname)%00%(upstream:track)%00%(upstream:remotename)%00%(upstream:remoteref) refs/heads/master refs/remotes/master [4ms]
2026-05-19 10:10:17.719 [warning] [Git][getBranch] No such branch: master
2026-05-19 10:10:17.749 [info] > git status -z -uall [16ms]
2026-05-19 10:10:17.751 [info] > git for-each-ref --sort -committerdate --format %(refname)%00%(objectname)%00%(*objectname) [3ms]
2026-05-19 10:10:22.779 [info] > git config --get commit.template [7ms]
2026-05-19 10:10:22.793 [info] [Git][getRemotes] No remotes found in the git config file
2026-05-19 10:10:22.795 [info] > git for-each-ref --format=%(refname)%00%(upstream:short)%00%(objectname)%00%(upstream:track)%00%(upstream:remotename)%00%(upstream:remoteref) refs/heads/master refs/remotes/master [2ms]
2026-05-19 10:10:22.795 [warning] [Git][getBranch] No such branch: master
2026-05-19 10:10:22.824 [info] > git status -z -uall [15ms]
2026-05-19 10:10:22.826 [info] > git for-each-ref --sort -committerdate --format %(refname)%00%(objectname)%00%(*objectname) [3ms]
2026-05-19 10:10:27.858 [info] [Git][getRemotes] No remotes found in the git config file
2026-05-19 10:10:27.859 [info] > git config --get commit.template [16ms]
2026-05-19 10:10:27.860 [info] > git for-each-ref --format=%(refname)%00%(upstream:short)%00%(objectname)%00%(upstream:track)%00%(upstream:remotename)%00%(upstream:remoteref) refs/heads/master refs/remotes/master [2ms]
2026-05-19 10:10:27.860 [warning] [Git][getBranch] No such branch: master
2026-05-19 10:10:27.891 [info] > git status -z -uall [18ms]
2026-05-19 10:10:27.892 [info] > git for-each-ref --sort -committerdate --format %(refname)%00%(objectname)%00%(*objectname) [4ms]
2026-05-19 10:10:32.914 [info] > git config --get commit.template [2ms]
2026-05-19 10:10:32.930 [info] [Git][getRemotes] No remotes found in the git config file
2026-05-19 10:10:32.932 [info] > git for-each-ref --format=%(refname)%00%(upstream:short)%00%(objectname)%00%(upstream:track)%00%(upstream:remotename)%00%(upstream:remoteref) refs/heads/master refs/remotes/master [2ms]
2026-05-19 10:10:32.933 [warning] [Git][getBranch] No such branch: master
2026-05-19 10:10:32.964 [info] > git status -z -uall [16ms]
2026-05-19 10:10:32.965 [info] > git for-each-ref --sort -committerdate --format %(refname)%00%(objectname)%00%(*objectname) [3ms]
2026-05-19 10:10:37.999 [info] [Git][getRemotes] No remotes found in the git config file
2026-05-19 10:10:38.000 [info] > git config --get commit.template [15ms]
2026-05-19 10:10:38.001 [info] > git for-each-ref --format=%(refname)%00%(upstream:short)%00%(objectname)%00%(upstream:track)%00%(upstream:remotename)%00%(upstream:remoteref) refs/heads/master refs/remotes/master [2ms]
2026-05-19 10:10:38.001 [warning] [Git][getBranch] No such branch: master
2026-05-19 10:10:38.031 [info] > git status -z -uall [16ms]
2026-05-19 10:10:38.032 [info] > git for-each-ref --sort -committerdate --format %(refname)%00%(objectname)%00%(*objectname) [2ms]
2026-05-19 10:10:43.667 [info] [Git][getRemotes] No remotes found in the git config file
2026-05-19 10:10:43.668 [info] > git config --get commit.template [18ms]
2026-05-19 10:10:43.669 [info] > git for-each-ref --format=%(refname)%00%(upstream:short)%00%(objectname)%00%(upstream:track)%00%(upstream:remotename)%00%(upstream:remoteref) refs/heads/master refs/remotes/master [3ms]
2026-05-19 10:10:43.669 [warning] [Git][getBranch] No such branch: master
2026-05-19 10:10:43.698 [info] > git status -z -uall [15ms]
2026-05-19 10:10:43.700 [info] > git for-each-ref --sort -committerdate --format %(refname)%00%(objectname)%00%(*objectname) [3ms]
2026-05-19 10:10:48.743 [info] [Git][getRemotes] No remotes found in the git config file
2026-05-19 10:10:48.744 [info] > git config --get commit.template [16ms]
2026-05-19 10:10:48.745 [info] > git for-each-ref --format=%(refname)%00%(upstream:short)%00%(objectname)%00%(upstream:track)%00%(upstream:remotename)%00%(upstream:remoteref) refs/heads/master refs/remotes/master [2ms]
2026-05-19 10:10:48.745 [warning] [Git][getBranch] No such branch: master
2026-05-19 10:10:48.772 [info] > git status -z -uall [15ms]
2026-05-19 10:10:48.775 [info] > git for-each-ref --sort -committerdate --format %(refname)%00%(objectname)%00%(*objectname) [5ms]
2026-05-19 10:10:53.811 [info] [Git][getRemotes] No remotes found in the git config file
2026-05-19 10:10:53.811 [info] > git config --get commit.template [16ms]
2026-05-19 10:10:53.812 [info] > git for-each-ref --format=%(refname)%00%(upstream:short)%00%(objectname)%00%(upstream:track)%00%(upstream:remotename)%00%(upstream:remoteref) refs/heads/master refs/remotes/master [2ms]
2026-05-19 10:10:53.812 [warning] [Git][getBranch] No such branch: master
2026-05-19 10:10:53.842 [info] > git status -z -uall [16ms]
2026-05-19 10:10:53.844 [info] > git for-each-ref --sort -committerdate --format %(refname)%00%(objectname)%00%(*objectname) [3ms]
2026-05-19 10:10:58.867 [info] > git config --get commit.template [2ms]
2026-05-19 10:10:58.882 [info] [Git][getRemotes] No remotes found in the git config file
2026-05-19 10:10:58.888 [info] > git for-each-ref --format=%(refname)%00%(upstream:short)%00%(objectname)%00%(upstream:track)%00%(upstream:remotename)%00%(upstream:remoteref) refs/heads/master refs/remotes/master [7ms]
2026-05-19 10:10:58.889 [warning] [Git][getBranch] No such branch: master
2026-05-19 10:10:58.919 [info] > git status -z -uall [16ms]
2026-05-19 10:10:58.920 [info] > git for-each-ref --sort -committerdate --format %(refname)%00%(objectname)%00%(*objectname) [2ms]
2026-05-19 10:11:03.957 [info] [Git][getRemotes] No remotes found in the git config file
2026-05-19 10:11:03.958 [info] > git config --get commit.template [18ms]
2026-05-19 10:11:03.959 [info] > git for-each-ref --format=%(refname)%00%(upstream:short)%00%(objectname)%00%(upstream:track)%00%(upstream:remotename)%00%(upstream:remoteref) refs/heads/master refs/remotes/master [2ms]
2026-05-19 10:11:03.959 [warning] [Git][getBranch] No such branch: master
2026-05-19 10:11:03.988 [info] > git status -z -uall [16ms]
2026-05-19 10:11:03.989 [info] > git for-each-ref --sort -committerdate --format %(refname)%00%(objectname)%00%(*objectname) [2ms]
2026-05-19 10:11:09.023 [info] [Git][getRemotes] No remotes found in the git config file
2026-05-19 10:11:09.023 [info] > git config --get commit.template [15ms]
2026-05-19 10:11:09.024 [info] > git for-each-ref --format=%(refname)%00%(upstream:short)%00%(objectname)%00%(upstream:track)%00%(upstream:remotename)%00%(upstream:remoteref) refs/heads/master refs/remotes/master [2ms]
2026-05-19 10:11:09.024 [warning] [Git][getBranch] No such branch: master
2026-05-19 10:11:09.059 [info] > git status -z -uall [22ms]
2026-05-19 10:11:09.059 [info] > git for-each-ref --sort -committerdate --format %(refname)%00%(objectname)%00%(*objectname) [7ms]
2026-05-19 10:11:14.100 [info] [Git][getRemotes] No remotes found in the git config file
2026-05-19 10:11:14.102 [info] > git config --get commit.template [19ms]
2026-05-19 10:11:14.102 [info] > git for-each-ref --format=%(refname)%00%(upstream:short)%00%(objectname)%00%(upstream:track)%00%(upstream:remotename)%00%(upstream:remoteref) refs/heads/master refs/remotes/master [2ms]
2026-05-19 10:11:14.102 [warning] [Git][getBranch] No such branch: master
2026-05-19 10:11:14.132 [info] > git status -z -uall [16ms]
2026-05-19 10:11:14.133 [info] > git for-each-ref --sort -committerdate --format %(refname)%00%(objectname)%00%(*objectname) [2ms]
2026-05-19 10:11:20.768 [info] [Git][getRemotes] No remotes found in the git config file
2026-05-19 10:11:20.769 [info] > git config --get commit.template [17ms]
2026-05-19 10:11:20.770 [info] > git for-each-ref --format=%(refname)%00%(upstream:short)%00%(objectname)%00%(upstream:track)%00%(upstream:remotename)%00%(upstream:remoteref) refs/heads/master refs/remotes/master [2ms]
2026-05-19 10:11:20.770 [warning] [Git][getBranch] No such branch: master
2026-05-19 10:11:20.809 [info] > git status -z -uall [25ms]
2026-05-19 10:11:20.810 [info] > git for-each-ref --sort -committerdate --format %(refname)%00%(objectname)%00%(*objectname) [11ms]
2026-05-19 10:11:25.836 [info] > git config --get commit.template [4ms]
2026-05-19 10:11:25.852 [info] [Git][getRemotes] No remotes found in the git config file
2026-05-19 10:11:25.853 [info] > git for-each-ref --format=%(refname)%00%(upstream:short)%00%(objectname)%00%(upstream:track)%00%(upstream:remotename)%00%(upstream:remoteref) refs/heads/master refs/remotes/master [2ms]
2026-05-19 10:11:25.853 [warning] [Git][getBranch] No such branch: master
2026-05-19 10:11:25.885 [info] > git status -z -uall [17ms]
2026-05-19 10:11:25.887 [info] > git for-each-ref --sort -committerdate --format %(refname)%00%(objectname)%00%(*objectname) [2ms]
2026-05-19 10:12:16.404 [info] [Git][getRemotes] No remotes found in the git config file
2026-05-19 10:12:16.405 [info] > git config --get commit.template [18ms]
2026-05-19 10:12:16.406 [info] > git for-each-ref --format=%(refname)%00%(upstream:short)%00%(objectname)%00%(upstream:track)%00%(upstream:remotename)%00%(upstream:remoteref) refs/heads/master refs/remotes/master [2ms]
2026-05-19 10:12:16.406 [warning] [Git][getBranch] No such branch: master
2026-05-19 10:12:16.436 [info] > git status -z -uall [16ms]
2026-05-19 10:12:16.438 [info] > git for-each-ref --sort -committerdate --format %(refname)%00%(objectname)%00%(*objectname) [4ms]
2026-05-19 10:12:21.499 [info] [Git][getRemotes] No remotes found in the git config file
2026-05-19 10:12:21.500 [info] > git config --get commit.template [17ms]
2026-05-19 10:12:21.501 [info] > git for-each-ref --format=%(refname)%00%(upstream:short)%00%(objectname)%00%(upstream:track)%00%(upstream:remotename)%00%(upstream:remoteref) refs/heads/master refs/remotes/master [3ms]
2026-05-19 10:12:21.501 [warning] [Git][getBranch] No such branch: master
2026-05-19 10:12:21.531 [info] > git status -z -uall [16ms]
2026-05-19 10:12:21.532 [info] > git for-each-ref --sort -committerdate --format %(refname)%00%(objectname)%00%(*objectname) [3ms]
2026-05-19 10:12:26.552 [info] > git config --get commit.template [2ms]
2026-05-19 10:12:26.592 [info] [Git][getRemotes] No remotes found in the git config file
2026-05-19 10:12:26.596 [info] > git for-each-ref --format=%(refname)%00%(upstream:short)%00%(objectname)%00%(upstream:track)%00%(upstream:remotename)%00%(upstream:remoteref) refs/heads/master refs/remotes/master [4ms]
2026-05-19 10:12:26.596 [warning] [Git][getBranch] No such branch: master
2026-05-19 10:12:26.639 [info] > git status -z -uall [31ms]
2026-05-19 10:12:26.639 [info] > git for-each-ref --sort -committerdate --format %(refname)%00%(objectname)%00%(*objectname) [20ms]
2026-05-19 10:12:31.677 [info] [Git][getRemotes] No remotes found in the git config file
2026-05-19 10:12:31.678 [info] > git config --get commit.template [18ms]
2026-05-19 10:12:31.682 [info] > git for-each-ref --format=%(refname)%00%(upstream:short)%00%(objectname)%00%(upstream:track)%00%(upstream:remotename)%00%(upstream:remoteref) refs/heads/master refs/remotes/master [6ms]
2026-05-19 10:12:31.682 [warning] [Git][getBranch] No such branch: master
2026-05-19 10:12:31.716 [info] > git status -z -uall [18ms]
2026-05-19 10:12:31.718 [info] > git for-each-ref --sort -committerdate --format %(refname)%00%(objectname)%00%(*objectname) [4ms]
2026-05-19 10:12:36.753 [info] [Git][getRemotes] No remotes found in the git config file
2026-05-19 10:12:36.754 [info] > git config --get commit.template [16ms]
2026-05-19 10:12:36.755 [info] > git for-each-ref --format=%(refname)%00%(upstream:short)%00%(objectname)%00%(upstream:track)%00%(upstream:remotename)%00%(upstream:remoteref) refs/heads/master refs/remotes/master [2ms]
2026-05-19 10:12:36.755 [warning] [Git][getBranch] No such branch: master
2026-05-19 10:12:36.783 [info] > git status -z -uall [15ms]
2026-05-19 10:12:36.784 [info] > git for-each-ref --sort -committerdate --format %(refname)%00%(objectname)%00%(*objectname) [2ms]
2026-05-19 10:12:41.808 [info] > git config --get commit.template [3ms]
2026-05-19 10:12:41.823 [info] [Git][getRemotes] No remotes found in the git config file
2026-05-19 10:12:41.824 [info] > git for-each-ref --format=%(refname)%00%(upstream:short)%00%(objectname)%00%(upstream:track)%00%(upstream:remotename)%00%(upstream:remoteref) refs/heads/master refs/remotes/master [2ms]
2026-05-19 10:12:41.824 [warning] [Git][getBranch] No such branch: master
2026-05-19 10:12:41.854 [info] > git status -z -uall [16ms]
2026-05-19 10:12:41.855 [info] > git for-each-ref --sort -committerdate --format %(refname)%00%(objectname)%00%(*objectname) [2ms]
2026-05-19 10:12:46.889 [info] [Git][getRemotes] No remotes found in the git config file
2026-05-19 10:12:46.890 [info] > git config --get commit.template [16ms]
2026-05-19 10:12:46.890 [info] > git for-each-ref --format=%(refname)%00%(upstream:short)%00%(objectname)%00%(upstream:track)%00%(upstream:remotename)%00%(upstream:remoteref) refs/heads/master refs/remotes/master [2ms]
2026-05-19 10:12:46.890 [warning] [Git][getBranch] No such branch: master
2026-05-19 10:12:46.920 [info] > git status -z -uall [16ms]
2026-05-19 10:12:46.922 [info] > git for-each-ref --sort -committerdate --format %(refname)%00%(objectname)%00%(*objectname) [3ms]
2026-05-19 10:12:52.121 [info] [Git][getRemotes] No remotes found in the git config file
2026-05-19 10:12:52.124 [info] > git for-each-ref --format=%(refname)%00%(upstream:short)%00%(objectname)%00%(upstream:track)%00%(upstream:remotename)%00%(upstream:remoteref) refs/heads/master refs/remotes/master [3ms]
2026-05-19 10:12:52.124 [warning] [Git][getBranch] No such branch: master
2026-05-19 10:12:52.125 [info] > git config --get commit.template [16ms]
2026-05-19 10:12:52.156 [info] > git status -z -uall [18ms]
2026-05-19 10:12:52.156 [info] > git for-each-ref --sort -committerdate --format %(refname)%00%(objectname)%00%(*objectname) [3ms]
2026-05-19 10:12:57.191 [info] [Git][getRemotes] No remotes found in the git config file
2026-05-19 10:12:57.193 [info] > git config --get commit.template [18ms]
2026-05-19 10:12:57.193 [info] > git for-each-ref --format=%(refname)%00%(upstream:short)%00%(objectname)%00%(upstream:track)%00%(upstream:remotename)%00%(upstream:remoteref) refs/heads/master refs/remotes/master [2ms]
2026-05-19 10:12:57.193 [warning] [Git][getBranch] No such branch: master
2026-05-19 10:12:57.222 [info] > git status -z -uall [16ms]
2026-05-19 10:12:57.224 [info] > git for-each-ref --sort -committerdate --format %(refname)%00%(objectname)%00%(*objectname) [3ms]
2026-05-19 10:13:06.660 [info] [Git][getRemotes] No remotes found in the git config file
2026-05-19 10:13:06.661 [info] > git config --get commit.template [18ms]
2026-05-19 10:13:06.661 [info] > git for-each-ref --format=%(refname)%00%(upstream:short)%00%(objectname)%00%(upstream:track)%00%(upstream:remotename)%00%(upstream:remoteref) refs/heads/master refs/remotes/master [2ms]
2026-05-19 10:13:06.661 [warning] [Git][getBranch] No such branch: master
2026-05-19 10:13:06.713 [info] > git status -z -uall [37ms]
2026-05-19 10:13:06.714 [info] > git for-each-ref --sort -committerdate --format %(refname)%00%(objectname)%00%(*objectname) [20ms]
2026-05-19 10:13:06.718 [info] > git check-ignore -v -z --stdin [7ms]
2026-05-19 10:13:12.514 [info] > git config --get commit.template [2ms]
2026-05-19 10:13:12.528 [info] [Git][getRemotes] No remotes found in the git config file
2026-05-19 10:13:12.530 [info] > git for-each-ref --format=%(refname)%00%(upstream:short)%00%(objectname)%00%(upstream:track)%00%(upstream:remotename)%00%(upstream:remoteref) refs/heads/master refs/remotes/master [2ms]
2026-05-19 10:13:12.530 [warning] [Git][getBranch] No such branch: master
2026-05-19 10:13:12.559 [info] > git status -z -uall [16ms]
2026-05-19 10:13:12.562 [info] > git for-each-ref --sort -committerdate --format %(refname)%00%(objectname)%00%(*objectname) [5ms]
2026-05-19 10:13:17.599 [info] [Git][getRemotes] No remotes found in the git config file
2026-05-19 10:13:17.600 [info] > git config --get commit.template [17ms]
2026-05-19 10:13:17.600 [info] > git for-each-ref --format=%(refname)%00%(upstream:short)%00%(objectname)%00%(upstream:track)%00%(upstream:remotename)%00%(upstream:remoteref) refs/heads/master refs/remotes/master [2ms]
2026-05-19 10:13:17.600 [warning] [Git][getBranch] No such branch: master
2026-05-19 10:13:17.628 [info] > git status -z -uall [14ms]
2026-05-19 10:13:17.630 [info] > git for-each-ref --sort -committerdate --format %(refname)%00%(objectname)%00%(*objectname) [3ms]
2026-05-19 10:13:22.667 [info] [Git][getRemotes] No remotes found in the git config file
2026-05-19 10:13:22.668 [info] > git config --get commit.template [17ms]
2026-05-19 10:13:22.669 [info] > git for-each-ref --format=%(refname)%00%(upstream:short)%00%(objectname)%00%(upstream:track)%00%(upstream:remotename)%00%(upstream:remoteref) refs/heads/master refs/remotes/master [2ms]
2026-05-19 10:13:22.669 [warning] [Git][getBranch] No such branch: master
2026-05-19 10:13:22.698 [info] > git status -z -uall [16ms]
2026-05-19 10:13:22.699 [info] > git for-each-ref --sort -committerdate --format %(refname)%00%(objectname)%00%(*objectname) [2ms]
2026-05-19 10:13:27.735 [info] [Git][getRemotes] No remotes found in the git config file
2026-05-19 10:13:27.737 [info] > git config --get commit.template [16ms]
2026-05-19 10:13:27.738 [info] > git for-each-ref --format=%(refname)%00%(upstream:short)%00%(objectname)%00%(upstream:track)%00%(upstream:remotename)%00%(upstream:remoteref) refs/heads/master refs/remotes/master [3ms]
2026-05-19 10:13:27.738 [warning] [Git][getBranch] No such branch: master
2026-05-19 10:13:27.767 [info] > git status -z -uall [15ms]
2026-05-19 10:13:27.769 [info] > git for-each-ref --sort -committerdate --format %(refname)%00%(objectname)%00%(*objectname) [3ms]
2026-05-19 10:13:33.311 [info] > git config --get commit.template [8ms]
2026-05-19 10:13:33.325 [info] [Git][getRemotes] No remotes found in the git config file
2026-05-19 10:13:33.327 [info] > git for-each-ref --format=%(refname)%00%(upstream:short)%00%(objectname)%00%(upstream:track)%00%(upstream:remotename)%00%(upstream:remoteref) refs/heads/master refs/remotes/master [2ms]
2026-05-19 10:13:33.327 [warning] [Git][getBranch] No such branch: master
2026-05-19 10:13:33.356 [info] > git status -z -uall [15ms]
2026-05-19 10:13:33.357 [info] > git for-each-ref --sort -committerdate --format %(refname)%00%(objectname)%00%(*objectname) [2ms]
2026-05-19 10:13:38.390 [info] [Git][getRemotes] No remotes found in the git config file
2026-05-19 10:13:38.391 [info] > git config --get commit.template [16ms]
2026-05-19 10:13:38.392 [info] > git for-each-ref --format=%(refname)%00%(upstream:short)%00%(objectname)%00%(upstream:track)%00%(upstream:remotename)%00%(upstream:remoteref) refs/heads/master refs/remotes/master [2ms]
2026-05-19 10:13:38.392 [warning] [Git][getBranch] No such branch: master
2026-05-19 10:13:38.422 [info] > git status -z -uall [17ms]
2026-05-19 10:13:38.424 [info] > git for-each-ref --sort -committerdate --format %(refname)%00%(objectname)%00%(*objectname) [2ms]
2026-05-19 10:13:43.460 [info] [Git][getRemotes] No remotes found in the git config file
2026-05-19 10:13:43.462 [info] > git config --get commit.template [18ms]
2026-05-19 10:13:43.462 [info] > git for-each-ref --format=%(refname)%00%(upstream:short)%00%(objectname)%00%(upstream:track)%00%(upstream:remotename)%00%(upstream:remoteref) refs/heads/master refs/remotes/master [2ms]
2026-05-19 10:13:43.462 [warning] [Git][getBranch] No such branch: master
2026-05-19 10:13:43.491 [info] > git status -z -uall [15ms]
2026-05-19 10:13:43.492 [info] > git for-each-ref --sort -committerdate --format %(refname)%00%(objectname)%00%(*objectname) [2ms]
2026-05-19 10:13:48.515 [info] > git config --get commit.template [2ms]
2026-05-19 10:13:48.530 [info] [Git][getRemotes] No remotes found in the git config file
2026-05-19 10:13:48.531 [info] > git for-each-ref --format=%(refname)%00%(upstream:short)%00%(objectname)%00%(upstream:track)%00%(upstream:remotename)%00%(upstream:remoteref) refs/heads/master refs/remotes/master [2ms]
2026-05-19 10:13:48.531 [warning] [Git][getBranch] No such branch: master
2026-05-19 10:13:48.562 [info] > git status -z -uall [16ms]
2026-05-19 10:13:48.563 [info] > git for-each-ref --sort -committerdate --format %(refname)%00%(objectname)%00%(*objectname) [2ms]
2026-05-19 10:13:53.606 [info] > git config --get commit.template [19ms]
2026-05-19 10:13:53.621 [info] [Git][getRemotes] No remotes found in the git config file
2026-05-19 10:13:53.623 [info] > git for-each-ref --format=%(refname)%00%(upstream:short)%00%(objectname)%00%(upstream:track)%00%(upstream:remotename)%00%(upstream:remoteref) refs/heads/master refs/remotes/master [2ms]
2026-05-19 10:13:53.623 [warning] [Git][getBranch] No such branch: master
2026-05-19 10:13:53.652 [info] > git status -z -uall [16ms]
2026-05-19 10:13:53.653 [info] > git for-each-ref --sort -committerdate --format %(refname)%00%(objectname)%00%(*objectname) [2ms]
2026-05-19 10:13:58.687 [info] [Git][getRemotes] No remotes found in the git config file
2026-05-19 10:13:58.689 [info] > git config --get commit.template [17ms]
2026-05-19 10:13:58.689 [info] > git for-each-ref --format=%(refname)%00%(upstream:short)%00%(objectname)%00%(upstream:track)%00%(upstream:remotename)%00%(upstream:remoteref) refs/heads/master refs/remotes/master [2ms]
2026-05-19 10:13:58.689 [warning] [Git][getBranch] No such branch: master
2026-05-19 10:13:58.720 [info] > git status -z -uall [17ms]
2026-05-19 10:13:58.722 [info] > git for-each-ref --sort -committerdate --format %(refname)%00%(objectname)%00%(*objectname) [4ms]
2026-05-19 10:14:05.177 [info] > git config --get commit.template [9ms]
2026-05-19 10:14:05.178 [info] [Git][getRemotes] No remotes found in the git config file
2026-05-19 10:14:05.194 [info] > git for-each-ref --format=%(refname)%00%(upstream:short)%00%(objectname)%00%(upstream:track)%00%(upstream:remotename)%00%(upstream:remoteref) refs/heads/master refs/remotes/master [2ms]
2026-05-19 10:14:05.194 [warning] [Git][getBranch] No such branch: master
2026-05-19 10:14:05.223 [info] > git status -z -uall [16ms]
2026-05-19 10:14:05.224 [info] > git for-each-ref --sort -committerdate --format %(refname)%00%(objectname)%00%(*objectname) [3ms]
2026-05-19 10:14:12.960 [info] [Git][getRemotes] No remotes found in the git config file
2026-05-19 10:14:12.961 [info] > git config --get commit.template [15ms]
2026-05-19 10:14:12.963 [info] > git for-each-ref --format=%(refname)%00%(upstream:short)%00%(objectname)%00%(upstream:track)%00%(upstream:remotename)%00%(upstream:remoteref) refs/heads/master refs/remotes/master [3ms]
2026-05-19 10:14:12.963 [warning] [Git][getBranch] No such branch: master
2026-05-19 10:14:12.991 [info] > git status -z -uall [15ms]
2026-05-19 10:14:12.992 [info] > git for-each-ref --sort -committerdate --format %(refname)%00%(objectname)%00%(*objectname) [2ms]
2026-05-19 10:14:18.026 [info] [Git][getRemotes] No remotes found in the git config file
2026-05-19 10:14:18.027 [info] > git config --get commit.template [15ms]
2026-05-19 10:14:18.028 [info] > git for-each-ref --format=%(refname)%00%(upstream:short)%00%(objectname)%00%(upstream:track)%00%(upstream:remotename)%00%(upstream:remoteref) refs/heads/master refs/remotes/master [2ms]
2026-05-19 10:14:18.028 [warning] [Git][getBranch] No such branch: master
2026-05-19 10:14:18.055 [info] > git status -z -uall [14ms]
2026-05-19 10:14:18.057 [info] > git for-each-ref --sort -committerdate --format %(refname)%00%(objectname)%00%(*objectname) [3ms]
2026-05-19 10:14:29.868 [info] > git config --get commit.template [3ms]
2026-05-19 10:14:29.883 [info] [Git][getRemotes] No remotes found in the git config file
2026-05-19 10:14:29.884 [info] > git for-each-ref --format=%(refname)%00%(upstream:short)%00%(objectname)%00%(upstream:track)%00%(upstream:remotename)%00%(upstream:remoteref) refs/heads/master refs/remotes/master [2ms]
2026-05-19 10:14:29.884 [warning] [Git][getBranch] No such branch: master
2026-05-19 10:14:29.915 [info] > git status -z -uall [16ms]
2026-05-19 10:14:29.916 [info] > git for-each-ref --sort -committerdate --format %(refname)%00%(objectname)%00%(*objectname) [3ms]
2026-05-19 10:14:34.943 [info] > git config --get commit.template [4ms]
2026-05-19 10:14:34.956 [info] [Git][getRemotes] No remotes found in the git config file
2026-05-19 10:14:34.957 [info] > git for-each-ref --format=%(refname)%00%(upstream:short)%00%(objectname)%00%(upstream:track)%00%(upstream:remotename)%00%(upstream:remoteref) refs/heads/master refs/remotes/master [1ms]
2026-05-19 10:14:34.958 [warning] [Git][getBranch] No such branch: master
2026-05-19 10:14:34.985 [info] > git status -z -uall [14ms]
2026-05-19 10:14:34.986 [info] > git for-each-ref --sort -committerdate --format %(refname)%00%(objectname)%00%(*objectname) [2ms]
2026-05-19 10:14:42.957 [info] [Git][getRemotes] No remotes found in the git config file
2026-05-19 10:14:42.958 [info] > git config --get commit.template [15ms]
2026-05-19 10:14:42.960 [info] > git for-each-ref --format=%(refname)%00%(upstream:short)%00%(objectname)%00%(upstream:track)%00%(upstream:remotename)%00%(upstream:remoteref) refs/heads/master refs/remotes/master [3ms]
2026-05-19 10:14:42.960 [warning] [Git][getBranch] No such branch: master
2026-05-19 10:14:42.988 [info] > git status -z -uall [14ms]
2026-05-19 10:14:42.989 [info] > git for-each-ref --sort -committerdate --format %(refname)%00%(objectname)%00%(*objectname) [3ms]
2026-05-19 10:14:48.019 [info] > git config --get commit.template [4ms]
2026-05-19 10:14:48.036 [info] [Git][getRemotes] No remotes found in the git config file
2026-05-19 10:14:48.043 [info] > git for-each-ref --format=%(refname)%00%(upstream:short)%00%(objectname)%00%(upstream:track)%00%(upstream:remotename)%00%(upstream:remoteref) refs/heads/master refs/remotes/master [7ms]
2026-05-19 10:14:48.043 [warning] [Git][getBranch] No such branch: master
2026-05-19 10:14:48.105 [info] > git status -z -uall [44ms]
2026-05-19 10:14:48.105 [info] > git for-each-ref --sort -committerdate --format %(refname)%00%(objectname)%00%(*objectname) [28ms]
2026-05-19 10:14:53.144 [info] [Git][getRemotes] No remotes found in the git config file
2026-05-19 10:14:53.145 [info] > git config --get commit.template [17ms]
2026-05-19 10:14:53.146 [info] > git for-each-ref --format=%(refname)%00%(upstream:short)%00%(objectname)%00%(upstream:track)%00%(upstream:remotename)%00%(upstream:remoteref) refs/heads/master refs/remotes/master [3ms]
2026-05-19 10:14:53.146 [warning] [Git][getBranch] No such branch: master
2026-05-19 10:14:53.176 [info] > git status -z -uall [16ms]
2026-05-19 10:14:53.177 [info] > git for-each-ref --sort -committerdate --format %(refname)%00%(objectname)%00%(*objectname) [2ms]
2026-05-19 10:14:58.210 [info] [Git][getRemotes] No remotes found in the git config file
2026-05-19 10:14:58.211 [info] > git config --get commit.template [15ms]
2026-05-19 10:14:58.212 [info] > git for-each-ref --format=%(refname)%00%(upstream:short)%00%(objectname)%00%(upstream:track)%00%(upstream:remotename)%00%(upstream:remoteref) refs/heads/master refs/remotes/master [2ms]
2026-05-19 10:14:58.212 [warning] [Git][getBranch] No such branch: master
2026-05-19 10:14:58.240 [info] > git status -z -uall [15ms]
2026-05-19 10:14:58.241 [info] > git for-each-ref --sort -committerdate --format %(refname)%00%(objectname)%00%(*objectname) [2ms]
2026-05-19 10:15:07.071 [info] [Git][getRemotes] No remotes found in the git config file
2026-05-19 10:15:07.072 [info] > git config --get commit.template [15ms]
2026-05-19 10:15:07.074 [info] > git for-each-ref --format=%(refname)%00%(upstream:short)%00%(objectname)%00%(upstream:track)%00%(upstream:remotename)%00%(upstream:remoteref) refs/heads/master refs/remotes/master [3ms]
2026-05-19 10:15:07.074 [warning] [Git][getBranch] No such branch: master
2026-05-19 10:15:07.103 [info] > git status -z -uall [15ms]
2026-05-19 10:15:07.104 [info] > git for-each-ref --sort -committerdate --format %(refname)%00%(objectname)%00%(*objectname) [2ms]
2026-05-19 10:15:12.487 [info] [Git][getRemotes] No remotes found in the git config file
2026-05-19 10:15:12.488 [info] > git config --get commit.template [16ms]
2026-05-19 10:15:12.489 [info] > git for-each-ref --format=%(refname)%00%(upstream:short)%00%(objectname)%00%(upstream:track)%00%(upstream:remotename)%00%(upstream:remoteref) refs/heads/master refs/remotes/master [2ms]
2026-05-19 10:15:12.489 [warning] [Git][getBranch] No such branch: master
2026-05-19 10:15:12.519 [info] > git status -z -uall [16ms]
2026-05-19 10:15:12.520 [info] > git for-each-ref --sort -committerdate --format %(refname)%00%(objectname)%00%(*objectname) [2ms]
2026-05-19 10:15:17.545 [info] > git config --get commit.template [4ms]
2026-05-19 10:15:17.559 [info] [Git][getRemotes] No remotes found in the git config file
2026-05-19 10:15:17.560 [info] > git for-each-ref --format=%(refname)%00%(upstream:short)%00%(objectname)%00%(upstream:track)%00%(upstream:remotename)%00%(upstream:remoteref) refs/heads/master refs/remotes/master [1ms]
2026-05-19 10:15:17.561 [warning] [Git][getBranch] No such branch: master
2026-05-19 10:15:17.588 [info] > git status -z -uall [14ms]
2026-05-19 10:15:17.590 [info] > git for-each-ref --sort -committerdate --format %(refname)%00%(objectname)%00%(*objectname) [3ms]
2026-05-19 10:15:22.624 [info] [Git][getRemotes] No remotes found in the git config file
2026-05-19 10:15:22.625 [info] > git config --get commit.template [15ms]
2026-05-19 10:15:22.625 [info] > git for-each-ref --format=%(refname)%00%(upstream:short)%00%(objectname)%00%(upstream:track)%00%(upstream:remotename)%00%(upstream:remoteref) refs/heads/master refs/remotes/master [2ms]
2026-05-19 10:15:22.626 [warning] [Git][getBranch] No such branch: master
2026-05-19 10:15:22.654 [info] > git status -z -uall [15ms]
2026-05-19 10:15:22.655 [info] > git for-each-ref --sort -committerdate --format %(refname)%00%(objectname)%00%(*objectname) [2ms]
2026-05-19 10:15:34.491 [info] > git config --get commit.template [2ms]
2026-05-19 10:15:34.504 [info] [Git][getRemotes] No remotes found in the git config file
2026-05-19 10:15:34.506 [info] > git for-each-ref --format=%(refname)%00%(upstream:short)%00%(objectname)%00%(upstream:track)%00%(upstream:remotename)%00%(upstream:remoteref) refs/heads/master refs/remotes/master [2ms]
2026-05-19 10:15:34.506 [warning] [Git][getBranch] No such branch: master
2026-05-19 10:15:34.535 [info] > git status -z -uall [16ms]
2026-05-19 10:15:34.538 [info] > git for-each-ref --sort -committerdate --format %(refname)%00%(objectname)%00%(*objectname) [4ms]
2026-05-19 10:15:39.572 [info] [Git][getRemotes] No remotes found in the git config file
2026-05-19 10:15:39.574 [info] > git config --get commit.template [15ms]
2026-05-19 10:15:39.574 [info] > git for-each-ref --format=%(refname)%00%(upstream:short)%00%(objectname)%00%(upstream:track)%00%(upstream:remotename)%00%(upstream:remoteref) refs/heads/master refs/remotes/master [2ms]
2026-05-19 10:15:39.574 [warning] [Git][getBranch] No such branch: master
2026-05-19 10:15:39.605 [info] > git status -z -uall [17ms]
2026-05-19 10:15:39.632 [info] > git for-each-ref --sort -committerdate --format %(refname)%00%(objectname)%00%(*objectname) [29ms]
2026-05-19 10:15:44.672 [info] [Git][getRemotes] No remotes found in the git config file
2026-05-19 10:15:44.674 [info] > git config --get commit.template [20ms]
2026-05-19 10:15:44.676 [info] > git for-each-ref --format=%(refname)%00%(upstream:short)%00%(objectname)%00%(upstream:track)%00%(upstream:remotename)%00%(upstream:remoteref) refs/heads/master refs/remotes/master [4ms]
2026-05-19 10:15:44.676 [warning] [Git][getBranch] No such branch: master
2026-05-19 10:15:44.714 [info] > git status -z -uall [21ms]
2026-05-19 10:15:44.717 [info] > git for-each-ref --sort -committerdate --format %(refname)%00%(objectname)%00%(*objectname) [4ms]
2026-05-19 10:16:21.346 [info] [Git][getRemotes] No remotes found in the git config file
2026-05-19 10:16:21.354 [info] > git for-each-ref --format=%(refname)%00%(upstream:short)%00%(objectname)%00%(upstream:track)%00%(upstream:remotename)%00%(upstream:remoteref) refs/heads/master refs/remotes/master [9ms]
2026-05-19 10:16:21.354 [warning] [Git][getBranch] No such branch: master
2026-05-19 10:16:21.355 [info] > git config --get commit.template [43ms]
2026-05-19 10:16:21.403 [info] > git status -z -uall [23ms]
2026-05-19 10:16:21.403 [info] > git for-each-ref --sort -committerdate --format %(refname)%00%(objectname)%00%(*objectname) [2ms]
2026-05-19 10:16:40.527 [info] > git config --get commit.template [2ms]
2026-05-19 10:16:40.527 [info] [Git][getRemotes] No remotes found in the git config file
2026-05-19 10:16:40.545 [info] > git for-each-ref --format=%(refname)%00%(upstream:short)%00%(objectname)%00%(upstream:track)%00%(upstream:remotename)%00%(upstream:remoteref) refs/heads/master refs/remotes/master [2ms]
2026-05-19 10:16:40.545 [warning] [Git][getBranch] No such branch: master
2026-05-19 10:16:40.576 [info] > git status -z -uall [16ms]
2026-05-19 10:16:40.579 [info] > git for-each-ref --sort -committerdate --format %(refname)%00%(objectname)%00%(*objectname) [4ms]
2026-05-19 10:16:57.647 [info] [Git][getRemotes] No remotes found in the git config file
2026-05-19 10:16:57.648 [info] > git config --get commit.template [16ms]
2026-05-19 10:16:57.650 [info] > git for-each-ref --format=%(refname)%00%(upstream:short)%00%(objectname)%00%(upstream:track)%00%(upstream:remotename)%00%(upstream:remoteref) refs/heads/master refs/remotes/master [3ms]
2026-05-19 10:16:57.650 [warning] [Git][getBranch] No such branch: master
2026-05-19 10:16:57.679 [info] > git status -z -uall [16ms]
2026-05-19 10:16:57.680 [info] > git for-each-ref --sort -committerdate --format %(refname)%00%(objectname)%00%(*objectname) [3ms]
2026-05-19 10:17:02.718 [info] [Git][getRemotes] No remotes found in the git config file
2026-05-19 10:17:02.719 [info] > git config --get commit.template [17ms]
2026-05-19 10:17:02.720 [info] > git for-each-ref --format=%(refname)%00%(upstream:short)%00%(objectname)%00%(upstream:track)%00%(upstream:remotename)%00%(upstream:remoteref) refs/heads/master refs/remotes/master [3ms]
2026-05-19 10:17:02.720 [warning] [Git][getBranch] No such branch: master
2026-05-19 10:17:02.752 [info] > git status -z -uall [18ms]
2026-05-19 10:17:02.757 [info] > git for-each-ref --sort -committerdate --format %(refname)%00%(objectname)%00%(*objectname) [7ms]
2026-05-19 10:17:07.779 [info] > git config --get commit.template [3ms]
2026-05-19 10:17:07.779 [info] [Git][getRemotes] No remotes found in the git config file
2026-05-19 10:17:07.798 [info] > git for-each-ref --format=%(refname)%00%(upstream:short)%00%(objectname)%00%(upstream:track)%00%(upstream:remotename)%00%(upstream:remoteref) refs/heads/master refs/remotes/master [3ms]
2026-05-19 10:17:07.798 [warning] [Git][getBranch] No such branch: master
2026-05-19 10:17:07.829 [info] > git status -z -uall [16ms]
2026-05-19 10:17:07.830 [info] > git for-each-ref --sort -committerdate --format %(refname)%00%(objectname)%00%(*objectname) [2ms]
2026-05-19 10:17:12.862 [info] [Git][getRemotes] No remotes found in the git config file
2026-05-19 10:17:12.863 [info] > git config --get commit.template [16ms]
2026-05-19 10:17:12.864 [info] > git for-each-ref --format=%(refname)%00%(upstream:short)%00%(objectname)%00%(upstream:track)%00%(upstream:remotename)%00%(upstream:remoteref) refs/heads/master refs/remotes/master [2ms]
2026-05-19 10:17:12.864 [warning] [Git][getBranch] No such branch: master
2026-05-19 10:17:12.895 [info] > git status -z -uall [17ms]
2026-05-19 10:17:12.897 [info] > git for-each-ref --sort -committerdate --format %(refname)%00%(objectname)%00%(*objectname) [4ms]
2026-05-19 10:17:17.929 [info] [Git][getRemotes] No remotes found in the git config file
2026-05-19 10:17:17.931 [info] > git config --get commit.template [15ms]
2026-05-19 10:17:17.931 [info] > git for-each-ref --format=%(refname)%00%(upstream:short)%00%(objectname)%00%(upstream:track)%00%(upstream:remotename)%00%(upstream:remoteref) refs/heads/master refs/remotes/master [2ms]
2026-05-19 10:17:17.931 [warning] [Git][getBranch] No such branch: master
2026-05-19 10:17:17.959 [info] > git status -z -uall [15ms]
2026-05-19 10:17:17.960 [info] > git for-each-ref --sort -committerdate --format %(refname)%00%(objectname)%00%(*objectname) [2ms]
2026-05-19 10:17:22.996 [info] [Git][getRemotes] No remotes found in the git config file
2026-05-19 10:17:22.997 [info] > git config --get commit.template [18ms]
2026-05-19 10:17:22.998 [info] > git for-each-ref --format=%(refname)%00%(upstream:short)%00%(objectname)%00%(upstream:track)%00%(upstream:remotename)%00%(upstream:remoteref) refs/heads/master refs/remotes/master [3ms]
2026-05-19 10:17:22.998 [warning] [Git][getBranch] No such branch: master
2026-05-19 10:17:23.029 [info] > git status -z -uall [17ms]
2026-05-19 10:17:23.030 [info] > git for-each-ref --sort -committerdate --format %(refname)%00%(objectname)%00%(*objectname) [2ms]
2026-05-19 10:17:28.061 [info] [Git][getRemotes] No remotes found in the git config file
2026-05-19 10:17:28.062 [info] > git config --get commit.template [15ms]
2026-05-19 10:17:28.063 [info] > git for-each-ref --format=%(refname)%00%(upstream:short)%00%(objectname)%00%(upstream:track)%00%(upstream:remotename)%00%(upstream:remoteref) refs/heads/master refs/remotes/master [2ms]
2026-05-19 10:17:28.063 [warning] [Git][getBranch] No such branch: master
2026-05-19 10:17:28.090 [info] > git status -z -uall [15ms]
2026-05-19 10:17:28.091 [info] > git for-each-ref --sort -committerdate --format %(refname)%00%(objectname)%00%(*objectname) [3ms]
2026-05-19 10:23:04.156 [info] > git check-ignore -v -z --stdin [2ms]
2026-05-19 10:26:42.585 [info] [Git][getRemotes] No remotes found in the git config file
2026-05-19 10:26:42.587 [info] > git config --get commit.template [18ms]
2026-05-19 10:26:42.588 [info] > git for-each-ref --format=%(refname)%00%(upstream:short)%00%(objectname)%00%(upstream:track)%00%(upstream:remotename)%00%(upstream:remoteref) refs/heads/master refs/remotes/master [3ms]
2026-05-19 10:26:42.588 [warning] [Git][getBranch] No such branch: master
2026-05-19 10:26:42.613 [info] > git status -z -uall [12ms]
2026-05-19 10:26:42.615 [info] > git for-each-ref --sort -committerdate --format %(refname)%00%(objectname)%00%(*objectname) [3ms]
2026-05-19 10:26:47.646 [info] [Git][getRemotes] No remotes found in the git config file
2026-05-19 10:26:47.647 [info] > git config --get commit.template [13ms]
2026-05-19 10:26:47.648 [info] > git for-each-ref --format=%(refname)%00%(upstream:short)%00%(objectname)%00%(upstream:track)%00%(upstream:remotename)%00%(upstream:remoteref) refs/heads/master refs/remotes/master [2ms]
2026-05-19 10:26:47.648 [warning] [Git][getBranch] No such branch: master
2026-05-19 10:26:47.673 [info] > git status -z -uall [12ms]
2026-05-19 10:26:47.674 [info] > git for-each-ref --sort -committerdate --format %(refname)%00%(objectname)%00%(*objectname) [2ms]
2026-05-19 10:26:53.375 [info] [Git][getRemotes] No remotes found in the git config file
2026-05-19 10:26:53.375 [info] > git config --get commit.template [17ms]
2026-05-19 10:26:53.381 [info] > git for-each-ref --format=%(refname)%00%(upstream:short)%00%(objectname)%00%(upstream:track)%00%(upstream:remotename)%00%(upstream:remoteref) refs/heads/master refs/remotes/master [7ms]
2026-05-19 10:26:53.382 [warning] [Git][getBranch] No such branch: master
2026-05-19 10:26:53.408 [info] > git status -z -uall [13ms]
2026-05-19 10:26:53.410 [info] > git for-each-ref --sort -committerdate --format %(refname)%00%(objectname)%00%(*objectname) [2ms]
2026-05-19 10:36:07.022 [info] > git rev-parse --show-toplevel [16ms]
2026-05-19 10:36:07.025 [info] fatal: not a git repository (or any parent up to mount point /)
Stopping at filesystem boundary (GIT_DISCOVERY_ACROSS_FILESYSTEM not set).
2026-05-19 10:41:58.243 [info] > git config --get commit.template [3ms]
2026-05-19 10:41:58.252 [info] [Git][getRemotes] No remotes found in the git config file
2026-05-19 10:41:58.253 [info] > git for-each-ref --format=%(refname)%00%(upstream:short)%00%(objectname)%00%(upstream:track)%00%(upstream:remotename)%00%(upstream:remoteref) refs/heads/master refs/remotes/master [2ms]
2026-05-19 10:41:58.253 [warning] [Git][getBranch] No such branch: master
2026-05-19 10:41:58.272 [info] > git status -z -uall [10ms]
2026-05-19 10:41:58.273 [info] > git for-each-ref --sort -committerdate --format %(refname)%00%(objectname)%00%(*objectname) [3ms]
2026-05-19 10:42:07.828 [info] > git check-ignore -v -z --stdin [2ms]
2026-05-19 10:42:08.609 [info] > git config --get commit.template [4ms]
2026-05-19 10:42:08.618 [info] [Git][getRemotes] No remotes found in the git config file
2026-05-19 10:42:08.620 [info] > git for-each-ref --format=%(refname)%00%(upstream:short)%00%(objectname)%00%(upstream:track)%00%(upstream:remotename)%00%(upstream:remoteref) refs/heads/master refs/remotes/master [2ms]
2026-05-19 10:42:08.620 [warning] [Git][getBranch] No such branch: master
2026-05-19 10:42:08.641 [info] > git status -z -uall [12ms]
2026-05-19 10:42:08.642 [info] > git for-each-ref --sort -committerdate --format %(refname)%00%(objectname)%00%(*objectname) [4ms]
2026-05-19 10:42:19.732 [info] > git check-ignore -v -z --stdin [1ms]
2026-05-19 10:42:20.597 [info] > git config --get commit.template [1ms]
2026-05-19 10:42:20.610 [info] [Git][getRemotes] No remotes found in the git config file
2026-05-19 10:42:20.611 [info] > git for-each-ref --format=%(refname)%00%(upstream:short)%00%(objectname)%00%(upstream:track)%00%(upstream:remotename)%00%(upstream:remoteref) refs/heads/master refs/remotes/master [1ms]
2026-05-19 10:42:20.611 [warning] [Git][getBranch] No such branch: master
2026-05-19 10:42:20.627 [info] > git status -z -uall [9ms]
2026-05-19 10:42:20.628 [info] > git for-each-ref --sort -committerdate --format %(refname)%00%(objectname)%00%(*objectname) [1ms]
2026-05-19 10:44:29.480 [info] > git config --get commit.template [1ms]
2026-05-19 10:44:29.492 [info] [Git][getRemotes] No remotes found in the git config file
2026-05-19 10:44:29.493 [info] > git for-each-ref --format=%(refname)%00%(upstream:short)%00%(objectname)%00%(upstream:track)%00%(upstream:remotename)%00%(upstream:remoteref) refs/heads/master refs/remotes/master [1ms]
2026-05-19 10:44:29.493 [warning] [Git][getBranch] No such branch: master
2026-05-19 10:44:29.510 [info] > git status -z -uall [10ms]
2026-05-19 10:44:29.511 [info] > git for-each-ref --sort -committerdate --format %(refname)%00%(objectname)%00%(*objectname) [1ms]
2026-05-19 10:47:44.102 [info] [Git][getRemotes] No remotes found in the git config file
2026-05-19 10:47:44.103 [info] > git config --get commit.template [15ms]
2026-05-19 10:47:44.103 [info] > git for-each-ref --format=%(refname)%00%(upstream:short)%00%(objectname)%00%(upstream:track)%00%(upstream:remotename)%00%(upstream:remoteref) refs/heads/master refs/remotes/master [1ms]
2026-05-19 10:47:44.103 [warning] [Git][getBranch] No such branch: master
2026-05-19 10:47:44.128 [info] > git status -z -uall [15ms]
2026-05-19 10:47:44.130 [info] > git for-each-ref --sort -committerdate --format %(refname)%00%(objectname)%00%(*objectname) [3ms]
2026-05-19 10:47:53.671 [info] > git check-ignore -v -z --stdin [2ms]
2026-05-19 10:47:54.378 [info] [Git][getRemotes] No remotes found in the git config file
2026-05-19 10:47:54.390 [info] > git config --get commit.template [13ms]
2026-05-19 10:47:54.391 [info] > git for-each-ref --format=%(refname)%00%(upstream:short)%00%(objectname)%00%(upstream:track)%00%(upstream:remotename)%00%(upstream:remoteref) refs/heads/master refs/remotes/master [2ms]
2026-05-19 10:47:54.391 [warning] [Git][getBranch] No such branch: master
2026-05-19 10:47:54.418 [info] > git status -z -uall [11ms]
2026-05-19 10:47:54.419 [info] > git for-each-ref --sort -committerdate --format %(refname)%00%(objectname)%00%(*objectname) [2ms]
2026-05-19 10:48:36.687 [info] > git check-ignore -v -z --stdin [3ms]
2026-05-19 10:50:03.772 [info] > git config --get commit.template [2ms]
2026-05-19 10:50:03.784 [info] [Git][getRemotes] No remotes found in the git config file
2026-05-19 10:50:03.788 [info] > git for-each-ref --format=%(refname)%00%(upstream:short)%00%(objectname)%00%(upstream:track)%00%(upstream:remotename)%00%(upstream:remoteref) refs/heads/master refs/remotes/master [5ms]
2026-05-19 10:50:03.788 [warning] [Git][getBranch] No such branch: master
2026-05-19 10:50:03.810 [info] > git status -z -uall [11ms]
2026-05-19 10:50:03.811 [info] > git for-each-ref --sort -committerdate --format %(refname)%00%(objectname)%00%(*objectname) [1ms]
2026-05-19 10:50:08.834 [info] [Git][getRemotes] No remotes found in the git config file
2026-05-19 10:50:08.834 [info] > git config --get commit.template [10ms]
2026-05-19 10:50:08.835 [info] > git for-each-ref --format=%(refname)%00%(upstream:short)%00%(objectname)%00%(upstream:track)%00%(upstream:remotename)%00%(upstream:remoteref) refs/heads/master refs/remotes/master [2ms]
2026-05-19 10:50:08.835 [warning] [Git][getBranch] No such branch: master
2026-05-19 10:50:08.852 [info] > git status -z -uall [10ms]
2026-05-19 10:50:08.853 [info] > git for-each-ref --sort -committerdate --format %(refname)%00%(objectname)%00%(*objectname) [1ms]
2026-05-19 10:50:21.840 [info] [Git][getRemotes] No remotes found in the git config file
2026-05-19 10:50:21.841 [info] > git config --get commit.template [15ms]
2026-05-19 10:50:21.841 [info] > git for-each-ref --format=%(refname)%00%(upstream:short)%00%(objectname)%00%(upstream:track)%00%(upstream:remotename)%00%(upstream:remoteref) refs/heads/master refs/remotes/master [1ms]
2026-05-19 10:50:21.842 [warning] [Git][getBranch] No such branch: master
2026-05-19 10:50:21.864 [info] > git status -z -uall [10ms]
2026-05-19 10:50:21.865 [info] > git for-each-ref --sort -committerdate --format %(refname)%00%(objectname)%00%(*objectname) [2ms]
2026-05-19 10:50:33.359 [info] [Git][getRemotes] No remotes found in the git config file
2026-05-19 10:50:33.360 [info] > git config --get commit.template [12ms]
2026-05-19 10:50:33.360 [info] > git for-each-ref --format=%(refname)%00%(upstream:short)%00%(objectname)%00%(upstream:track)%00%(upstream:remotename)%00%(upstream:remoteref) refs/heads/master refs/remotes/master [1ms]
2026-05-19 10:50:33.360 [warning] [Git][getBranch] No such branch: master
2026-05-19 10:50:33.381 [info] > git status -z -uall [11ms]
2026-05-19 10:50:33.382 [info] > git for-each-ref --sort -committerdate --format %(refname)%00%(objectname)%00%(*objectname) [2ms]
2026-05-19 10:50:34.455 [info] > git check-ignore -v -z --stdin [3ms]
2026-05-19 10:50:37.337 [info] > git check-ignore -v -z --stdin [6ms]
2026-05-19 10:50:38.412 [info] [Git][getRemotes] No remotes found in the git config file
2026-05-19 10:50:38.412 [info] > git config --get commit.template [13ms]
2026-05-19 10:50:38.413 [info] > git for-each-ref --format=%(refname)%00%(upstream:short)%00%(objectname)%00%(upstream:track)%00%(upstream:remotename)%00%(upstream:remoteref) refs/heads/master refs/remotes/master [1ms]
2026-05-19 10:50:38.413 [warning] [Git][getBranch] No such branch: master
2026-05-19 10:50:38.432 [info] > git status -z -uall [10ms]
2026-05-19 10:50:38.433 [info] > git for-each-ref --sort -committerdate --format %(refname)%00%(objectname)%00%(*objectname) [2ms]
2026-05-19 10:51:25.364 [info] [Git][getRemotes] No remotes found in the git config file
2026-05-19 10:51:25.365 [info] > git config --get commit.template [16ms]
2026-05-19 10:51:25.366 [info] > git for-each-ref --format=%(refname)%00%(upstream:short)%00%(objectname)%00%(upstream:track)%00%(upstream:remotename)%00%(upstream:remoteref) refs/heads/master refs/remotes/master [2ms]
2026-05-19 10:51:25.366 [warning] [Git][getBranch] No such branch: master
2026-05-19 10:51:25.395 [info] > git status -z -uall [15ms]
2026-05-19 10:51:25.396 [info] > git for-each-ref --sort -committerdate --format %(refname)%00%(objectname)%00%(*objectname) [2ms]
2026-05-19 10:51:41.527 [info] > git config --get commit.template [2ms]
2026-05-19 10:51:41.541 [info] [Git][getRemotes] No remotes found in the git config file
2026-05-19 10:51:41.542 [info] > git for-each-ref --format=%(refname)%00%(upstream:short)%00%(objectname)%00%(upstream:track)%00%(upstream:remotename)%00%(upstream:remoteref) refs/heads/master refs/remotes/master [1ms]
2026-05-19 10:51:41.542 [warning] [Git][getBranch] No such branch: master
2026-05-19 10:51:41.563 [info] > git status -z -uall [9ms]
2026-05-19 10:51:41.564 [info] > git for-each-ref --sort -committerdate --format %(refname)%00%(objectname)%00%(*objectname) [2ms]
2026-05-19 10:52:27.337 [info] > git config --get commit.template [2ms]
2026-05-19 10:52:27.338 [info] [Git][getRemotes] No remotes found in the git config file
2026-05-19 10:52:27.352 [info] > git for-each-ref --format=%(refname)%00%(upstream:short)%00%(objectname)%00%(upstream:track)%00%(upstream:remotename)%00%(upstream:remoteref) refs/heads/master refs/remotes/master [2ms]
2026-05-19 10:52:27.352 [warning] [Git][getBranch] No such branch: master
2026-05-19 10:52:27.375 [info] > git status -z -uall [11ms]
2026-05-19 10:52:27.375 [info] > git for-each-ref --sort -committerdate --format %(refname)%00%(objectname)%00%(*objectname) [1ms]
2026-05-19 10:53:10.223 [info] [Git][getRemotes] No remotes found in the git config file
2026-05-19 10:53:10.237 [info] > git config --get commit.template [16ms]
2026-05-19 10:53:10.239 [info] > git for-each-ref --format=%(refname)%00%(upstream:short)%00%(objectname)%00%(upstream:track)%00%(upstream:remotename)%00%(upstream:remoteref) refs/heads/master refs/remotes/master [3ms]
2026-05-19 10:53:10.239 [warning] [Git][getBranch] No such branch: master
2026-05-19 10:53:10.265 [info] > git status -z -uall [14ms]
2026-05-19 10:53:10.267 [info] > git for-each-ref --sort -committerdate --format %(refname)%00%(objectname)%00%(*objectname) [3ms]
2026-05-19 10:55:20.667 [info] [Git][getRemotes] No remotes found in the git config file
2026-05-19 10:55:20.691 [info] > git config --get commit.template [30ms]
2026-05-19 10:55:20.693 [info] > git for-each-ref --format=%(refname)%00%(upstream:short)%00%(objectname)%00%(upstream:track)%00%(upstream:remotename)%00%(upstream:remoteref) refs/heads/master refs/remotes/master [3ms]
2026-05-19 10:55:20.693 [warning] [Git][getBranch] No such branch: master
2026-05-19 10:55:20.749 [info] > git status -z -uall [30ms]
2026-05-19 10:55:20.751 [info] > git for-each-ref --sort -committerdate --format %(refname)%00%(objectname)%00%(*objectname) [7ms]
2026-05-19 10:55:25.775 [info] [Git][getRemotes] No remotes found in the git config file
2026-05-19 10:55:25.775 [info] > git config --get commit.template [9ms]
2026-05-19 10:55:25.776 [info] > git for-each-ref --format=%(refname)%00%(upstream:short)%00%(objectname)%00%(upstream:track)%00%(upstream:remotename)%00%(upstream:remoteref) refs/heads/master refs/remotes/master [2ms]
2026-05-19 10:55:25.776 [warning] [Git][getBranch] No such branch: master
2026-05-19 10:55:25.796 [info] > git status -z -uall [11ms]
2026-05-19 10:55:25.797 [info] > git for-each-ref --sort -committerdate --format %(refname)%00%(objectname)%00%(*objectname) [3ms]
2026-05-19 10:55:44.871 [info] > git config --get commit.template [4ms]
2026-05-19 10:55:44.887 [info] [Git][getRemotes] No remotes found in the git config file
2026-05-19 10:55:44.888 [info] > git for-each-ref --format=%(refname)%00%(upstream:short)%00%(objectname)%00%(upstream:track)%00%(upstream:remotename)%00%(upstream:remoteref) refs/heads/master refs/remotes/master [1ms]
2026-05-19 10:55:44.888 [warning] [Git][getBranch] No such branch: master
2026-05-19 10:55:44.923 [info] > git status -z -uall [19ms]
2026-05-19 10:55:44.933 [info] > git for-each-ref --sort -committerdate --format %(refname)%00%(objectname)%00%(*objectname) [11ms]
2026-05-19 10:55:49.949 [info] [Git][getRemotes] No remotes found in the git config file
2026-05-19 10:55:49.962 [info] > git config --get commit.template [14ms]
2026-05-19 10:55:49.963 [info] > git for-each-ref --format=%(refname)%00%(upstream:short)%00%(objectname)%00%(upstream:track)%00%(upstream:remotename)%00%(upstream:remoteref) refs/heads/master refs/remotes/master [2ms]
2026-05-19 10:55:49.963 [warning] [Git][getBranch] No such branch: master
2026-05-19 10:55:49.989 [info] > git status -z -uall [13ms]
2026-05-19 10:55:49.990 [info] > git for-each-ref --sort -committerdate --format %(refname)%00%(objectname)%00%(*objectname) [3ms]
2026-05-19 10:55:55.032 [info] [Git][getRemotes] No remotes found in the git config file
2026-05-19 10:55:55.034 [info] > git config --get commit.template [19ms]
2026-05-19 10:55:55.034 [info] > git for-each-ref --format=%(refname)%00%(upstream:short)%00%(objectname)%00%(upstream:track)%00%(upstream:remotename)%00%(upstream:remoteref) refs/heads/master refs/remotes/master [2ms]
2026-05-19 10:55:55.034 [warning] [Git][getBranch] No such branch: master
2026-05-19 10:55:55.062 [info] > git status -z -uall [14ms]
2026-05-19 10:55:55.065 [info] > git for-each-ref --sort -committerdate --format %(refname)%00%(objectname)%00%(*objectname) [5ms]
2026-05-19 10:57:37.383 [info] [Git][getRemotes] No remotes found in the git config file
2026-05-19 10:57:37.384 [info] > git config --get commit.template [17ms]
2026-05-19 10:57:37.384 [info] > git for-each-ref --format=%(refname)%00%(upstream:short)%00%(objectname)%00%(upstream:track)%00%(upstream:remotename)%00%(upstream:remoteref) refs/heads/master refs/remotes/master [1ms]
2026-05-19 10:57:37.385 [warning] [Git][getBranch] No such branch: master
2026-05-19 10:57:37.408 [info] > git status -z -uall [12ms]
2026-05-19 10:57:37.409 [info] > git for-each-ref --sort -committerdate --format %(refname)%00%(objectname)%00%(*objectname) [2ms]
2026-05-19 10:57:48.297 [info] [Git][getRemotes] No remotes found in the git config file
2026-05-19 10:57:48.298 [info] > git config --get commit.template [12ms]
2026-05-19 10:57:48.298 [info] > git for-each-ref --format=%(refname)%00%(upstream:short)%00%(objectname)%00%(upstream:track)%00%(upstream:remotename)%00%(upstream:remoteref) refs/heads/master refs/remotes/master [1ms]
2026-05-19 10:57:48.299 [warning] [Git][getBranch] No such branch: master
2026-05-19 10:57:48.317 [info] > git status -z -uall [9ms]
2026-05-19 10:57:48.317 [info] > git for-each-ref --sort -committerdate --format %(refname)%00%(objectname)%00%(*objectname) [2ms]
2026-05-19 10:58:38.012 [info] [Git][getRemotes] No remotes found in the git config file
2026-05-19 10:58:38.026 [info] > git config --get commit.template [15ms]
2026-05-19 10:58:38.027 [info] > git for-each-ref --format=%(refname)%00%(upstream:short)%00%(objectname)%00%(upstream:track)%00%(upstream:remotename)%00%(upstream:remoteref) refs/heads/master refs/remotes/master [2ms]
2026-05-19 10:58:38.027 [warning] [Git][getBranch] No such branch: master
2026-05-19 10:58:38.050 [info] > git status -z -uall [11ms]
2026-05-19 10:58:38.051 [info] > git for-each-ref --sort -committerdate --format %(refname)%00%(objectname)%00%(*objectname) [2ms]
2026-05-19 10:58:43.819 [info] [Git][getRemotes] No remotes found in the git config file
2026-05-19 10:58:43.823 [info] > git for-each-ref --format=%(refname)%00%(upstream:short)%00%(objectname)%00%(upstream:track)%00%(upstream:remotename)%00%(upstream:remoteref) refs/heads/master refs/remotes/master [3ms]
2026-05-19 10:58:43.823 [warning] [Git][getBranch] No such branch: master
2026-05-19 10:58:43.823 [info] > git config --get commit.template [24ms]
2026-05-19 10:58:43.862 [info] > git status -z -uall [23ms]
2026-05-19 10:58:43.862 [info] > git for-each-ref --sort -committerdate --format %(refname)%00%(objectname)%00%(*objectname) [11ms]
2026-05-19 10:59:34.379 [info] [Git][getRemotes] No remotes found in the git config file
2026-05-19 10:59:34.380 [info] > git config --get commit.template [27ms]
2026-05-19 10:59:34.381 [info] > git for-each-ref --format=%(refname)%00%(upstream:short)%00%(objectname)%00%(upstream:track)%00%(upstream:remotename)%00%(upstream:remoteref) refs/heads/master refs/remotes/master [3ms]
2026-05-19 10:59:34.381 [warning] [Git][getBranch] No such branch: master
2026-05-19 10:59:34.415 [info] > git status -z -uall [18ms]
2026-05-19 10:59:34.415 [info] > git for-each-ref --sort -committerdate --format %(refname)%00%(objectname)%00%(*objectname) [3ms]
2026-05-19 10:59:39.449 [info] [Git][getRemotes] No remotes found in the git config file
2026-05-19 10:59:39.450 [info] > git config --get commit.template [16ms]
2026-05-19 10:59:39.451 [info] > git for-each-ref --format=%(refname)%00%(upstream:short)%00%(objectname)%00%(upstream:track)%00%(upstream:remotename)%00%(upstream:remoteref) refs/heads/master refs/remotes/master [2ms]
2026-05-19 10:59:39.451 [warning] [Git][getBranch] No such branch: master
2026-05-19 10:59:39.481 [info] > git status -z -uall [15ms]
2026-05-19 10:59:39.482 [info] > git for-each-ref --sort -committerdate --format %(refname)%00%(objectname)%00%(*objectname) [2ms]
2026-05-19 11:00:07.205 [info] > git config --get commit.template [5ms]
2026-05-19 11:00:07.225 [info] [Git][getRemotes] No remotes found in the git config file
2026-05-19 11:00:07.229 [info] > git for-each-ref --format=%(refname)%00%(upstream:short)%00%(objectname)%00%(upstream:track)%00%(upstream:remotename)%00%(upstream:remoteref) refs/heads/master refs/remotes/master [4ms]
2026-05-19 11:00:07.229 [warning] [Git][getBranch] No such branch: master
2026-05-19 11:00:07.273 [info] > git status -z -uall [22ms]
2026-05-19 11:00:07.274 [info] > git for-each-ref --sort -committerdate --format %(refname)%00%(objectname)%00%(*objectname) [3ms]
2026-05-19 11:00:12.303 [info] [Git][getRemotes] No remotes found in the git config file
2026-05-19 11:00:12.304 [info] > git config --get commit.template [13ms]
2026-05-19 11:00:12.304 [info] > git for-each-ref --format=%(refname)%00%(upstream:short)%00%(objectname)%00%(upstream:track)%00%(upstream:remotename)%00%(upstream:remoteref) refs/heads/master refs/remotes/master [1ms]
2026-05-19 11:00:12.304 [warning] [Git][getBranch] No such branch: master
2026-05-19 11:00:12.322 [info] > git status -z -uall [10ms]
2026-05-19 11:00:12.322 [info] > git for-each-ref --sort -committerdate --format %(refname)%00%(objectname)%00%(*objectname) [1ms]
2026-05-19 11:01:13.762 [info] [Git][getRemotes] No remotes found in the git config file
2026-05-19 11:01:13.763 [info] > git config --get commit.template [15ms]
2026-05-19 11:01:13.763 [info] > git for-each-ref --format=%(refname)%00%(upstream:short)%00%(objectname)%00%(upstream:track)%00%(upstream:remotename)%00%(upstream:remoteref) refs/heads/master refs/remotes/master [2ms]
2026-05-19 11:01:13.763 [warning] [Git][getBranch] No such branch: master
2026-05-19 11:01:13.788 [info] > git status -z -uall [13ms]
2026-05-19 11:01:13.788 [info] > git for-each-ref --sort -committerdate --format %(refname)%00%(objectname)%00%(*objectname) [2ms]
2026-05-19 11:01:19.861 [info] [Git][getRemotes] No remotes found in the git config file
2026-05-19 11:01:19.862 [info] > git config --get commit.template [10ms]
2026-05-19 11:01:19.862 [info] > git for-each-ref --format=%(refname)%00%(upstream:short)%00%(objectname)%00%(upstream:track)%00%(upstream:remotename)%00%(upstream:remoteref) refs/heads/master refs/remotes/master [1ms]
2026-05-19 11:01:19.863 [warning] [Git][getBranch] No such branch: master
2026-05-19 11:01:19.888 [info] > git status -z -uall [15ms]
2026-05-19 11:01:19.890 [info] > git for-each-ref --sort -committerdate --format %(refname)%00%(objectname)%00%(*objectname) [3ms]
2026-05-19 11:02:28.996 [info] [Git][getRemotes] No remotes found in the git config file
2026-05-19 11:02:28.999 [info] > git config --get commit.template [22ms]
2026-05-19 11:02:29.002 [info] > git for-each-ref --format=%(refname)%00%(upstream:short)%00%(objectname)%00%(upstream:track)%00%(upstream:remotename)%00%(upstream:remoteref) refs/heads/master refs/remotes/master [6ms]
2026-05-19 11:02:29.002 [warning] [Git][getBranch] No such branch: master
2026-05-19 11:02:29.023 [info] > git status -z -uall [11ms]
2026-05-19 11:02:29.024 [info] > git for-each-ref --sort -committerdate --format %(refname)%00%(objectname)%00%(*objectname) [2ms]
2026-05-19 11:02:34.284 [info] [Git][getRemotes] No remotes found in the git config file
2026-05-19 11:02:34.287 [info] > git for-each-ref --format=%(refname)%00%(upstream:short)%00%(objectname)%00%(upstream:track)%00%(upstream:remotename)%00%(upstream:remoteref) refs/heads/master refs/remotes/master [3ms]
2026-05-19 11:02:34.287 [warning] [Git][getBranch] No such branch: master
2026-05-19 11:02:34.287 [info] > git config --get commit.template [22ms]
2026-05-19 11:02:34.308 [info] > git status -z -uall [11ms]
2026-05-19 11:02:34.308 [info] > git for-each-ref --sort -committerdate --format %(refname)%00%(objectname)%00%(*objectname) [2ms]
2026-05-19 11:11:16.644 [info] [Git][getRemotes] No remotes found in the git config file
2026-05-19 11:11:16.647 [info] > git config --get commit.template [17ms]
2026-05-19 11:11:16.648 [info] > git for-each-ref --format=%(refname)%00%(upstream:short)%00%(objectname)%00%(upstream:track)%00%(upstream:remotename)%00%(upstream:remoteref) refs/heads/master refs/remotes/master [5ms]
2026-05-19 11:11:16.648 [warning] [Git][getBranch] No such branch: master
2026-05-19 11:11:16.670 [info] > git status -z -uall [12ms]
2026-05-19 11:11:16.670 [info] > git for-each-ref --sort -committerdate --format %(refname)%00%(objectname)%00%(*objectname) [2ms]
2026-05-19 11:11:31.118 [info] [Git][getRemotes] No remotes found in the git config file
2026-05-19 11:11:31.120 [info] > git config --get commit.template [17ms]
2026-05-19 11:11:31.120 [info] > git for-each-ref --format=%(refname)%00%(upstream:short)%00%(objectname)%00%(upstream:track)%00%(upstream:remotename)%00%(upstream:remoteref) refs/heads/master refs/remotes/master [3ms]
2026-05-19 11:11:31.120 [warning] [Git][getBranch] No such branch: master
2026-05-19 11:11:31.150 [info] > git status -z -uall [17ms]
2026-05-19 11:11:31.151 [info] > git for-each-ref --sort -committerdate --format %(refname)%00%(objectname)%00%(*objectname) [3ms]
2026-05-19 11:11:41.979 [info] > git config --get commit.template [11ms]
2026-05-19 11:11:41.989 [info] [Git][getRemotes] No remotes found in the git config file
2026-05-19 11:11:41.990 [info] > git for-each-ref --format=%(refname)%00%(upstream:short)%00%(objectname)%00%(upstream:track)%00%(upstream:remotename)%00%(upstream:remoteref) refs/heads/master refs/remotes/master [2ms]
2026-05-19 11:11:41.990 [warning] [Git][getBranch] No such branch: master
2026-05-19 11:11:42.008 [info] > git status -z -uall [9ms]
2026-05-19 11:11:42.009 [info] > git for-each-ref --sort -committerdate --format %(refname)%00%(objectname)%00%(*objectname) [2ms]
2026-05-19 11:11:53.847 [info] [Git][getRemotes] No remotes found in the git config file
2026-05-19 11:11:53.850 [info] > git for-each-ref --format=%(refname)%00%(upstream:short)%00%(objectname)%00%(upstream:track)%00%(upstream:remotename)%00%(upstream:remoteref) refs/heads/master refs/remotes/master [2ms]
2026-05-19 11:11:53.850 [warning] [Git][getBranch] No such branch: master
2026-05-19 11:11:53.850 [info] > git config --get commit.template [17ms]
2026-05-19 11:11:53.875 [info] > git status -z -uall [13ms]
2026-05-19 11:11:53.876 [info] > git for-each-ref --sort -committerdate --format %(refname)%00%(objectname)%00%(*objectname) [2ms]
2026-05-19 11:12:00.801 [info] [Git][getRemotes] No remotes found in the git config file
2026-05-19 11:12:00.803 [info] > git for-each-ref --format=%(refname)%00%(upstream:short)%00%(objectname)%00%(upstream:track)%00%(upstream:remotename)%00%(upstream:remoteref) refs/heads/master refs/remotes/master [2ms]
2026-05-19 11:12:00.803 [warning] [Git][getBranch] No such branch: master
2026-05-19 11:12:00.803 [info] > git config --get commit.template [17ms]
2026-05-19 11:12:00.824 [info] > git status -z -uall [9ms]
2026-05-19 11:12:00.825 [info] > git for-each-ref --sort -committerdate --format %(refname)%00%(objectname)%00%(*objectname) [1ms]
2026-05-19 11:21:57.788 [info] [Git][getRemotes] No remotes found in the git config file
2026-05-19 11:21:57.789 [info] > git config --get commit.template [20ms]
2026-05-19 11:21:57.796 [info] > git for-each-ref --format=%(refname)%00%(upstream:short)%00%(objectname)%00%(upstream:track)%00%(upstream:remotename)%00%(upstream:remoteref) refs/heads/master refs/remotes/master [8ms]
2026-05-19 11:21:57.796 [warning] [Git][getBranch] No such branch: master
2026-05-19 11:21:57.821 [info] > git status -z -uall [15ms]
2026-05-19 11:21:57.823 [info] > git for-each-ref --sort -committerdate --format %(refname)%00%(objectname)%00%(*objectname) [3ms]
2026-05-19 11:22:07.049 [info] [Git][getRemotes] No remotes found in the git config file
2026-05-19 11:22:07.053 [info] > git for-each-ref --format=%(refname)%00%(upstream:short)%00%(objectname)%00%(upstream:track)%00%(upstream:remotename)%00%(upstream:remoteref) refs/heads/master refs/remotes/master [4ms]
2026-05-19 11:22:07.053 [warning] [Git][getBranch] No such branch: master
2026-05-19 11:22:07.053 [info] > git config --get commit.template [21ms]
2026-05-19 11:22:07.077 [info] > git status -z -uall [13ms]
2026-05-19 11:22:07.077 [info] > git for-each-ref --sort -committerdate --format %(refname)%00%(objectname)%00%(*objectname) [4ms]
2026-05-19 11:22:12.103 [info] [Git][getRemotes] No remotes found in the git config file
2026-05-19 11:22:12.104 [info] > git config --get commit.template [9ms]
2026-05-19 11:22:12.104 [info] > git for-each-ref --format=%(refname)%00%(upstream:short)%00%(objectname)%00%(upstream:track)%00%(upstream:remotename)%00%(upstream:remoteref) refs/heads/master refs/remotes/master [1ms]
2026-05-19 11:22:12.104 [warning] [Git][getBranch] No such branch: master
2026-05-19 11:22:12.121 [info] > git status -z -uall [8ms]
2026-05-19 11:22:12.122 [info] > git for-each-ref --sort -committerdate --format %(refname)%00%(objectname)%00%(*objectname) [1ms]
2026-05-19 11:22:46.618 [info] > git config --get commit.template [1ms]
2026-05-19 11:22:46.631 [info] [Git][getRemotes] No remotes found in the git config file
2026-05-19 11:22:46.633 [info] > git for-each-ref --format=%(refname)%00%(upstream:short)%00%(objectname)%00%(upstream:track)%00%(upstream:remotename)%00%(upstream:remoteref) refs/heads/master refs/remotes/master [2ms]
2026-05-19 11:22:46.633 [warning] [Git][getBranch] No such branch: master
2026-05-19 11:22:46.654 [info] > git status -z -uall [10ms]
2026-05-19 11:22:46.655 [info] > git for-each-ref --sort -committerdate --format %(refname)%00%(objectname)%00%(*objectname) [2ms]
2026-05-19 11:22:51.676 [info] [Git][getRemotes] No remotes found in the git config file
2026-05-19 11:22:51.689 [info] > git config --get commit.template [14ms]
2026-05-19 11:22:51.689 [info] > git for-each-ref --format=%(refname)%00%(upstream:short)%00%(objectname)%00%(upstream:track)%00%(upstream:remotename)%00%(upstream:remoteref) refs/heads/master refs/remotes/master [2ms]
2026-05-19 11:22:51.689 [warning] [Git][getBranch] No such branch: master
2026-05-19 11:22:51.709 [info] > git status -z -uall [10ms]
2026-05-19 11:22:51.710 [info] > git for-each-ref --sort -committerdate --format %(refname)%00%(objectname)%00%(*objectname) [1ms]
2026-05-19 11:22:58.890 [info] [Git][getRemotes] No remotes found in the git config file
2026-05-19 11:22:58.891 [info] > git config --get commit.template [17ms]
2026-05-19 11:22:58.892 [info] > git for-each-ref --format=%(refname)%00%(upstream:short)%00%(objectname)%00%(upstream:track)%00%(upstream:remotename)%00%(upstream:remoteref) refs/heads/master refs/remotes/master [2ms]
2026-05-19 11:22:58.892 [warning] [Git][getBranch] No such branch: master
2026-05-19 11:22:58.914 [info] > git status -z -uall [10ms]
2026-05-19 11:22:58.915 [info] > git for-each-ref --sort -committerdate --format %(refname)%00%(objectname)%00%(*objectname) [1ms]
2026-05-19 11:23:48.846 [info] [Git][getRemotes] No remotes found in the git config file
2026-05-19 11:23:48.847 [info] > git config --get commit.template [16ms]
2026-05-19 11:23:48.848 [info] > git for-each-ref --format=%(refname)%00%(upstream:short)%00%(objectname)%00%(upstream:track)%00%(upstream:remotename)%00%(upstream:remoteref) refs/heads/master refs/remotes/master [3ms]
2026-05-19 11:23:48.848 [warning] [Git][getBranch] No such branch: master
2026-05-19 11:23:48.869 [info] > git status -z -uall [10ms]
2026-05-19 11:23:48.870 [info] > git for-each-ref --sort -committerdate --format %(refname)%00%(objectname)%00%(*objectname) [2ms]
2026-05-19 11:24:24.381 [info] [Git][getRemotes] No remotes found in the git config file
2026-05-19 11:24:24.381 [info] > git config --get commit.template [14ms]
2026-05-19 11:24:24.382 [info] > git for-each-ref --format=%(refname)%00%(upstream:short)%00%(objectname)%00%(upstream:track)%00%(upstream:remotename)%00%(upstream:remoteref) refs/heads/master refs/remotes/master [2ms]
2026-05-19 11:24:24.382 [warning] [Git][getBranch] No such branch: master
2026-05-19 11:24:24.401 [info] > git status -z -uall [9ms]
2026-05-19 11:24:24.402 [info] > git for-each-ref --sort -committerdate --format %(refname)%00%(objectname)%00%(*objectname) [1ms]
2026-05-19 11:24:40.831 [info] [Git][getRemotes] No remotes found in the git config file
2026-05-19 11:24:40.847 [info] > git config --get commit.template [18ms]
2026-05-19 11:24:40.847 [info] > git for-each-ref --format=%(refname)%00%(upstream:short)%00%(objectname)%00%(upstream:track)%00%(upstream:remotename)%00%(upstream:remoteref) refs/heads/master refs/remotes/master [1ms]
2026-05-19 11:24:40.847 [warning] [Git][getBranch] No such branch: master
2026-05-19 11:24:40.869 [info] > git status -z -uall [12ms]
2026-05-19 11:24:40.870 [info] > git for-each-ref --sort -committerdate --format %(refname)%00%(objectname)%00%(*objectname) [3ms]
2026-05-19 11:25:02.479 [info] [Git][getRemotes] No remotes found in the git config file
2026-05-19 11:25:02.480 [info] > git config --get commit.template [13ms]
2026-05-19 11:25:02.480 [info] > git for-each-ref --format=%(refname)%00%(upstream:short)%00%(objectname)%00%(upstream:track)%00%(upstream:remotename)%00%(upstream:remoteref) refs/heads/master refs/remotes/master [2ms]
2026-05-19 11:25:02.480 [warning] [Git][getBranch] No such branch: master
2026-05-19 11:25:02.501 [info] > git status -z -uall [10ms]
2026-05-19 11:25:02.501 [info] > git for-each-ref --sort -committerdate --format %(refname)%00%(objectname)%00%(*objectname) [1ms]
2026-05-19 11:25:07.530 [info] [Git][getRemotes] No remotes found in the git config file
2026-05-19 11:25:07.531 [info] > git config --get commit.template [13ms]
2026-05-19 11:25:07.531 [info] > git for-each-ref --format=%(refname)%00%(upstream:short)%00%(objectname)%00%(upstream:track)%00%(upstream:remotename)%00%(upstream:remoteref) refs/heads/master refs/remotes/master [1ms]
2026-05-19 11:25:07.531 [warning] [Git][getBranch] No such branch: master
2026-05-19 11:25:07.551 [info] > git status -z -uall [10ms]
2026-05-19 11:25:07.552 [info] > git for-each-ref --sort -committerdate --format %(refname)%00%(objectname)%00%(*objectname) [2ms]
2026-05-19 11:25:28.733 [info] [Git][getRemotes] No remotes found in the git config file
2026-05-19 11:25:28.736 [info] > git for-each-ref --format=%(refname)%00%(upstream:short)%00%(objectname)%00%(upstream:track)%00%(upstream:remotename)%00%(upstream:remoteref) refs/heads/master refs/remotes/master [3ms]
2026-05-19 11:25:28.736 [warning] [Git][getBranch] No such branch: master
2026-05-19 11:25:28.736 [info] > git config --get commit.template [19ms]
2026-05-19 11:25:28.761 [info] > git status -z -uall [13ms]
2026-05-19 11:25:28.762 [info] > git for-each-ref --sort -committerdate --format %(refname)%00%(objectname)%00%(*objectname) [2ms]
2026-05-19 11:25:46.441 [info] [Git][getRemotes] No remotes found in the git config file
2026-05-19 11:25:46.442 [info] > git config --get commit.template [16ms]
2026-05-19 11:25:46.444 [info] > git for-each-ref --format=%(refname)%00%(upstream:short)%00%(objectname)%00%(upstream:track)%00%(upstream:remotename)%00%(upstream:remoteref) refs/heads/master refs/remotes/master [3ms]
2026-05-19 11:25:46.444 [warning] [Git][getBranch] No such branch: master
2026-05-19 11:25:46.473 [info] > git status -z -uall [16ms]
2026-05-19 11:25:46.474 [info] > git for-each-ref --sort -committerdate --format %(refname)%00%(objectname)%00%(*objectname) [3ms]
2026-05-19 11:25:52.335 [info] > git config --get commit.template [1ms]
2026-05-19 11:25:52.347 [info] [Git][getRemotes] No remotes found in the git config file
2026-05-19 11:25:52.349 [info] > git for-each-ref --format=%(refname)%00%(upstream:short)%00%(objectname)%00%(upstream:track)%00%(upstream:remotename)%00%(upstream:remoteref) refs/heads/master refs/remotes/master [2ms]
2026-05-19 11:25:52.349 [warning] [Git][getBranch] No such branch: master
2026-05-19 11:25:52.369 [info] > git status -z -uall [10ms]
2026-05-19 11:25:52.370 [info] > git for-each-ref --sort -committerdate --format %(refname)%00%(objectname)%00%(*objectname) [2ms]
2026-05-19 11:26:39.009 [info] [Git][getRemotes] No remotes found in the git config file
2026-05-19 11:26:39.011 [info] > git config --get commit.template [14ms]
2026-05-19 11:26:39.011 [info] > git for-each-ref --format=%(refname)%00%(upstream:short)%00%(objectname)%00%(upstream:track)%00%(upstream:remotename)%00%(upstream:remoteref) refs/heads/master refs/remotes/master [2ms]
2026-05-19 11:26:39.011 [warning] [Git][getBranch] No such branch: master
2026-05-19 11:26:39.033 [info] > git status -z -uall [10ms]
2026-05-19 11:26:39.033 [info] > git for-each-ref --sort -committerdate --format %(refname)%00%(objectname)%00%(*objectname) [1ms]
2026-05-19 11:27:15.038 [info] [Git][getRemotes] No remotes found in the git config file
2026-05-19 11:27:15.039 [info] > git config --get commit.template [18ms]
2026-05-19 11:27:15.041 [info] > git for-each-ref --format=%(refname)%00%(upstream:short)%00%(objectname)%00%(upstream:track)%00%(upstream:remotename)%00%(upstream:remoteref) refs/heads/master refs/remotes/master [3ms]
2026-05-19 11:27:15.041 [warning] [Git][getBranch] No such branch: master
2026-05-19 11:27:15.073 [info] > git status -z -uall [18ms]
2026-05-19 11:27:15.073 [info] > git for-each-ref --sort -committerdate --format %(refname)%00%(objectname)%00%(*objectname) [3ms]
2026-05-19 11:30:08.605 [info] [Git][getRemotes] No remotes found in the git config file
2026-05-19 11:30:08.616 [info] > git config --get commit.template [35ms]
2026-05-19 11:30:08.630 [info] > git for-each-ref --format=%(refname)%00%(upstream:short)%00%(objectname)%00%(upstream:track)%00%(upstream:remotename)%00%(upstream:remoteref) refs/heads/master refs/remotes/master [26ms]
2026-05-19 11:30:08.631 [warning] [Git][getBranch] No such branch: master
2026-05-19 11:30:08.708 [info] > git status -z -uall [35ms]
2026-05-19 11:30:08.708 [info] > git for-each-ref --sort -committerdate --format %(refname)%00%(objectname)%00%(*objectname) [7ms]
2026-05-19 11:30:13.744 [info] [Git][getRemotes] No remotes found in the git config file
2026-05-19 11:30:13.745 [info] > git config --get commit.template [15ms]
2026-05-19 11:30:13.746 [info] > git for-each-ref --format=%(refname)%00%(upstream:short)%00%(objectname)%00%(upstream:track)%00%(upstream:remotename)%00%(upstream:remoteref) refs/heads/master refs/remotes/master [2ms]
2026-05-19 11:30:13.746 [warning] [Git][getBranch] No such branch: master
2026-05-19 11:30:13.765 [info] > git status -z -uall [9ms]
2026-05-19 11:30:13.766 [info] > git for-each-ref --sort -committerdate --format %(refname)%00%(objectname)%00%(*objectname) [1ms]
2026-05-19 11:30:18.798 [info] [Git][getRemotes] No remotes found in the git config file
2026-05-19 11:30:18.799 [info] > git config --get commit.template [15ms]
2026-05-19 11:30:18.799 [info] > git for-each-ref --format=%(refname)%00%(upstream:short)%00%(objectname)%00%(upstream:track)%00%(upstream:remotename)%00%(upstream:remoteref) refs/heads/master refs/remotes/master [1ms]
2026-05-19 11:30:18.799 [warning] [Git][getBranch] No such branch: master
2026-05-19 11:30:18.825 [info] > git status -z -uall [14ms]
2026-05-19 11:30:18.826 [info] > git for-each-ref --sort -committerdate --format %(refname)%00%(objectname)%00%(*objectname) [1ms]
2026-05-19 11:31:48.769 [info] [Git][getRemotes] No remotes found in the git config file
2026-05-19 11:31:48.772 [info] > git config --get commit.template [19ms]
2026-05-19 11:31:48.773 [info] > git for-each-ref --format=%(refname)%00%(upstream:short)%00%(objectname)%00%(upstream:track)%00%(upstream:remotename)%00%(upstream:remoteref) refs/heads/master refs/remotes/master [5ms]
2026-05-19 11:31:48.773 [warning] [Git][getBranch] No such branch: master
2026-05-19 11:31:48.794 [info] > git status -z -uall [10ms]
2026-05-19 11:31:48.794 [info] > git for-each-ref --sort -committerdate --format %(refname)%00%(objectname)%00%(*objectname) [1ms]
